title,authors,publisher,year,rating,ratings_count,pages,domain,tags,framework_ref,categories,isbn,url,summary,source,collected_at
Working with Emotional Intelligence,Daniel Goleman,Bantam,2000,5,1,402,Professional Effectiveness,career|performance|success,goleman,Business & Economics,9780553378580,http://books.google.com/books?id=0Zzcd8k6TNEC&dq=emotional+intelligence&hl=&as_pt=BOOKS&source=gbs_api,"Do you have what it takes to succeed in your career? The secret of success is not what they taught you in school. What matters most is not IQ, not a business school degree, not even technical know-how or years of expertise. The single most important factor in job performance and advancement is emotional intelligence. Emotional intelligence is actually a set of skills that anyone can acquire, and in this practical guide, Daniel Goleman identifies them, explains their importance, and shows how the",Google Books,2026-08-30
The Educator's Guide to Emotional Intelligence and Academic Achievement,"Maurice J. Elias, Harriett Arnold",Corwin Press,2006,5,1,297,Professional Effectiveness,professional-development|success|achievement,goleman,Education,9781412914819,http://books.google.com/books?id=FKcGe7ivEOEC&dq=emotional+intelligence&hl=&as_pt=BOOKS&source=gbs_api,"Tap the power of emotional intelligence and watch school-wide achievement soar!""Bringing all this information together in one spot is quite a contribution. There isn′t too much research or theory here, but lots of emphasis on ′What can I do on Monday?′"" -David A. Squires, Associate Professor, Southern Connecticut State University""I highlighted at least two dozen specific ideas that I will implement in my classroom next year."" -Steve Reifman, Teacher, Santa Monica-Malibu Unified School District, ",Google Books,2026-08-30
"Emotional Intelligence : 21 Effective Tips To Boost Your EQ (A Practical Guide To Mastering Emotions, Improving Social Skills & Fulfilling Relationships For A Happy And Successful Life )",Alison L. Alverson,Alison L. Alverson,2019,5,1,67,Self-Management,motivation|self-regulation,goleman,Self-Help,,https://play.google.com/store/books/details?id=0ibfDwAAQBAJ&source=gbs_api,"If you want to fulfill your emotional potential and create a content life full of strong and rewarding relationships, then keep reading … Have you ever found yourself doing or saying something in the heat of the moment that you later regretted? Perhaps you laid awake all night wondering why you had spoken or acted in this way. Can you recall more than one occasion where you lost control of yourself and it felt as if something else had taken over you? Don't worry. You're not alone. The thing that",Google Books,2026-08-30
Emotional Intelligence in Everyday Life,"Joseph Ciarrochi, Joseph P. Forgas, John D. Mayer",Psychology Press,2013,5,2,313,Professional Effectiveness,success,goleman,Psychology,9781135205645,https://play.google.com/store/books/details?id=WV1TAQAAQBAJ&source=gbs_api,"Since the release of the very successful first edition in 2001, the field of emotional intelligence has grown in sophistication and importance. Many new and talented researchers have come into the field and techniques in EI measurement have dramatically increased so that we now know much more about the distinctiveness and utility of the different EI measures. There has also been a dramatic upswing in research that looks at how to teach EI in schools, organizations, and families. In this second e",Google Books,2026-08-30
Working With Emotional Intelligence,Daniel Goleman,Bantam,2011,5,1,388,Professional Effectiveness,career|performance|success,goleman,Business & Economics,9780553903218,https://play.google.com/store/books/details?id=9nuVVzkblNgC&source=gbs_api,"Do you have what it takes to succeed in your career? The secret of success is not what they taught you in school. What matters most is not IQ, not a business school degree, not even technical know-how or years of expertise. The single most important factor in job performance and advancement is emotional intelligence. Emotional intelligence is actually a set of skills that anyone can acquire, and in this practical guide, Daniel Goleman identifies them, explains their importance, and shows how the",Google Books,2026-08-30
Concise Encyclopedia of Special Education,"Cecil R. Reynolds, Elaine Fletcher-Janzen",John Wiley & Sons,2004,5,1,1082,Professional Effectiveness,achievement,none,Education,9780471232186,https://play.google.com/store/books/details?id=u4uzPlgcWpsC&source=gbs_api,"The Concise Encyclopedia of Special Education, Second Edition is a comprehensive resource for those working in the fields of special education research and practice. Featuring reviews of assessment instruments and teaching approaches, legal issues, overviews of specific learning disabilities, dozens of biographies, and more, this complete desk reference is an indispensable guide for professionals, academics, and students alike. Named an American Library Association Top 25 Reference of the Year i",Google Books,2026-08-30
Interpersonal Skills in Organisations,"Suzanne C. De Janasz, Joanna Crossman, Nadine Campbell, Mary Power, Karen Dowd, Beth Schneider",,2014,5,1,510,Relationship Management,coaching|leadership|feedback,none,Communication in organizations,9781743071540,http://books.google.com/books?id=NENFngEACAAJ&dq=interpersonal+skills+professional&hl=&as_pt=BOOKS&source=gbs_api,"De Janasz provides a fresh and contemporary introduction to the skills necessary for personal and managerial success in organisations today. Suitable for all student audiences, De Janasz provides a range of Australian examples and references from diverse organisations to ensure a relevant and engaging cultural context for students. Packed with exercises, cases, group activities, and online activities it is the ideal choice for instructors who want to employ an experiential and hands-on approach ",Google Books,2026-08-30
Management,Arthur G. Bedeian,,1993,5,1,780,Uncategorised,,none,Business & Economics,,http://books.google.com/books?id=N_bsAAAAMAAJ&dq=people+skills+work&hl=&as_pt=BOOKS&source=gbs_api,,Google Books,2026-08-30
Why Am I Afraid to Tell You who I Am?,John Powell,Zondervan,1999,5,1,116,Self-Awareness,self-awareness,none,Family & Relationships,9780006281054,http://books.google.com/books?id=A-JKPKkwjXIC&dq=self+awareness+personal+growth&hl=&as_pt=BOOKS&source=gbs_api,"Insights on self-awareness, personal growth and communication with others from the best-selling author of Why Am I Afraid to Love? New edition including a fresh new internal design. Why do people continually hide their real selves from the people around them? Why are so many so insecure and afraid to open up? The answer, explains John Powell is that maturity as people is reached by communicating and interacting with others. The problem this book considers is what happens to our real selves if no",Google Books,2026-08-30
Patient-centered Medicine,Moira Stewart,Radcliffe Publishing,2003,5,4,380,Uncategorised,,none,Medical,9781857759815,http://books.google.com/books?id=qnfytcp9neUC&dq=self+awareness+personal+growth&hl=&as_pt=BOOKS&source=gbs_api,"Divided into four parts, this volume comprehensively covers the evolution of patient-centered care, the six interactive components of the patient-centered clinical method, teaching and learning, and research including findings and reviews. It explains the basis and development of the clinical method.",Google Books,2026-08-30
The Global Business of Coaching,"David Lines, Christina Evans",Routledge,2020,5,1,223,Relationship Management,coaching|mentoring|leadership,none,Business & Economics,9780429884917,https://play.google.com/store/books/details?id=nOreDwAAQBAJ&source=gbs_api,"Coaching has become a global business phenomenon, yet the way that coaching has evolved and spread across the globe is not unproblematic. Some of these challenges include: different types/genres of coaching; understanding and relevance of different coaching philosophies and models in different cultural contexts; equivalency of qualifications and coach credentials, as well as questions over standards and governance, as part of a wider debate around professionalization. Coaching then, as with the ",Google Books,2026-08-30
Leadership for Health Professionals,"Ledlow, James H. Stephens",Jones & Bartlett Learning,2017,5,1,532,Relationship Management,leadership,none,Business & Economics,9781284109412,http://books.google.com/books?id=Lx8CDgAAQBAJ&dq=coaching+mentoring+leadership&hl=&as_pt=BOOKS&source=gbs_api,"Leadership for Health Professionals, Third Edition is the first textbook of its kind to apply classical knowledge of leadership theory and time-honored best practices of industry leaders to a health organization context. This comprehensive and well-organized text is grounded in real-world applications of theoretical concepts, and focuses on practical examples of leadership in actual healthcare scenarios.",Google Books,2026-08-30
"Crucial Conversations Tools for Talking When Stakes Are High, Second Edition","Kerry Patterson, Joseph Grenny, Ron McMillan, Al Switzler",McGraw Hill Professional,2011,5,1,256,Communication,crucial-conversations|conversation,none,Business & Economics,9780071784948,https://play.google.com/store/books/details?id=KPIdif2ZRmsC&source=gbs_api,"Learn to communicate best when it matters most; 16 exclusive videos demonstrating crucial conversation techniques show you how! The classic guide to conversing in high-impact situations, Crucial Conversations helps you get constructive results when emotions run high and opinions vary, in the workplace and beyond. It explains how to: Transform negative feelings into powerful dialog Make it safe to talk about almost anything Be persuasive, not abrasive Improve professional and personal relationshi",Google Books,2026-08-30
Persuasion,Jasper Kim,Routledge,2018,5,3,127,Relationship Management,influence|persuasion,none,Social Science,9781351113694,https://play.google.com/store/books/details?id=mnlTDwAAQBAJ&source=gbs_api,"Persuasion: The Hidden Forces That Influence Negotiations represents the first book of its kind to package and present persuasion principles in an innovative, international, and interdisciplinary fashion. This easy-to-understand book is the culmination of seminal research findings spanning across decades and disciplines – psychology, philosophy, negotiations, decision-making, logic, law, and economics, among others – from esteemed experts around the world. Persuasion provides a series of short, ",Google Books,2026-08-30
Let the Story Do the Work,Esther K. Choy,AMACOM,2017,5,1,258,Relationship Management,leadership|relationship,none,Business & Economics,9780814438022,https://play.google.com/store/books/details?id=3BEqDwAAQBAJ&source=gbs_api,"People forget facts, but they never forget a good story. Let the Story Do the Work shows how the art of storytelling is key for any business to achieve success. For most, there’s nothing easy about crafting a memorable story, let alone linking it to professional goals. However, material for stories and anecdotes that can be used for your professional success already surround you. To get people interested in and convinced by what you are saying, you need to tell an interesting story. As the Found",Google Books,2026-08-30
Understanding Ethics and Ethical Decision-Making,Vincent Icheku,Xlibris Corporation,2011,5,1,185,Thinking & Deciding,decision-making|ethics,none,Philosophy,9781465351319,https://play.google.com/store/books/details?id=NOE29wMic-QC&source=gbs_api,"This book has been about ethics and ethical decision making. As ethical refl ection permeates every decision made in practice, the book discussed the importance of developing moral reasoning ability, which is crucial for handling ethical dilemma and making ethical decisions in nursing and social work practice. The book encouraged the use of models as another form of ethical decision-making paradigms. The book used discussions based on case studies to illustrate how ethics inform practice and all",Google Books,2026-08-30
Creative Problem Solving for Managers,Tony Proctor,Routledge,2014,5,1,445,Thinking & Deciding,creative-thinking|creativity|problem-solving,none,Business & Economics,9781134685813,http://books.google.com/books?id=6Ew3AgAAQBAJ&dq=creative+thinking+innovation&hl=&as_pt=BOOKS&source=gbs_api,"Stimulating and developing the creative potential of all members of an organization (not just those in the more traditionally creative functions such as design or research and development) is widely seen as contributing to performance and results. This textbook introduces ideas, skills and models to help students understanding how creative thinking can aid problem-solving. The latest edition of this well-regarded book brings the story up to date whilst retaining popular features such as case stu",Google Books,2026-08-30
An Introduction to General Systems Thinking,Gerald M. Weinberg,"Dorset House Publishing Company, Incorporated",2001,5,2,308,Thinking & Deciding,systems-thinking,none,Business & Economics,9780932633491,http://books.google.com/books?id=eU9gDxt9X0wC&dq=systems+thinking&hl=&as_pt=BOOKS&source=gbs_api,"A classic introduction to systems theory, with applications in computer science and beyond. -- Back cover.",Google Books,2026-08-30
The Systems Thinking Playbook,"Linda Booth Sweeney, Dennis Meadows",Chelsea Green Publishing,2010,5,1,258,Thinking & Deciding,systems-thinking,none,Business & Economics,9781603582582,http://books.google.com/books?id=rNSNtQ8cPYUC&dq=systems+thinking&hl=&as_pt=BOOKS&source=gbs_api,DVD contains videos illustrating good practice in introducing and running 30 games.,Google Books,2026-08-30
Psychology of Intelligence Analysis,Richards J. Heuer,Lulu.com,1999,5,2,213,Uncategorised,,none,Psychology,9780160590351,http://books.google.com/books?id=NWwkQoHlsCcC&dq=cognitive+bias+judgment&hl=&as_pt=BOOKS&source=gbs_api,,Google Books,2026-08-30
Time Management (The Brian Tracy Success Library),Brian Tracy,AMACOM,2014,5,1,113,Professional Effectiveness,time-management|focus|success,none,Business & Economics,9780814433447,https://play.google.com/store/books/details?id=tOFeAgAAQBAJ&source=gbs_api,"It’s a simple equation: the better you use your time, the more you will accomplish and the greater you will succeed. Imagine what you could accomplish with two more productive hours every single day. In this indispensable, pocket-sized guide, business author and success expert Brian Tracy reveals 21 proven time management techniques you can use immediately to gain two or more productive hours every day. Tracy also identifies and shares the strategies he’s learned himself has identified as the mo",Google Books,2026-08-30
Leadership and Management in Nursing,Anita Ward Finkelman,Prentice Hall,2006,5,1,580,Relationship Management,leadership,none,Business & Economics,,http://books.google.com/books?id=4T1tAAAAMAAJ&dq=time+management+effectiveness&hl=&as_pt=BOOKS&source=gbs_api,"A first of its kind, this ground-breaking book combines print and interactive resources that provide nursing students with the most effective learning experiences. Leadership in Nursing consists of chapters that emphasize interactive learning by interweaving internet-based activities to encourage student involvement and critical thinking. Leadership in Nursing: Principles and Practices is the first resource that combines the most up-to-date leadership and management content with interactive, app",Google Books,2026-08-30
Emotional Intelligence,"Peter Salovey, Marc A. Brackett, John D. Mayer",National Professional Resources Inc./Dude Publishing,2004,4.5,4,352,Uncategorised,,goleman,Psychology,9781887943727,http://books.google.com/books?id=YVKmxr_D7yQC&dq=emotional+quotient&hl=&as_pt=BOOKS&source=gbs_api,Bool of readings collected by cd-founders of emotional intelligence introduces theory measurement & applications of.,Google Books,2026-08-30
Emotional Intelligence,Daniel Goleman,Bloomsbury Publishing,1996,4.5,3,351,Uncategorised,,goleman,"Body, Mind & Spirit",9780747528302,http://books.google.com/books?id=AcJ7dwsnWiIC&dq=emotional+quotient&hl=&as_pt=BOOKS&source=gbs_api,Daniel Goleman offers a vital new curriculum for life that can change the future for us and for our children,Google Books,2026-08-30
Thinking in Systems,Donella Meadows,Chelsea Green Publishing,2008,4.5,4,242,Thinking & Deciding,problem-solving|systems-thinking,none,Business & Economics,9781603581486,https://play.google.com/store/books/details?id=JSgOSP1qklUC&source=gbs_api,"The classic book on systems thinking—with more than half a million copies sold worldwide! “This is a fabulous book… This book opened my mind and reshaped the way I think about investing.”—Forbes “A modern classic”—The New Yorker In the years following her role as the lead author of the international bestseller, Limits to Growth—the first book to show the consequences of unchecked growth on a finite planet—Donella Meadows remained a pioneer of environmental and social analysis until her untimely ",Google Books,2026-08-30
Emotional Intelligence,Daniel Goleman,Bantam,2012,4,6,386,Self-Awareness,self-awareness,goleman,Self-Help,9780553903201,https://play.google.com/store/books/details?id=OgXxhmGiRB0C&source=gbs_api,"#1 BESTSELLER • The groundbreaking book that redefines what it means to be smart, with a new introduction by the author “A thoughtfully written, persuasive account explaining emotional intelligence and why it can be crucial.”—USA Today Everyone knows that high IQ is no guarantee of success, happiness, or virtue, but until Emotional Intelligence, we could only guess why. Daniel Goleman's brilliant report from the frontiers of psychology and neuroscience offers startling new insight into our “two ",Google Books,2026-08-30
Understanding and Managing Risk Attitude,"David Hillson, Ruth Murray-Webster","Gower Publishing, Ltd.",2005,4,1,212,Uncategorised,,none,Business & Economics,9780566086274,http://books.google.com/books?id=bKvNHPSe_VMC&dq=emotional+literacy&hl=&as_pt=BOOKS&source=gbs_api,"Risk assessment, Risk analysis, Management, People, Enterprises, Quality and Management",Google Books,2026-08-30
Mindset,Carol S. Dweck,Random House,2006,4,13,322,Self-Management,resilience|growth-mindset,none,Psychology,9781400062751,http://books.google.com/books?id=fT6U0Ee7_kQC&dq=growth+mindset&hl=&as_pt=BOOKS&source=gbs_api,"From the renowned psychologist who introduced the world to “growth mindset” comes this updated edition of the million-copy bestseller—featuring transformative insights into redefining success, building lifelong resilience, and supercharging self-improvement. “Through clever research studies and engaging writing, Dweck illuminates how our beliefs about our capabilities exert tremendous influence on how we learn and which paths we take in life.”—Bill Gates, GatesNotes “It’s not always the people w",Google Books,2026-08-30
Virtual Teams That Work,"Cristina B. Gibson, Susan G. Cohen",John Wiley & Sons,2003,4,1,464,Professional Effectiveness,performance|focus,none,Business & Economics,9780787965693,https://play.google.com/store/books/details?id=Skly8bshKoEC&source=gbs_api,"Virtual Teams That Work offers a much-needed, comprehensive guidebook for business leaders and managers who want to create the organizational conditions that will help virtual teams thrive. Each chapter in this important book focuses on best practices and includes case studies and illustrative examples from a wide variety of companies, including British Petroleum, Lucent Technologies, Ramtech, SoftCo, and Whirlpool Corporation. These real-life examples demonstrate how the principles identified i",Google Books,2026-08-30
Crucial Conversations: Tools for Talking When Stakes are High,"Kerry Patterson, Joseph Grenny, Ron McMillan, Al Switzler",McGraw Hill Professional,2002,4,28,260,Communication,difficult-conversations|crucial-conversations|conversation,none,Self-Help,9780071415835,http://books.google.com/books?id=7X3JPMMPqYMC&dq=crucial+conversations+difficult&hl=&as_pt=BOOKS&source=gbs_api,"Foreword by Stephen R. Covey, Author of The 7 Habits of Highly Effective People A PAPERBACK ORIGINAL ""Most books make promises. This one delivers. These skills have not only helped us to change the culture of our company, but have also generated new techniques for working together in ways that enabled us to win the largest contract in our industry's history.""--Dain M. Hancock, President, Lockheed Martin Aeronautics A powerful, seven-step approach to handling difficult conversations with confiden",Google Books,2026-08-30
Difficult Conversations,"Douglas Stone, Bruce Patton, Sheila Heen",Penguin,2010,4,1,351,Communication,negotiation|difficult-conversations|conversation,none,Psychology,9780143118442,http://books.google.com/books?id=UEOLDQAAQBAJ&dq=crucial+conversations+difficult&hl=&as_pt=BOOKS&source=gbs_api,"The 10th-anniversary edition of the New York Times business bestseller-now updated with ""Answers to Ten Questions People Ask"" We attempt or avoid difficult conversations every day-whether dealing with an underperforming employee, disagreeing with a spouse, or negotiating with a client. From the Harvard Negotiation Project, the organization that brought you Getting to Yes, Difficult Conversations provides a step-by-step approach to having those tough conversations with less stress and more succes",Google Books,2026-08-30
Thinking Skills,"John Butterworth, Geoff Thwaites",Cambridge University Press,2013,4,1,353,Uncategorised,,none,Business & Economics,9781107606302,http://books.google.com/books?id=o_NjrgmT_loC&dq=critical+thinking+problem+solving&hl=&as_pt=BOOKS&source=gbs_api,"Thinking Skills, second edition, is the only endorsed book offering complete coverage of the Cambridge International AS and A Level syllabus.",Google Books,2026-08-30
Heuristics and Biases,"Thomas Gilovich, Dale Griffin, Daniel Kahneman",Cambridge University Press,2002,4,5,884,Thinking & Deciding,judgment|bias,none,Education,9780521796798,http://books.google.com/books?id=FfTVDY-zrCoC&dq=cognitive+bias+judgment&hl=&as_pt=BOOKS&source=gbs_api,"This book, first published in 2002, compiles psychologists' best attempts to answer important questions about intuitive judgment.",Google Books,2026-08-30
Judgment Under Uncertainty,"Daniel Kahneman, Paul Slovic, Amos Tversky",Cambridge University Press,1982,4,7,574,Thinking & Deciding,judgment|bias,none,Psychology,9780521284141,http://books.google.com/books?id=_0H8gwj4a1MC&dq=cognitive+bias+judgment&hl=&as_pt=BOOKS&source=gbs_api,"Thirty-five chapters describe various judgmental heuristics and the biases they produce, not only in laboratory experiments, but in important social, medical, and political situations as well. Most review multiple studies or entire subareas rather than describing single experimental studies.",Google Books,2026-08-30
Deep Work,Cal Newport,Grand Central Publishing,2016,4,5,229,Professional Effectiveness,productivity|focus|deep-work,none,Business & Economics,9781455586660,https://play.google.com/store/books/details?id=4QTzCAAAQBAJ&source=gbs_api,"Millions of copies sold! The bestselling modern classic that sparked a worldwide conversation about the value of concentration—and the true costs of fractured attention. “I’m handing you the answer to the overwhelm you feel, and his name is Dr. Cal Newport.” —Mel Robbins, The Mel Robbins Podcast, author of New York Times bestsellingThe Let Them Theory Deep Work— the ability to focus without distraction on cognitively demanding tasks—is one of the most important abilities you can cultivate in our",Google Books,2026-08-30
"Principles and Practice of Stress Management, Third Edition","Paul M. Lehrer, Robert L. Woolfolk, Wesley E. Sime",Guilford Press,2007,3.5,2,753,Thinking & Deciding,logic|cognitive,none,Psychology,9781606238288,http://books.google.com/books?id=T-hUvwUNjvUC&dq=mindfulness+meditation&hl=&as_pt=BOOKS&source=gbs_api,"Structured for optimal use as a clinical reference and text, this comprehensive work reviews effective stress management techniques and their applications for treating psychological problems and enhancing physical health and performance. Leading experts present in-depth descriptions of progressive relaxation, hypnosis, biofeedback, meditation, cognitive methods, and other therapies. Tightly edited chapters examine each method's theoretical and empirical underpinnings and provide step-by-step gui",Google Books,2026-08-30
Career Development and Counseling,"Steven D. Brown, Robert W. Lent",John Wiley & Sons,2004,3.5,4,698,Professional Effectiveness,career|performance|focus|success,none,Business & Economics,9780471684879,http://books.google.com/books?id=4IdbmX4pDpkC&dq=career+development+professional&hl=&as_pt=BOOKS&source=gbs_api,"""This is a must-have for any researcher in vocational psychology or career counseling, or anyone who wishes to understand the empirical underpinnings of the practice of career counseling."" -Mark Pope, EdD College of Education, University of Missouri - St. Louis past president of the American Counseling Association Today's career development professional must choose from a wide array of theories and practices in order to provide services for a diverse range of clients. Career Development and Coun",Google Books,2026-08-30
Mindset,Carol Dweck,Hachette UK,2012,3,1,203,Self-Management,resilience|growth-mindset,none,Psychology,9781780333939,http://books.google.com/books?id=R0-eBAAAQBAJ&dq=growth+mindset&hl=&as_pt=BOOKS&source=gbs_api,"World-renowned Stanford University psychologist Carol Dweck, in decades of research on achievement and success, has discovered a truly groundbreaking idea-the power of our mindset. Dweck explains why it's not just our abilities and talent that bring us success-but whether we approach them with a fixed or growth mindset. She makes clear why praising intelligence and ability doesn't foster self-esteem and lead to accomplishment, but may actually jeopardize success. With the right mindset, we can m",Google Books,2026-08-30
"Teamwork, Leadership and Communication","Deborah Lake, Krista Baerg, Teresa Paslawski",Brush Education,2015,3,1,118,Relationship Management,conflict-management|teamwork|collaboration|leadership,none,Medical,9781550596434,https://play.google.com/store/books/details?id=AzotCgAAQBAJ&source=gbs_api,"This practical, straightforward guide presents the basic skills, attitudes, and knowledge needed for successful interprofessional collaboration in healthcare. Collaboration is fundamental to quality healthcare, and many regulatory bodies and accrediting agencies now have standards and benchmarks for interprofessional collaboration. This guide brings together in one volume basic collaboration competencies for healthcare professionals. Teamwork, Leadership and Communication serves both as an intro",Google Books,2026-08-30
Motivate Like a CEO: Communicate Your Strategic Vision and Inspire People to Act!,Suzanne Bates,McGraw Hill Professional,2009,3,1,289,Relationship Management,influence|leadership,none,Business & Economics,9780071641845,https://play.google.com/store/books/details?id=aFIEJDBAV9cC&source=gbs_api,"“An exciting read, you won’t want to put Motivate Like a CEO down until you’ve mastered all of its secrets!” Marshall Goldsmith, New York Times bestselling author of What Got You Here Won’t Get You There ""Motivated leaders are rare, yet everyone seeks to become one. The greatness of this book is that it breaks down the process by giving you the ideas and the tools to motivate and inspire yourself first, and then others second. If you’re in a leadership position or hoping to get to the next level",Google Books,2026-08-30
The Non-Obvious Guide to Emotional Intelligence (You Can Actually Use),Kerry Goyette,IdeaPress Publishing,2019,2,1,0,Uncategorised,,goleman,Business & Economics,9781940858913,http://books.google.com/books?id=hlVmxAEACAAJ&dq=emotional+intelligence&hl=&as_pt=BOOKS&source=gbs_api,"""Like having coffee with an expert""--Cover.",Google Books,2026-08-30
The Handbook of Communication Skills,Owen Hargie,Psychology Press,1997,2,3,526,Communication,communication,none,Language Arts & Disciplines,9780415123266,http://books.google.com/books?id=IVSxsljxndsC&dq=interpersonal+skills+professional&hl=&as_pt=BOOKS&source=gbs_api,This fully revised 2nd ed. is intended as a comprehensive volume on the subject of psychology & has contributions from world leaders in their particular fields. It will be of interest to a wide range of people including researchers & students.,Google Books,2026-08-30
Effective Communication Skills for Health Professionals,Philip Burnard,Nelson Thornes,1997,1,1,286,Communication,communication|listening|presentation,none,Medical,9780748733125,http://books.google.com/books?id=QsyOBNdxzi4C&dq=interpersonal+skills+professional&hl=&as_pt=BOOKS&source=gbs_api,"This work discusses strategies for teaching, presentation, computing, listening, management and interview skills within each area.",Google Books,2026-08-30
Developmental Evaluation,Michael Quinn Patton,Guilford Press,2010,1,1,399,Uncategorised,,none,Psychology,9781609180911,https://play.google.com/store/books/details?id=cd8yAAAAQBAJ&source=gbs_api,"Developmental evaluation (DE) offers a powerful approach to monitoring and supporting social innovations by working in partnership with program decision makers. In this book, eminent authority Michael Quinn Patton shows how to conduct evaluations within a DE framework. Patton draws on insights about complex dynamic systems, uncertainty, nonlinearity, and emergence. He illustrates how DE can be used for a range of purposes: ongoing program development, adapting effective principles of practice to",Google Books,2026-08-30
We Can Work It Out,Marshall B. Rosenberg,PuddleDancer Press,2004,1,1,54,Uncategorised,,none,Family & Relationships,9781892005120,http://books.google.com/books?id=p4fIAwAAQBAJ&dq=conflict+resolution+communication&hl=&as_pt=BOOKS&source=gbs_api,"Practical suggestions are included on how to foster caring, genuine cooperation, and satisfying resolutions.",Google Books,2026-08-30
Emotional Intelligence,Annamaria Di Fabio,BoD – Books on Demand,2012,,,304,Uncategorised,,goleman,Psychology,9789533078380,http://books.google.com/books?id=LS2RDwAAQBAJ&dq=emotional+intelligence&hl=&as_pt=BOOKS&source=gbs_api,"Emotional intelligence is an emerging construct for applied research and possible interventions, both in scholastic, academic and educational contexts, organizational contexts, as well as at an individual level in terms of people's well-being and life satisfaction. From the presented contributions, it emerges how this volume is characterized by an interest to give an international overview rich of stimuli and perspectives for research and intervention, in relation to a promising variable of curr",Google Books,2026-08-30
Emotional Intelligence,MTD Training,Bookboon,2002,,,59,Uncategorised,,goleman,,9788776816001,http://books.google.com/books?id=_39nHz4sPjsC&dq=emotional+intelligence&hl=&as_pt=BOOKS&source=gbs_api,,Google Books,2026-08-30
Emotional Intelligence. Meaning and Significance for Individuals and Collectives,Nicolai Kasper,GRIN Verlag,2021,,,21,Self-Management,adaptability,goleman,Psychology,9783346555458,https://play.google.com/store/books/details?id=EshUEAAAQBAJ&source=gbs_api,"Essay from the year 2020 in the subject Psychology - Work, Business, Organisation, grade: 1,0, University of Applied Sciences Essen, language: English, abstract: This paper aims at clarifying the concept of emotional intelligence and verifying its importance in the context of change for an individual as well as an organization or company. Given the outlook of Oosthoizen and Harari adaptability to change will be one of the key challenges in the 21st Century. The objective of this paper is to prov",Google Books,2026-08-30
Emotional Intelligence,Gill Hasson,John Wiley & Sons,2024,,,229,Professional Effectiveness,productivity|career,goleman,Self-Help,9781907312670,https://play.google.com/store/books/details?id=G3kvEQAAQBAJ&source=gbs_api,"Transform the way you see the world and the way the world sees you by effectively managing your emotions The happiest and most fulfilled people are not always the cleverest or most talented, skilled, or educated among us. Instead, those who can effectively manage feelings—their own and those of the people around them—frequently wear that crown. And now more than ever, emotional intelligence is the trait you need to develop to unlock your true potential. In the newly revised second edition of Emo",Google Books,2026-08-30
The Language of Emotional Intelligence,Jeanne Segal,McGraw Hill Professional,2008,,,237,Communication,communication|nonverbal,goleman,Business & Economics,9780071544566,https://play.google.com/store/books/details?id=wOefbfeiIfcC&source=gbs_api,"Learn how to increase your emotional intelligence with five simple tools It's no secret that emotional intelligence plays a crucial role in your relationships. But how do you apply these specialized skills in everyday life? It's easy--with this practical, ready-to-use guide by a renowned expert in the field of emotional intelligence and communication. Using the latest research and true-to-life examples, Dr. Jeanne Segal's step-by-step program shows you how to incorporate the five basic tools of ",Google Books,2026-08-30
Emotional Intelligence: The Emotional Intelligence Book - Emotional Intelligence at Work and Emotional Intelligence Leadership,John C. Allen,Editorial Imagen LLC,2017,,,58,Self-Awareness,self-awareness,goleman,Psychology,9781630227234,https://play.google.com/store/books/details?id=O_FwDwAAQBAJ&source=gbs_api,"Emotional Intelligence: The Emotional Intelligence Book -- Emotional Intelligence at Work and Emotional Intelligence Leadership This Emotional Intelligence Book will answer the question: what is emotional intelligence (also referred to as EI.) As the book works to define emotional intelligence through the four main branches, it dives deeper into explaining each branch in hopes of bringing about a higher self-awareness in the reader. Most people walk around with low emotional intelligence out of ",Google Books,2026-08-30
Emotional Intelligence Habits,Travis Bradberry,TalentSmart,2023,,,265,Self-Management,motivation|self-control|willpower|habits,goleman,Self-Help,9780974719382,https://play.google.com/store/books/details?id=4EPJEAAAQBAJ&source=gbs_api,"Change your habits, change your life. A powerful new way to increase your emotional intelligence. Emotional Intelligence Habits is a groundbreaking new book from Dr. Travis Bradberry, author of the bestselling Emotional Intelligence 2.0 that has sold millions of copies worldwide. In Emotional Intelligence Habits, Dr. Bradberry, the world’s foremost expert on EQ, offers an abundance of practical strategies that will teach you how to form good habits, break bad ones, and master the micro behaviors",Google Books,2026-08-30
Emotional Intelligence @ Work,Jolyon Maddocks,Jca Occupational Psychologists,2015,,,333,Professional Effectiveness,performance|focus,goleman,Emotional intelligence,9780992808907,http://books.google.com/books?id=yp6eoAEACAAJ&dq=emotional+intelligence&hl=&as_pt=BOOKS&source=gbs_api,"Making change stick can be difficult. All too often, following developmental coaching or inspirational training the individual will gradually revert back to their old ways of feeling, thinking and behaving. Emotional Intelligence @ Work explains how to make change sustainable by addressing the underlying attitudes that underpin a person's thinking and feeling that then drive their behaviour, habits and performance. Other approaches to Emotional Intelligence (EI) focus on personality traits and i",Google Books,2026-08-30
Emotional Intelligence 2.0,Albert Piaget,,2020,,,186,Relationship Management,persuasion|leadership,goleman,,9798554388255,http://books.google.com/books?id=KfX9zQEACAAJ&dq=emotional+intelligence&hl=&as_pt=BOOKS&source=gbs_api,"★★★ EMOTIONAL INTELLIGENCE 2.0 ★★★ Do you like to know yourself much deeper? Are you interested in strengthening your people's abilities and properly utilize emotional intelligence to live a satisfying and happy life? If that's the case, then keep reading! Everyone is now working towards becoming better versions of themselves. We are all working towards common goals: finding our passion, connecting with people better, excelling in our profession, or spiritually. Most people encounter difficulty,",Google Books,2026-08-30
Executive EQ,"Robert K. Cooper, Ayman Sawaf",Putnam Adult,1997,,,0,Uncategorised,,goleman,Emotional intelligence,9780399142949,http://books.google.com/books?id=_r6fQgAACAAJ&dq=emotional+intelligence&hl=&as_pt=BOOKS&source=gbs_api,"Describes the Emotional Quotient (EQ) and the EQ Map which can be used to identify the behavioral patterns, values, and emotions which underlie decisions and actions in business situations.",Google Books,2026-08-30
The Emotional Intelligence Activity Kit,"Adele Lynn, Janele Lynn",AMACOM,2015,,,283,Relationship Management,influence|relationship,goleman,Self-Help,9780814449240,https://play.google.com/store/books/details?id=4Id0CgAAQBAJ&source=gbs_api,"Elevate emotional intelligence throughout your organization—and watch profitability, retention, and customer satisfaction soar! Know-it-all bosses, overcompetitive colleagues, and leaders who rarely leave their offices--common EQ problems such as these damage not just camaraderie, but also results. Because of this, managers are discovering now more than ever that emotional intelligence (EI)--knowing how to manage emotions, empathize, build relationships, and more--is a vital contributor to a com",Google Books,2026-08-30
The Emotionally Intelligent Workplace,"Cary Cherniss, Daniel Goleman",Jossey-Bass,2003,,,384,Uncategorised,,goleman,Business & Economics,9780787961053,http://books.google.com/books?id=-ctkZCJcc5UC&dq=emotional+intelligence&hl=&as_pt=BOOKS&source=gbs_api,"How does emotional intelligence as a competency go beyond the individual to become something a group or entire organization can build and utilize collectively? Written primarily by members of the Consortium for Research on Emotional Intelligence in Organizations, founded by recognized EI experts Daniel Goleman and Cary Cherniss, this groundbreaking compendium examines the conceptual and strategic issues involved in defining, measuring and promoting emotional intelligence in organizations. The bo",Google Books,2026-08-30
Research Handbook on Emotional Intelligence at Work,Aaron J. Nurick,Edward Elgar Publishing,2026,,,397,Uncategorised,,goleman,Psychology,9781035332526,https://play.google.com/store/books/details?id=F8L1EQAAQBAJ&source=gbs_api,"Adopting a forward-thinking approach, this Research Handbook presents a comprehensive and systematic overview of key conceptualizations, research and practical applications of emotional intelligence in the workplace. With expert contributions from original research pioneers on emotional intelligence and new international voices, it showcases a variety of perspectives on this topic. This title contains one or more Open Access chapters.",Google Books,2026-08-30
Understanding Emotional Intelligence,Gill Hasson,Pearson UK,2015,,,205,Social Awareness,empathy|compassion,goleman,Self-Help,9781292084183,http://books.google.com/books?id=IRTQEAAAQBAJ&dq=emotional+intelligence&hl=&as_pt=BOOKS&source=gbs_api,"Drive your emotions - don't let them drive you! We all know people who are brilliant at managing their emotions. They never get overwhelmed in difficult situations; they are great decision makers; they know when to use their intuition and they express empathy, compassion and understanding towards other people. But most of all, they are excellent communicators. Want to be like this? Understanding Emotional Intelligence shows you how. · Understand how emotions work and how to use them effectively ",Google Books,2026-08-30
Mind Over Matter: The Power of Emotional Intelligence,"Ann J. Polya, Ph.D.",Xlibris Corporation,2012,,,131,Self-Awareness,self-awareness,goleman,Reference,9781477124291,https://play.google.com/store/books/details?id=nS7wlYFx2JIC&source=gbs_api,"Mind over Matter: The Power of Emotional Intelligence” expands on the nature of Emotional Intelligence, which involves better self-awareness of our emotions, those of others and restrain our emotions so that we can optimize our relationship strategies. It is when we are under stress that we revert to behaviors that protect our emotional well-being, and while these reactions can serve us well- as adults they frequently no longer do so. Emotions are an integral part of who we are. With Emotional I",Google Books,2026-08-30
Emotional Intelligence,"Aruna Chakraborty, Amit Konar",Springer Science & Business Media,2009,,,334,Thinking & Deciding,logic,goleman,Mathematics,9783540686064,http://books.google.com/books?id=6vf0pylyTPwC&dq=emotional+quotient&hl=&as_pt=BOOKS&source=gbs_api,"Emotional Intelligence is a new discipline of knowledge, dealing with modeling, recognition and control of human emotions. The book Emotional Intelligence: A Cybernetic Approach, to the best of the authors’ knowledge is a first compreh- sive text of its kind that provides a clear introduction to the subject in a precise and insightful writing style. It begins with a philosophical introduction to E- tional Intelligence, and gradually explores the mathematical models for emotional dynamics to stud",Google Books,2026-08-30
Emotional Intelligence for It Professionals,Emilia M. Ludovino,,2017,,,280,Thinking & Deciding,problem-solving|decision-making|logic,goleman,Computers,9781787285798,http://books.google.com/books?id=4CLItAEACAAJ&dq=emotional+quotient&hl=&as_pt=BOOKS&source=gbs_api,"Learn the techniques used by the most successful IT people in the world.About This Book* Get real-life case studies for different IT roles, developers, testers, analysts, project managers, DBAs* Identify with your IT scenarios and take the right decision to move up in your career* Improve your EQ and face any difficult scenario confidently and effectivelyWho This Book Is ForThis book is for professionals across the IT domain who work as developers, administrators, architects, administrators syst",Google Books,2026-08-30
Emotional Intelligence For Dummies,Steven J. Stein,John Wiley & Sons,2009,,,371,Social Awareness,empathy|body-language,goleman,Business & Economics,9780470676240,http://books.google.com/books?id=vBeE2oK3jxEC&dq=emotional+quotient&hl=&as_pt=BOOKS&source=gbs_api,"Straightforward guide to taking control of your emotions. Being aware of and in control of your emotions is one of the keys to success in life -- both professionally and personally. Emotional Intelligence For Dummies will show you how to take control of your emotions rather than letting your emotions control you! Discover how developing your emotional intelligence can further your relationships with others, in the workplace and at home. Emotional awareness is also a critical skill for career suc",Google Books,2026-08-30
Emotional Intelligence,"Robert J. Emmerling, Vinod K. Shanwal, Manas K. Mandal",Nova Publishers,2008,,,256,Relationship Management,influence|relationship,goleman,Education,9781600218569,https://play.google.com/store/books/details?id=TJF5892APCoC&source=gbs_api,"This book is designed to meet the growing need among researchers, graduate students, and professionals to look into the existing theoretical models as well as developing theories related to emotional intelligence. The primary aim of the book is to help readers get a view of current conceptualisations of emotional intelligence, while providing an opportunity to see how emotional intelligence has been interpreted and applied throughout the world. Psychological processes are expected to vary accord",Google Books,2026-08-30
An Introduction to Emotional Intelligence,"Lorraine Dacre Pool, Pamela Qualter",John Wiley & Sons,2018,,,412,Relationship Management,leadership|relationship,goleman,Psychology,9781119114420,https://play.google.com/store/books/details?id=IFRWDwAAQBAJ&source=gbs_api,"Bridges the gap between the scholarly literature and ""pop-psych"" books on EI Emotional Intelligence (EI) has become a topic of vast and growing interest worldwide and is concerned with the ways in which we perceive, identify, understand, and manage emotions. It is an aspect of individual difference that can impact a number of important outcomes throughout a person's lifespan. Yet, until now there were no authoritative books that bridge the gap between scholarly articles on the subject, often pub",Google Books,2026-08-30
How to Improve Emotional Intelligence,Sam Reddington,JNR via PublishDrive,2018,,,77,Self-Management,anxiety,goleman,Self-Help,,https://play.google.com/store/books/details?id=xlmZDwAAQBAJ&source=gbs_api,"""Who Else Wants To Fully Understand And Enhance Their Emotional Intelligence?"" Preview: In this book, get to know Robert Plutchik’s Wheel of Emotions and other dyads that result from a combination of the basic emotions. Learn the theories of emotions. Do you get angry before you tremble? Do you smile before feeling happy? Why do we have emotions? Get to know the intrapersonal, interpersonal, and sociocultural purposes of emotions. Where does Emotional Intelligence fall under Howard Gardner’s The",Google Books,2026-08-30
Assessing Emotional Intelligence,"Con Stough, Donald H. Saklofske, James D. A. Parker",Springer Science & Business Media,2009,,,363,Relationship Management,relationship,goleman,Psychology,9780387883700,https://play.google.com/store/books/details?id=LHsoQUXiV5AC&source=gbs_api,"Managing human emotions plays a critical role in everyday functioning. After years of lively debate on the significance and validity of its construct, emotional intelligence (EI) has generated a robust body of theories, research studies, and measures. Assessing Emotional Intelligence: Theory, Research, and Applications strengthens this theoretical and evidence base by addressing the most recent advances and emerging possibilities in EI assessment, research, and applications. This volume demonstr",Google Books,2026-08-30
Emotional Intelligence and Cognitive Abilities,"Pablo Fernández-Berrocal, Purificación Checa",Frontiers Media SA,2016,,,172,Relationship Management,influence|relationship,goleman,Psychology,9782889199228,http://books.google.com/books?id=0hUvDwAAQBAJ&dq=emotional+quotient&hl=&as_pt=BOOKS&source=gbs_api,"Nowadays, not only psychologists are interested in the study of Emotional Intelligence (EI). Teachers, educator, managers, employers, and people, in general, pay attention to EI. For example, teachers would like to know how EI could affect student’s academic results, and managers are concerned about how EI influences their employees’ performance. The concept of EI has been widely used in recent years to the extent that people start to applying it in daily life. EI is broadly defined as the capac",Google Books,2026-08-30
"Culture and Emotion in Educational Dynamics, volume IV","Enrique H. Riquelme, Silvia da Costa , Dario Paez",Frontiers Media SA,2026,,,340,Professional Effectiveness,focus|success,none,Science,9782832578858,http://books.google.com/books?id=qZfWEQAAQBAJ&dq=emotional+quotient&hl=&as_pt=BOOKS&source=gbs_api,"This Research Topic is the fourth volume of Research Topic ""Culture and Emotion in Educational Dynamics"". Please, see the third volume here. Culture plays a significant role in regulating emotions and influencing the dissemination of education, particularly within diverse geographic locations. However, the impact of culture on emotional dynamics within educational settings is not well understood. This is particularly important within contexts of social and cultural diversity, where schools must ",Google Books,2026-08-30
"Trait Emotional Intelligence: Foundations, Assessment, and Education","Juan-Carlos Pérez-González, Donald H. Saklofske, Stella Mavroveli",Frontiers Media SA,2020,,,327,Uncategorised,,goleman,,9782889637737,http://books.google.com/books?id=BpLsDwAAQBAJ&dq=emotional+quotient&hl=&as_pt=BOOKS&source=gbs_api,,Google Books,2026-08-30
Leading with Emotional Intelligence: Hands-On Strategies for Building Confident and Collaborative Star Performers,Reldan Nadler,McGraw Hill Professional,2010,,,368,Relationship Management,coaching|teamwork|collaboration|leadership,goleman,Business & Economics,9780071751148,https://play.google.com/store/books/details?id=q_dJ3pAuK8EC&source=gbs_api,"Everyone agrees that Emotional Intelligence (EI) plays a key role in overall success. But when it comes to putting theory into practice, EI consultant Reldan Nadler, Psy.D., has written the only book on the subject that shows you step-by-step how to: INCREASE CONFIDENCE IMPROVE TEAMWORK ENHANCE COMMUNICATION DEVELOP STAR PERFORMANCE PROTECT YOUR IQ WITH EI The more than 100 cutting-edge tools and strategies presented here are used by the most effective leaders in the world. This complete, hands-",Google Books,2026-08-30
Emotional Intelligence,Ryan James,Alakai Publishing LLC,2018,,,49,Self-Management,self-regulation,goleman,Psychology,,https://play.google.com/store/books/details?id=p2OcDwAAQBAJ&source=gbs_api,"What if your emotional intelligence — not your IQ — was the single biggest predictor of how your life turns out? Have you wondered why technically brilliant people stall while emotionally aware ones rise? Why some marriages last and others combust? Why your boss promoted the ""average performer"" who somehow gets along with everyone? Emotional intelligence is the answer. And it's teachable. Emotional Intelligence: The Definitive Guide to Understanding Your Emotions, How to Improve Your EQ, and You",Google Books,2026-08-30
Executive EQ,"Robert K. Cooper, Ayman Sawaf",,2000,,,358,Relationship Management,trust,goleman,Emotional intelligence,9781587990991,http://books.google.com/books?id=WDr9AAAACAAJ&dq=emotional+quotient&hl=&as_pt=BOOKS&source=gbs_api,"There's more to success than having a high IQ. Knowing when to laugh at the boss's jokes, when to trust a colleague or when someone is on the verge of a nervous breakdown are every bit as vital to workplace survival as knowing how to do cube roots.",Google Books,2026-08-30
The EQ Edge,"Steven J. Stein, Howard E. Book",John Wiley & Sons,2011,,,375,Professional Effectiveness,career|success|achievement,goleman,Business & Economics,9780470681619,http://books.google.com/books?id=pkgwEAAAQBAJ&dq=emotional+quotient&hl=&as_pt=BOOKS&source=gbs_api,REVISED AND UPDAT ED WITH NEW RESEARCH INTO EQ AND PERSONAL AND CAREER SUCCESS What is the formula for success at your job? As a spouse? A parent? A Little League baseball coach or behind the bench of a minor hockey team? What does it take to get ahead? To separate yourself from the competition? To lead a less stressful and happier existence? To be fulfilled in personal and professional pursuits? What is the most important dynamic of your makeup? Is it your A) intelligence quotient? or B) emotio,Google Books,2026-08-30
"The ^AOxford Handbook of Emotion, Social Cognition, and Problem Solving in Adulthood","Paul Verhaeghen, Christopher Hertzog",Oxford University Press,2016,,,353,Thinking & Deciding,problem-solving,none,Psychology,9780199383078,https://play.google.com/store/books/details?id=UnfqAgAAQBAJ&source=gbs_api,"The Oxford Handbook of Emotion, Social Cognition, and Problem Solving in Adulthood provides the first overview of a new field of adult development that has emerged out of conceptualizations and research at the intersections between socioemotional development, social cognition, emotion, coping, and everyday problem solving.",Google Books,2026-08-30
Emotional Regulation for Adults with ADHD,Mason Davis,Independently Published,2024,,,0,Self-Management,stress-management|habits,none,Psychology,9798328864985,http://books.google.com/books?id=i2jP0AEACAAJ&dq=emotional+regulation+adults&hl=&as_pt=BOOKS&source=gbs_api,"Are you an adult with ADHD struggling to manage your emotions and stay focused? You're not alone. Millions face the daily challenges of emotional dysregulation and distraction that can impact their personal and professional lives. Emotional Regulation for Adults with ADHD by Mason Davis addresses these challenges head-on, offering a comprehensive solution to help you take control of your emotional well-being. This book provides proven techniques and strategies, including mindfulness practices, c",Google Books,2026-08-30
Handbook of Emotion Regulation,James J. Gross,Guilford Publications,2013,,,816,Self-Management,emotion-regulation,none,Psychology,9781462512539,http://books.google.com/books?id=hcgBAgAAQBAJ&dq=emotional+regulation+adults&hl=&as_pt=BOOKS&source=gbs_api,"This book has been replaced by Handbook of Emotion Regulation, Third Edition, ISBN 978-1-4625-4941-2.",Google Books,2026-08-30
Emotional Regulation for Adults,Elham Terif,,2025,,,0,Self-Management,resilience|anxiety|habits,goleman,Family & Relationships,9798232078089,http://books.google.com/books?id=mdWj0QEACAAJ&dq=emotional+regulation+adults&hl=&as_pt=BOOKS&source=gbs_api,"By purchasing this book, you will also GET BONUS ACCESS to our Exclusive eBook: ""10 Effective Daily Habits to Nurture Your Inner Child"" Discover how to get it inside the book! Are you tired of feeling overwhelmed and controlled by your emotions? Do you want to take control of your mental peace and happiness? If so, this book is for you! ""Emotional Regulation for Adults: How to Reduce Anxiety, Manage Your Feelings, and Begin Dealing with Negative Emotions"" is a step-by-step guide that teaches you",Google Books,2026-08-30
Emotional Regulation for Adults,Adam J. Erwin,YDY Publishing ,,,,221,Self-Management,motivation|self-discipline|self-control|anxiety,none,Education,,https://play.google.com/store/books/details?id=xzfTEQAAQBAJ&source=gbs_api,"You don’t lose control all at once. It happens in moments. A reaction you didn’t plan. Words you wish you could take back. A situation that escalates faster than you expected. And afterward, you’re left wondering why it keeps happening. This book changes that pattern. Emotional Regulation for Adults is not about suppressing what you feel or pretending to stay calm. It is about learning how your emotions actually work and gaining the ability to stay in control, even when pressure is high. Instead",Google Books,2026-08-30
Calm the Chaos,NAIYEM CHOWDHURY. RONY,Independently Published,2025,,,0,Self-Management,self-regulation|burnout|habits,none,Self-Help,9798290386935,http://books.google.com/books?id=A5Z20QEACAAJ&dq=emotional+regulation+adults&hl=&as_pt=BOOKS&source=gbs_api,"Calm the Chaos: A Practical Guide to Emotional Regulation for ADHD Adults Find calm, clarity, and confidence-one emotion at a time. Are you an adult with ADHD who feels overwhelmed by emotions, trapped in shame spirals, or frustrated by outbursts you can't control? You're not lazy. You're not too sensitive. You're not broken. In Calm the Chaos, you'll discover a clear, compassionate guide to understanding and managing emotional dysregulation-the hidden struggle that many adults with ADHD face ev",Google Books,2026-08-30
Emotional Regulation for Overwhelmed Adults,Dr. Bianca Lewis,Summit Bridge Press,,,,130,Self-Management,resilience|anxiety,none,Self-Help,,https://play.google.com/store/books/details?id=jd_kEQAAQBAJ&source=gbs_api,"Do you feel emotionally exhausted, overwhelmed, or stuck in a cycle of anxiety and overthinking? Do your thoughts race when you're trying to rest? Do small problems feel bigger than they should? Do you often feel responsible for everyone and everything? If so, you're not alone. Many adults spend years living in survival mode—pushing through stress, carrying invisible emotional burdens, and wondering why peace feels so difficult to find. The problem isn't that you're broken. The problem is that n",Google Books,2026-08-30
Emotional Suppression and Social Functioning in Young and Older Adults,Tammy Lee English,,2008,,,184,Uncategorised,,none,,,http://books.google.com/books?id=mVBOAQAAMAAJ&dq=emotional+regulation+adults&hl=&as_pt=BOOKS&source=gbs_api,,Google Books,2026-08-30
Emotional Regulation for Adults,Daniel Harper,Independently Published,2026,,,0,Self-Management,resilience|anxiety|burnout|habits,none,Self-Help,9798199096140,http://books.google.com/books?id=kP4U0gEACAAJ&dq=emotional+regulation+adults&hl=&as_pt=BOOKS&source=gbs_api,"Do you feel emotionally wiped out - even when life looks fine from the outside? You're getting things done. You're showing up. You're keeping it all together. But inside? You're running on empty. Your mind won't stop racing, little things feel overwhelming, and no matter how many times you tell yourself to ""just relax"" - your body simply won't listen. You're not broken. You're just exhausted. And you deserve real support. Emotional Regulation for Adults was written for exactly where you are righ",Google Books,2026-08-30
Getting Back To Me,Joycy Ann Lacombe,Illuminating Hope,2021,,,32,Self-Management,anxiety,none,,9781737254201,http://books.google.com/books?id=hoNyzgEACAAJ&dq=emotional+regulation+adults&hl=&as_pt=BOOKS&source=gbs_api,"You're never too young and never too old to learn how to regulate your emotions! Take the whole family on a journey through these pages to learn, fun, practical ways to teach kids and parents how to self-regulate across a variety of thoughts and feelings. Joycy Ann Lacombe, licensed psychotherapist, teaches easy, effective interventions, taught in colorful ways to address anxiety, racing thoughts, attention issues and more. Thoughtfully illustrated, the rhyming pattern helps kids and parents con",Google Books,2026-08-30
Development of Emotions and Emotion Regulation,"Manfred Holodynski, Wolfgang Friedlmeier",Springer Science & Business Media,2006,,,261,Social Awareness,empathy|diversity,none,Psychology,9780387232959,https://play.google.com/store/books/details?id=OvJHncpZEQUC&source=gbs_api,"vii PREFACE It was 13 years ago that we met for the ?rst time at a German developmental psychology conference. One of us, Wolfgang Friedlmeier (WF), was interested in ontogenetic development from a cross-cultural perspective. He presented a study on the development of empathy and distress in preschool age, dealing with how far children from different cultures respond to comparable demands with different emotions and regulation strategies. The other, Manfred Holodynski (MH), was - terested in ont",Google Books,2026-08-30
"Aging, Emotion, and Reconstruction of Long-term Autobiographical Memory : Testing a Motivational Hypothesis",Meghan Quinn Kennedy,,2002,,,156,Self-Management,motivation,none,,,http://books.google.com/books?id=VQEhAQAAIAAJ&dq=emotional+regulation+adults&hl=&as_pt=BOOKS&source=gbs_api,,Google Books,2026-08-30
Emotional Regulation for Adults,Caleb Hawke ,Sumayya Abba ,2026,,,210,Self-Management,resilience|anxiety,goleman,Self-Help,,https://play.google.com/store/books/details?id=n7frEQAAQBAJ&source=gbs_api,"Have you ever promised yourself that next time you'd stay calm... only to find yourself reacting the exact same way? Maybe you snapped at someone you care about. Maybe stress took over your entire day. Maybe anxiety kept you awake at night, replaying conversations and worst-case scenarios that hadn't even happened. You know what you should do. The problem is that in the moment, your emotions seem to take control before logic has a chance to catch up. If that sounds familiar, you're not alone. Ma",Google Books,2026-08-30
Understanding Emotional Regulation for Adults,Kim Pryor Jones,,2023,,,0,Self-Awareness,self-awareness,none,,9798215467268,http://books.google.com/books?id=RfTXzwEACAAJ&dq=emotional+regulation+adults&hl=&as_pt=BOOKS&source=gbs_api,"Welcome to the world of emotional regulation! In this thought-provoking and insightful book, Kim Pryor Jones provides a clear understanding of what emotional regulation is, why it is important, and how it can be used to improve your mental health. She offers practical tips and strategies that can be easily implemented in your daily life to regulate your emotions, manage stress, and overcome negative thinking patterns. By reading this book, you will learn how to identify your emotions, understand",Google Books,2026-08-30
Current Directions in Adulthood and Aging,Susan Turk Charles,Allyn & Bacon,2009,,,228,Thinking & Deciding,logic,none,Juvenile Nonfiction,,http://books.google.com/books?id=2UvuAAAAMAAJ&dq=emotional+regulation+adults&hl=&as_pt=BOOKS&source=gbs_api,"This new and exciting reader includes over 26 articles that have been carefully selected for the undergraduate audience, and taken from the very accessible Current Directions in Psychological Science journal. These timely, cutting-edge articles allow instructors to bring their students real-world perspective--from a reliable source--about today's most current and pressing issues in adulthood and aging.",Google Books,2026-08-30
"Ageing, Cognition, and Neuroscience","Soledad Ballesteros, Lars Goran-Nilsson, Patrick Lemaire",,2009,,,328,Thinking & Deciding,logic|cognitive,none,Medical,,http://books.google.com/books?id=C9hXAAAAYAAJ&dq=emotional+regulation+adults&hl=&as_pt=BOOKS&source=gbs_api,"Developed nations are experiencing enormous increases in the number of elderly people in the population. Ageing is a universal complex multifaceted process that profoundly affects mind and brain of all individuals. Important discoveries are being made at different levels of research on cognitive aging: from the molecular/genetic level, to the cell, the network, and the processing of information at the cognitive level. The aim of this special issue is to examine new breakthroughs of the aging min",Google Books,2026-08-30
Emotional Regulation for Adults,Faye Mack,,2025,,,0,Self-Management,resilience|anxiety|habits,goleman,Family & Relationships,9798349606076,http://books.google.com/books?id=pFym0QEACAAJ&dq=emotional+regulation+adults&hl=&as_pt=BOOKS&source=gbs_api,"By purchasing this book, you will also GET BONUS ACCESS to our Exclusive eBook: ""10 Effective Daily Habits to Nurture Your Inner Child"" Discover how to get it inside the book! Are you tired of feeling overwhelmed and controlled by your emotions? Do you want to take control of your mental peace and happiness? If so, this book is for you! ""Emotional Regulation for Adults: How to Reduce Anxiety, Manage Your Feelings, and Begin Dealing with Negative Emotions"" is a step-by-step guide that teaches you",Google Books,2026-08-30
Emotional Regulation for Adults,Elizabeth T Krebs,Independently Published,2025,,,0,Self-Management,resilience|impulse-control|anxiety|burnout,goleman,Self-Help,9798286339365,http://books.google.com/books?id=W25q0QEACAAJ&dq=emotional+regulation+adults&hl=&as_pt=BOOKS&source=gbs_api,"1. Concise and Practical Master Your Emotions: A Guide to Emotional Regulation for Adults Struggling with overwhelming feelings, mood swings, or emotional burnout? This practical guide provides evidence-based techniques to help adults understand and manage their emotions effectively. Learn how to stay calm under pressure, build resilience, and improve relationships through self-awareness and emotional control. 2. Therapeutic and Calming Emotional Regulation Workbook for Adults Discover a therape",Google Books,2026-08-30
Adult Development and Aging,John C. Cavanaugh,Wadsworth Publishing Company,1997,,,632,Social Awareness,diversity,none,Psychology,9780534344238,http://books.google.com/books?id=imPPLyc5OPkC&dq=emotional+regulation+adults&hl=&as_pt=BOOKS&source=gbs_api,"In this timely revision of his highly respected text, John Cavanaugh offers comprehensive treatment of adult development and aging coupled with a wide array of new in-text study aids designed to help students master the material. A focus on science and the experimental method, liberal use of good examples and applications, a friendly writing style, and excellent handling of diversity issues make the Third Edition an outstanding teaching and learning tool.",Google Books,2026-08-30
Emotional Suppression,James Jonathan Gross,,1993,,,388,Uncategorised,,none,,,http://books.google.com/books?id=2ppLAQAAMAAJ&dq=emotional+regulation+adults&hl=&as_pt=BOOKS&source=gbs_api,,Google Books,2026-08-30
Soft Skills for the Workplace,Goodheart-Willcox Publisher,Goodheart-Wilcox Publisher,2016,,,0,Professional Effectiveness,career,none,Soft skills,9781631268267,http://books.google.com/books?id=XnkbMQAACAAJ&dq=soft+skills+workplace&hl=&as_pt=BOOKS&source=gbs_api,"""Soft Skills for the Workplace"" is a nontraditional approach to learning basic employability skills needed in today's workplace. Learning how to interact professionally with customers, coworkers, and employers is one sure way to prepare for a career. In today's workplace, it is necessary to have job-specific skills to perform on the job as well as the know-how to interact with coworkers and customers. You may be the most qualified person in your field in terms of hard skills, but if you lack sof",Google Books,2026-08-30
10 Things Employers Expect Their Employees to Know,Frederick H. Wentz,CreateSpace,2013,,,114,Thinking & Deciding,problem-solving|cognitive,none,Core competencies,9781481882767,http://books.google.com/books?id=hl-snAEACAAJ&dq=soft+skills+workplace&hl=&as_pt=BOOKS&source=gbs_api,"This soft skills workbook is an excellent tool for individuals preparing to look for or start new jobs, as well as individuals who are currently working but need to step back and evaluate their performance. It is a practical, helpful guide about acting appropriately and professionally on a job and addresses realities of the working world and how to cope with them, and not just ideal situations. Soft skills are the nontechnical skills and traits that an individual needs to function in the workpla",Google Books,2026-08-30
Soft Skills For Dummies,Cindi Reiman,John Wiley & Sons,2022,,,215,Professional Effectiveness,time-management|career|success,none,Business & Economics,9781119906551,http://books.google.com/books?id=E1SbEAAAQBAJ&dq=soft+skills+workplace&hl=&as_pt=BOOKS&source=gbs_api,"Soft skills make the hard skills work! Soft skills are the personal qualities that make you a great communicator, problem solver, and leader on the job—and in your personal life. Soft Skills For Dummies helps you hone in on the traits you already have—or fine tune the ones that may need some extra attention—to market yourself as a workplace leader who’s in touch with what today’s employers are looking for: people who can lead and inspire through interpersonal communication, cultural awareness, t",Google Books,2026-08-30
Soft Skills for Career Success,"V Bastin Jerome, Alagra Antony",Educreation Publishing,2018,,,204,Professional Effectiveness,career|performance|success,none,Education,,https://play.google.com/store/books/details?id=FQZnDwAAQBAJ&source=gbs_api,"The book ""Soft Skills for Career Success"" plays a vital role in the soft skill development and career success of young talents. Since most of the companies are giving more importance to soft skill of their employees, along with the technical skills, the topic soft skills become more important than ever. Today, as companies increasingly need to become more dynamic, interconnected and flexible, soft skills are critical. These skills important to fostering employee retention, improving leadership, ",Google Books,2026-08-30
The Hard Truth About Soft Skills,Peggy Klaus,HarperBusiness,2008,,,208,Communication,communication,none,Business & Economics,9780061284144,http://books.google.com/books?id=zAfbwQEACAAJ&dq=soft+skills+workplace&hl=&as_pt=BOOKS&source=gbs_api,"What's the hard truth? Soft skills get little respect but will make or break your career. Master your soft skills and really get ahead at work! Fortune 500 coach Peggy Klaus encounters individuals every day who excel at their jobs but aren't getting where they want to go. It's rarely a shortfall in technical expertise that limits their careers, but rather a shortcoming in their social, communication, and self-management behaviors. In The Hard Truth About Soft Skills Klaus delivers practical tool",Google Books,2026-08-30
The Hard Truth About Soft Skills,Peggy Klaus,Harper Collins,2009,,,209,Communication,communication,none,Self-Help,9780061843549,https://play.google.com/store/books/details?id=lzK5sxtir9UC&source=gbs_api,"What's the hard truth? Soft skills get little respect but will make or break your career. Master your soft skills and really get ahead at work! Fortune 500 coach Peggy Klaus encounters individuals every day who excel at their jobs but aren't getting where they want to go. It's rarely a shortfall in technical expertise that limits their careers, but rather a shortcoming in their social, communication, and self-management behaviors. In The Hard Truth About Soft Skills Klaus delivers practical tool",Google Books,2026-08-30
The Importance of Soft Skills in the Workplace as Perceived by Community College Instructors and Industries,Laura Suzanne Spell Tribble,,2009,,,,Relationship Management,conflict-resolution,none,Business and education,,http://books.google.com/books?id=yuWRAQAACAAJ&dq=soft+skills+workplace&hl=&as_pt=BOOKS&source=gbs_api,"Soft skills include communication skills, problem-solving skills, conflict resolution, working well with other people, and ensuring customer satisfaction. Employers need employees who have adequate technical skills but who also have soft skills. There is limited information about the perceptions of which soft skills are needed in the workplace. This study attempted to close the gap in the literature concerning the perceptions of instructors and employers in the area of soft skills in the workpla",Google Books,2026-08-30
Soft Skills for Hard Times,Ivory Dorsey,Xlibris Corporation,2004,,,105,Uncategorised,,none,Business & Economics,9781462800032,https://play.google.com/store/books/details?id=aHj9wTmSGZAC&source=gbs_api,"Soft Skills for Hard Times is a hand book for the over achiever. It is written for people who understand that when competence is present, it is only the ticket to the game; it does not make one a player. It is a book for those who would invest resources in getting good and no time in getting chosen. It is a book for the potential high performer who constantly wonders why since they are so smartwhy is it that the seemingly average performer keeps getting ahead. These are hard timeswe need skills ",Google Books,2026-08-30
Soft Skills - Enhancing Employability,M. S. Rao,I. K. International Pvt Ltd,2010,,,254,Uncategorised,,none,Business & Economics,9789380578385,http://books.google.com/books?id=O1G9_gr50hIC&dq=soft+skills+workplace&hl=&as_pt=BOOKS&source=gbs_api,"""The Direction in which education starts a man will determine his future"". - Plato Currently there is a wide chasm between the campus and the industry. There is vast gap between the art and the craft. The book helps in connecting the campus with the corporate by bridging the gap between the campus and the industry and by blending both the art and the craft. It helps you understand and appreciate both soft and hard skills. It differentiates between unemployability and unemployment. It enlightens ",Google Books,2026-08-30
What Are Soft Skills?,Patricia Dorch,,2013,,,192,Professional Effectiveness,productivity|accountability|career|performance,none,Business & Economics,9780981685489,http://books.google.com/books?id=uqlIngEACAAJ&dq=soft+skills+workplace&hl=&as_pt=BOOKS&source=gbs_api,Essential Soft Skills You Need To Know for Career Success Are you looking for a blueprint to master top soft skills in demand by employers? Are you confident you possess soft skills you need to stand out? Do you know which soft skills will provide you with the competitive edge to maximize and leverage your career options? Inside What Are Soft Skills? you will discover why soft skills are vital competencies and the underlying principles which enable you to become more valuable and effective in th,Google Books,2026-08-30
Soft Skills,André Iland,iland business pages,2013,,,111,Professional Effectiveness,career|focus|success,goleman,Business & Economics,9781481895378,https://play.google.com/store/books/details?id=VDo07OEaq-IC&source=gbs_api,"If you look for a book dealing with soft skills with a difference, here it is! Yes, you are at the right place for the right material. This special book deals with not only the importance of soft skills, also the use of it both at your workplace and at your homes. The concern is that you are going to make a difference not only in your workplace also in your family. As the book emphasizes the importance of soft skills for making your professional career highly on demand, it also shows ways to mak",Google Books,2026-08-30
Job Readiness for Health Professionals - E-Book,Elsevier,Elsevier Health Sciences,2016,,,418,Thinking & Deciding,critical-thinking|problem-solving|decision-making,none,Medical,9780323431682,http://books.google.com/books?id=7kpgDAAAQBAJ&dq=soft+skills+workplace&hl=&as_pt=BOOKS&source=gbs_api,"Get an edge in the job market and develop the soft skills — the personal qualities, habits, attitudes, and social graces needed to work successfully with anyone, anywhere. Job Readiness for Health Professionals, Soft Skills Strategies for Success, 2nd Edition provides a unique tool for soft skill programming to help graduates succeed on the job as effective, engaged, and high-functioning employees. This handy resource uses an 8th grade reading level and a consistent, easy-to-follow modular forma",Google Books,2026-08-30
Top 10 Soft Skills You Need,Pamela Wiggins,Createspace Independent Publishing Platform,2015,,,62,Professional Effectiveness,professional-development|success,none,,9781522821373,http://books.google.com/books?id=V3BcjwEACAAJ&dq=soft+skills+workplace&hl=&as_pt=BOOKS&source=gbs_api,"Having the technical skills and knowledge to successfully execute your job duties is only one part of being the best you can be in the workplace. In addition to these ""hard"" skills, we also need ""soft"" skills. Soft skills are those skills which allow us to effectively work with others. No matter what your position, organization, or industry, you work with people, directly or indirectly. Taking the time to build effective soft skills can contribute to a more efficient, more harmonious, and more p",Google Books,2026-08-30
Hard Skills Get You Hired But Soft Skills Get You Promoted,Torquil Johners,Bluewave Press Publishing,2023,,,0,Relationship Management,conflict-resolution|persuasion|teamwork|relationship,goleman,,9798215535523,http://books.google.com/books?id=iNuezwEACAAJ&dq=soft+skills+workplace&hl=&as_pt=BOOKS&source=gbs_api,"In all industries, organizations, and professions, soft skills are extremely valuable.In all industries, organizations, and professions, soft skills are extremely valuable. Employers look for these abilities and attribute just as hard or technical skills since they help you be a productive and communicative team member. Understanding soft skills can assist you in identifying and improving your own, allowing you to be a more well-rounded applicant and employee. To improve your career and achieve ",Google Books,2026-08-30
Job Readiness for Health Professionals,Elsevier,Elsevier Health Sciences,2015,,,418,Thinking & Deciding,critical-thinking|problem-solving|decision-making,none,Medical,9780323430265,http://books.google.com/books?id=2h_mCgAAQBAJ&dq=soft+skills+workplace&hl=&as_pt=BOOKS&source=gbs_api,"Get an edge in the job market and develop the soft skills - the personal qualities, habits, attitudes, and social graces needed to work successfully with anyone, anywhere. Job Readiness for Health Professionals, Soft Skills Strategies for Success, 2nd Edition provides a unique tool for soft skill programming to help graduates succeed on the job as effective, engaged, and high-functioning employees. This handy resource uses an 8th grade reading level and a consistent, easy-to-follow modular forma",Google Books,2026-08-30
Emotional Intelligence for Managing Results in a Diverse World,"Lee Gardenswartz, Jorge Cherbosque, Anita Rowe",Nicholas Brealey,2010,,,207,Relationship Management,coaching|relationship,goleman,Psychology,9780891062998,https://play.google.com/store/books/details?id=n1bkDAAAQBAJ&source=gbs_api,"Harness the power of emotions - so you can leverage differences, build engaged teams, and create healthier organizations Whether you work group stretches from here to Dubai or can easily meet in a conference room down the hall, anger and frustration are easy to come by when others don't do things your way, follow directions, or respond the way you think they should. But when emotions manage workplace relationships, the result is conflict, disengagement, and low morale. Emotional Intelligence for",Google Books,2026-08-30
Soft Skills for Workplace Success,Sage Publications India Pvt Ltd,Sage Publications Pvt. Limited,2021,,,,Professional Effectiveness,success,none,,9789391138677,http://books.google.com/books?id=NOCNzgEACAAJ&dq=soft+skills+workplace&hl=&as_pt=BOOKS&source=gbs_api,A curated recipe book on how to be happy and content in our professional lives,Google Books,2026-08-30
Soft Skills Inventory,Liptak,,2020,,,,Uncategorised,,none,,9781792431937,http://books.google.com/books?id=0WSSzQEACAAJ&dq=soft+skills+workplace&hl=&as_pt=BOOKS&source=gbs_api,,Google Books,2026-08-30
Soft Skills for Tough Issues,Jean Eva Thumm,Xlibris,2008,,,0,Relationship Management,conflict-resolution|coaching|mentoring,none,Business & Economics,9781436328784,http://books.google.com/books?id=tiR7NwAACAAJ&dq=soft+skills+workplace&hl=&as_pt=BOOKS&source=gbs_api,"New Book is Practical Guide to Interpersonal Communication in the Workplace The Must-Have Handbook for Conflict Resolution and Personal Growth Santa Fe, NM As a key decision maker or future business leader in your organization, you will want to know about an exciting new interactive book authored by executive coach and workplace trainer Jean Eva Thumm. Soft Skills for Tough Issues: Fostering Interpersonal Communication in the Workplace is a comprehensive guide to workplace challenges, which offe",Google Books,2026-08-30
Professionalism,Jeff Butterfield,Course Technology,2010,,,0,Professional Effectiveness,success,none,Success in business,9781111530877,http://books.google.com/books?id=eJ87bwAACAAJ&dq=soft+skills+workplace&hl=&as_pt=BOOKS&source=gbs_api,"""Your curriculum provides critical training in your field of study to prepare students for the workforce. But do they know how to communicate effectively? Can they present themselves professionally on a resume or in a job interview? If given a problem, do they know how to break it down and solve it? Can they work in a team? These 'soft skills' are crucial for success in the workplace. Now you can help your students learn these essential skills using the Illustrated Course Guides : Soft Skills fo",Google Books,2026-08-30
Professional Interpersonal Skills for Nurses,"Carolyn Kagan, Josie Evans",Nelson Thornes,1998,,,288,Uncategorised,,none,Health & Fitness,9780748737246,http://books.google.com/books?id=zpBd6gJmyAoC&dq=interpersonal+skills+professional&hl=&as_pt=BOOKS&source=gbs_api,"Introducing nurses to the theory and practice of professional interpersonal skills, this text uses real-life examples and offers a structured approach which is designed to enable readers to practise and assess both simple and complex skills. There are self-development exercises in each chapter, and an emphasis on areas of current controversy.",Google Books,2026-08-30
Communication Skills for the Health Care Professional,"Gwen Van Servellen, Gwen Marram Van Servellen",Jones & Bartlett Learning,1997,,,422,Communication,communication,none,Business & Economics,9780834207660,http://books.google.com/books?id=p_j5-zcMapIC&dq=interpersonal+skills+professional&hl=&as_pt=BOOKS&source=gbs_api,"This textbook provides the kind of comprehensive and in-depth preparation your students need to communicate optimally with patients, families, and fellow providers. Combining principles and practical applications, this text shows students how to apply communication techniques to patient care. It contains specific examples from many health care disciplines and is appropriate for all students in medicine, nursing, pharmacy, dentistry, and other allied health professions. Complete with chapter obje",Google Books,2026-08-30
InterPersonal Skills,Gerard Assey,Gerard Assey,2022,,,149,Professional Effectiveness,productivity|career|success|achievement,none,Family & Relationships,,https://play.google.com/store/books/details?id=862gEAAAQBAJ&source=gbs_api,"Interpersonal skills are essential in building positive workplace relationships and vital for your career and organizational success. These are the skills we use every day when we communicate and interact with other people, both individually and in groups and include a wide range of skill sets- most importantly being communication skills such as listening, effective speaking, and the ability to control and manage your emotions. Relationships can affect the satisfaction on the job, as well as one",Google Books,2026-08-30
Interpersonal Skills and Health Professional Issues,"Cynthia H. Adams, Peter D. Jones (M.D.)",McGraw-Hill/Glencoe,1989,,,340,Communication,communication|body-language|nonverbal,none,Medical,9780026854825,http://books.google.com/books?id=x9mXFEJsKdcC&dq=interpersonal+skills+professional&hl=&as_pt=BOOKS&source=gbs_api,"Topics covered include developing communication skills, including body language, nonverbal communication, and verbal communication; basic psychology; understanding grief; developmental issues; addiction; the role of counseling in prevention; etc. Also deals with professional issues, such as professional ethics, abuse and discrimination, legal concerns, and professional organizations. Designed for health care students.",Google Books,2026-08-30
Professional Interpersonal Skills for Nurses,"Carolyn Kagan, Josie Evans",Springer,2013,,,279,Uncategorised,,none,Medical,9781489944634,https://play.google.com/store/books/details?id=y3YECAAAQBAJ&source=gbs_api,,Google Books,2026-08-30
Research on Professional Responsibility and Ethics in Accounting,Tara J. Shawver,Emerald Group Publishing,2023,,,175,Self-Awareness,identity,none,Business & Economics,9781804557945,https://play.google.com/store/books/details?id=Tpe0EAAAQBAJ&source=gbs_api,"This 25th edition of Research on Professional Responsibility and Ethics in Accounting explores many aspects across professional responsibility and ethics in accounting, including balancing values vs profits, whistleblowing, earnings management, ethical financial reporting, and moral identity.",Google Books,2026-08-30
People-Centric Skills,"Danny M. Goldberg, Manny Rosenfeld",John Wiley & Sons,2014,,,192,Relationship Management,conflict-management|coaching|mentoring|teamwork,none,Business & Economics,9781118850817,http://books.google.com/books?id=AvDxAwAAQBAJ&dq=interpersonal+skills+professional&hl=&as_pt=BOOKS&source=gbs_api,"Business Professionals, to be Truly Effective and Advance in their Careers, Must Master their People-Centric Skills. People-Centric Skills: Interpersonal and Communication Skills for Auditors and Business Professionals is a comprehensive guide to the ""soft skills"" that make technical professionals more effective. People-Centric Skills aim to improve all aspects of personal interactions, relationship development, and communication. These skills are as essential to success as are technical capabil",Google Books,2026-08-30
Interpersonal Skills in Organizations,"Suzanne de Janasz, Karen Dowd, Beth Schneider",McGraw-Hill/Irwin,2008,,,468,Professional Effectiveness,focus|success,none,Business & Economics,,http://books.google.com/books?id=UHEbAQAAMAAJ&dq=interpersonal+skills+professional&hl=&as_pt=BOOKS&source=gbs_api,"Interpersonal Skills in Organizations by de Janasz, Dowd, and Schneider takes a fresh, thoughtful look at the key skills necessary for personnel and managerial success in organizations today. Chock-full of exercises, cases and group activities, the book employs an experiential approach suitable for all student audiences. The book is organized into 4 distinct sections (Understanding Yourself, Understanding Others, Understanding Teams, and Leading) that can be used collectively or modularly depend",Google Books,2026-08-30
Powerful Professionals,Murray Hiebert,Trafford Publishing,2007,,,642,Professional Effectiveness,career|success,none,Business & Economics,9781412234498,http://books.google.com/books?id=gGGf7rB2mOsC&dq=interpersonal+skills+professional&hl=&as_pt=BOOKS&source=gbs_api,"If you are a professional working in an organization, this is the book you've been waiting for.Chock full of checklists, dos and don'ts, models, assessments, worksheets andflowcharts, this book is designed to help you:* market your skills* sell your ideas and proposals* secure client commitment to action* establish 50-50 partnerships with managers* establish powerful professional roles* make client resistance work for you.Using these skills effectively, you will experience increased impact and c",Google Books,2026-08-30
Professional Communication at Work,Joseph L. Chesebro,Routledge,2014,,,384,Communication,communication|storytelling|presentation,none,Language Arts & Disciplines,9781317679301,https://play.google.com/store/books/details?id=O3AKBAAAQBAJ&source=gbs_api,"This text prepares future professionals for success in the workplace through identifying interpersonal communication skills and strategies and exploring when, how, and why to use them. Informed by academic research, professional literature, and author Joseph L. Chesebro’s own experiences, the text explores and demonstrates the skills that have facilitated Chesebro’s own students to find work and to succeed in their professional lives. Offering a very practical focus on such topics as handling co",Google Books,2026-08-30
Internal Consultants,Vanessa Hills,Emerald Group Publishing,2026,,,304,Professional Effectiveness,success,none,Business & Economics,9781805928416,https://play.google.com/store/books/details?id=Cdy7EQAAQBAJ&source=gbs_api,Internal Consultants: The Driving Force Behind Innovation and Success in Organizations spotlights a powerful yet often underrecognized force in modern business: the internal consultant.,Google Books,2026-08-30
Communication Skills for Health Professionals Working with People with Dementia,Samuel Lehmann,GRIN Verlag,2020,,,14,Professional Effectiveness,success|effectiveness,none,Medical,9783346115713,https://play.google.com/store/books/details?id=HCnRDwAAQBAJ&source=gbs_api,"Seminar paper from the year 2019 in the subject Nursing Science - Geriatric Care, grade: 86.3%, James Cook University, course: Bachelor of Physiotherapy, language: English, abstract: The utilisation of effective communication skills by health professionals serves as a crucial aspect in the delivery of quality healthcare and has been proven to improve coping, mitigate medical errors and ultimately increase treatment adherence. Successful therapeutic communication is achieved through the appropria",Google Books,2026-08-30
Teaching Interpersonal Skills,Philip Burnard,Springer,2013,,,200,Uncategorised,,none,Medical,9781489971043,https://play.google.com/store/books/details?id=dRr3BwAAQBAJ&source=gbs_api,,Google Books,2026-08-30
Working with Families in Speech-language Pathology,"Nicole Watts Pappas, Sharynne McLeod",Plural Publishing,2008,,,361,Relationship Management,relationship,none,Medical,9781597568425,https://play.google.com/store/books/details?id=wNHuBwAAQBAJ&source=gbs_api,"This book links research to clinical practice with studies of parents’ perceptions of their involvement in their child’s intervention, and their relationship with the Speech-Language Pathologist (SLP) being used to inform clinicians of the most effective ways of interacting with and involving parents in SLP intervention. A series of chapters covering the evidence base of effectiveness of parent and family involvement in different areas of SLP clinical practice also inform readers of what methods",Google Books,2026-08-30
Develop Your Interpersonal Skills at Work,"Elissa Thompson, Michael A. Sommers","The Rosen Publishing Group, Inc",2019,,,66,Relationship Management,teamwork|relationship,none,Juvenile Nonfiction,9781725347144,https://play.google.com/store/books/details?id=_LPXDwAAQBAJ&source=gbs_api,"Establishing professional relationships is an important part of building a career. With this enlightening resource, readers will be ready to wow their boss and peers with their commitment to teamwork. This insightful read will clearly explain how to communicate in an effective manner, all while being assertive, influential, and cooperative. Readers will find step-by-step guides on how to negotiate and how to handle conflict in a professional, respectful, and direct manner. Teens will be empowere",Google Books,2026-08-30
People-Centric Skills,Danny M. Goldberg,John Wiley & Sons,2020,,,211,Professional Effectiveness,career|success,none,Business & Economics,9781119669333,https://play.google.com/store/books/details?id=xhTxDwAAQBAJ&source=gbs_api,"Use your interpersonal and communication skills as a financial professional to work successfully with clients Embark on a journey to further develop your career when you read People-Centric Skills: Interpersonal and Communication Skills for Financial Professionals, 2nd Edition. Business leaders consider employee communication skills and critical thinking abilities as essential elements for success. In their work, all professionals must communicate clearly and rely on their interpersonal skills t",Google Books,2026-08-30
Communication - eBook,Gjyn O'Toole,Elsevier Health Sciences,2020,,,486,Self-Management,habits,none,Medical,9780729587747,https://play.google.com/store/books/details?id=3pPTDwAAQBAJ&source=gbs_api,"Written by Gjyn O'Toole, Communication: Core Interpersonal Skills for Healthcare Professionals 4e is an essential guide to clear and effective communication in a multidisciplinary healthcare setting. Divided into four sections, the fourth edition challenges the reader to reflect upon their personal communication style and habits; introduces strategies and skills to enhance future practice, and encourages the development of confidence through activities, scenarios and case studies. This fully rev",Google Books,2026-08-30
People Skills at Work,"Evan Berman, Dira Berman",CRC Press,2011,,,438,Professional Effectiveness,career|success,none,Political Science,9781420093865,http://books.google.com/books?id=hgfMBQAAQBAJ&dq=people+skills+work&hl=&as_pt=BOOKS&source=gbs_api,"Wouldn‘t you like to achieve better work results, advance your career, navigate the workplace effortlessly, and more easily balance work success with personal well-being? Who doesn‘t want the secret recipe for that? While there may not be a single, one size fits all answer, developing a people skills toolkit can put you on the right path. An explor",Google Books,2026-08-30
Management Fundamentals,Robert N. Lussier,SAGE Publications,2023,,,909,Social Awareness,diversity,goleman,Business & Economics,9781071873502,https://play.google.com/store/books/details?id=-iKjEAAAQBAJ&source=gbs_api,"Packed with experiential exercises, self-assessments, and group activities, Management Fundamentals: Concepts, Applications, and Skill Development, Tenth Edition develops essential management skills students can use in their personal and professional lives. Bestselling author Robert N. Lussier uses the most current cases and examples to illustrate management concepts in today’s ever-changing business world. This fully updated new edition provides in-depth coverage of key AACSB topics such as div",Google Books,2026-08-30
Workplace Essential Skills,,,2000,,,588,Uncategorised,,none,Education and training services industry,,https://play.google.com/store/books/details?id=Z4IdcctyrL8C&source=gbs_api,,Google Books,2026-08-30
"Business Communication, 3rd Edition",Madhukar R.K.,Vikas Publishing House,,,,490,Communication,communication,none,Business & Economics,9789352710898,https://play.google.com/store/books/details?id=70h1DwAAQBAJ&source=gbs_api,"It is a comprehensive textbook especially designed for the students of commerce, management and other professional courses. It serves both as a learner´s text and a practitioner´s guide. It provides a sharp focus on all relevant concepts and cardinal principles of business communication and adds value to the reader´s understanding of the subject. Following a need-based and sequential approach, the book is highly stimulating and leads students to communicate with élan and prepare for work place c",Google Books,2026-08-30
English Language Education for Graduate Employability in Vietnam,"Tran Le Huu Nghia, Ly Thi Tran, Mai Tuyet Ngo",Springer Nature,2023,,,383,Professional Effectiveness,career|effectiveness,none,Education,9789819943388,https://play.google.com/store/books/details?id=QnLXEAAAQBAJ&source=gbs_api,"This open access book examines the teaching and learning of English for employability in Vietnamese higher education. Its content is framed within one country to better examine the research issues within the influence of contextual factors. This book investigates how English can contribute to the development of students' employability capitals, particularly in the aspects of human capital, social capital, cultural capital, identity capital, and psychological capital. It presents employers' and e",Google Books,2026-08-30
Training in Interpersonal Skills,"Stephen P. Robbins, Phillip L. Hunsaker",,2012,,,386,Uncategorised,,none,Interpersonal communication,9780132551762,http://books.google.com/books?id=jVhspwAACAAJ&dq=people+skills+work&hl=&as_pt=BOOKS&source=gbs_api,,Google Books,2026-08-30
Greenskeeping,,,2003,,,130,Uncategorised,,none,Golf courses,,http://books.google.com/books?id=-HpYAAAAYAAJ&dq=people+skills+work&hl=&as_pt=BOOKS&source=gbs_api,,Google Books,2026-08-30
Leadership Through People Skills,"R. E. Lefton, Victor Buzzotta",McGraw Hill Professional,2003,,,240,Self-Management,motivation,none,Business & Economics,9780071785662,https://play.google.com/store/books/details?id=qLrmqa9792YC&source=gbs_api,"The pioneers of the Dimensional Model for managerial behavior demonstrate how to master skills that boost productivity Robert Lefton and Victor Buzzotta, cofounders of Psychological Associates, have revolutionized managerial procedure with their Dimensional Model--a behavioral standard that has been adapted and imitated by companies all over the world. Leadership Through People Skills outlines this model, as the authors explain in detail how people skills work and provide exercises designed to i",Google Books,2026-08-30
People Skills for Public Managers,"Suzanne Mccorkle, Stephanie Witt",Routledge,2014,,,204,Communication,communication,none,Business & Economics,9781317463047,https://play.google.com/store/books/details?id=0EDfBQAAQBAJ&source=gbs_api,"This book fills the need for a communication-based, public sector framed book. The authors combine just enough basic theory about communication with specific skill development in areas of immediate interest to those who work in the public sector. It also features a strong ""practice"" orientation, with plentiful boxed applications (Insights from the Field, Skill Development boxes, Case Studies). It concludes with an especially useful summary chapter that describes the ten essential skills for succ",Google Books,2026-08-30
Skill With People,Les Giblin,Les Giblin Books,1968,,,45,Relationship Management,influence|trust|relationship,none,Self-Help,9780961641603,https://play.google.com/store/books/details?id=bXwMAQAAQBAJ&source=gbs_api,"** Over 4 million copies sold and translated into 20 languages worldwide! ** - Looking to have a better social life? - Looking to build stronger working relationships? - Looking to communicate more effectively with the people around you? If you have a partner or a family, this book will show you how to communicate better and strengthen the most important bonds in your life. If you have a job, it will help you get along better with your boss and coworkers. If you have a business, it will teach yo",Google Books,2026-08-30
Women in Leadership Positions in the People's Republic of China,Maria Adnane,GRIN Verlag,2020,,,178,Relationship Management,influence|leadership,none,Business & Economics,9783346174321,https://play.google.com/store/books/details?id=cqPoDwAAQBAJ&source=gbs_api,"Master's Thesis from the year 2012 in the subject Business economics - Business Management, Corporate Governance, grade: 1,7, Heilbronn University, language: English, abstract: Women are still significantly underrepresented in Top Management positions and leadership is still associated with the male gender as leadership theories traditionally focus on men. This is especially evident in China which has one of the world’s highest female labor participation but a female share of only eight percent ",Google Books,2026-08-30
Training Within Industry Bulletin Series,"Training With Industry Foundation, Summit, N.J.",,1946,,,44,Uncategorised,,none,,,https://play.google.com/store/books/details?id=M1BZAAAAYAAJ&source=gbs_api,,Google Books,2026-08-30
Great Teachers,Great Britain. Parliament. House of Commons. Education Committee,The Stationery Office,2012,,,312,Uncategorised,,none,Political Science,9780215044112,http://books.google.com/books?id=2yGHtQWpGZ8C&dq=people+skills+work&hl=&as_pt=BOOKS&source=gbs_api,"Additional written evidence is contained in Volume 3, available on the Committee website at www. parliament.uk/education-committee",Google Books,2026-08-30
People Skills for Engineers,Tony Munson,Independently Published,2018,,,210,Professional Effectiveness,career|performance|success|effectiveness,none,Communication in engineering,9781723996788,http://books.google.com/books?id=d79pvgEACAAJ&dq=people+skills+work&hl=&as_pt=BOOKS&source=gbs_api,"Do you feel disconnected from the other engineers you work with? Are personal interactions often uncomfortable, adversarial, or just plain weird? Or, do you know your people skills need help, but you're unsure of where to start?WARNING: Failings with people can be the undoing of even the most talented technical team.Drawing on more than sixteen years of experience working alongside other engineers, Tony Munson provides a foundational set of people skills every engineer should possess in order to",Google Books,2026-08-30
Training in Inter-personal Skills,Stephen P. Robbins,Prentice Hall,1989,,,249,Uncategorised,,none,Interpersonal communication,9780139262395,http://books.google.com/books?id=yHNcQAAACAAJ&dq=people+skills+work&hl=&as_pt=BOOKS&source=gbs_api,Includes bibliographies.,Google Books,2026-08-30
Interpersonal Skills,Henry Lee,No Fluff Publishing ,2020,,,22,Communication,communication|negotiation|listening|body-language,none,Psychology,,https://play.google.com/store/books/details?id=ovnoDwAAQBAJ&source=gbs_api,"With the aim of connecting you better with other people, this guide focuses on improving your interpersonal skills, so you can use these skills in developing stronger personal and professional relationships. The guide will aid you in assessing numerous people interactions while providing you with the appropriate reactions and responses to each. In addition, this book will help you in forming new affairs and at the same time, assist you in preserving existing ones. The book will serve as an instr",Google Books,2026-08-30
Collins Dictionary,"John Pierson, Martin Thomas",Collins,2002,,,532,Professional Effectiveness,career,none,Business & Economics,,http://books.google.com/books?id=C1JHAAAAMAAJ&dq=people+skills+work&hl=&as_pt=BOOKS&source=gbs_api,"Fully revised and updated, the new edition of the 'Collins Dictionary of Social Work' includes much new material on Britain's constantly evolving social landscape, giving concise and comprehensible explanations in jargon-free language of the most important social work terms, and is designed particularly for students in further and higher education who are preparing for careers in child care, psychiatric nursing, residential care, community care, counselling, the probation service, and social wor",Google Books,2026-08-30
Trained Men. ...,,,1928,,,590,Uncategorised,,none,,,https://play.google.com/store/books/details?id=SuQrAQAAMAAJ&source=gbs_api,,Google Books,2026-08-30
Emotional Intelligence: The Key to Personal and Professional Growth,Shu Chen Hou,KOKOSHUNGSAN®,,,,198,Self-Management,resilience|motivation|self-regulation,goleman,Education,,https://play.google.com/store/books/details?id=FmC8EAAAQBAJ&source=gbs_api,"Are you struggling to manage your emotions and navigate interpersonal relationships in your personal and professional life? Do you feel like your emotional responses are holding you back from achieving your goals? Look no further than the power of emotional intelligence. Emotional intelligence is the key to personal and professional growth, allowing individuals to understand and manage their own emotions while also effectively navigating the emotions of others. With emotional intelligence, you c",Google Books,2026-08-30
Awakening the Self,Bright Days,Independently Published,2024,,,0,Self-Awareness,self-awareness,none,Self-Help,9798300136130,http://books.google.com/books?id=dSj40AEACAAJ&dq=self+awareness+personal+growth&hl=&as_pt=BOOKS&source=gbs_api,"The importance of self-awareness cannot be overstated in the journey of personal growth. It serves as the foundation upon which individuals can build a deeper understanding of themselves, their motivations, and their behaviors. Self-awareness allows individuals to recognize their strengths and weaknesses, enabling them to make informed decisions that align with their true selves. This understanding is crucial for adults seeking to enhance their personal development, as it empowers them to naviga",Google Books,2026-08-30
Enneagram Self Discovery,"Beto Canales, Habits Of Wisdom",,2019,,,208,Self-Awareness,self-awareness,none,Self-Help,9781950931200,http://books.google.com/books?id=MDE_yAEACAAJ&dq=self+awareness+personal+growth&hl=&as_pt=BOOKS&source=gbs_api,"If you want to become the best version of yourself through self-awareness personal growth and the nine personality types of Enneagram, then keep reading...",Google Books,2026-08-30
The Art And Science Of Coaching,"Prof. N. K. Chadha, Dr. Nupur Gosain",The Readers Paradise ,,,,268,Relationship Management,coaching,none,Psychology,,https://play.google.com/store/books/details?id=Z5ySEQAAQBAJ&source=gbs_api,"“The Art and Science of Coaching” is both a concept and a program title used in professional coach training—most notably associated with Erickson Coaching International, founded by Marilyn Atkinson. It blends psychological principles, neuroscience, and practical communication techniques to help people facilitate growth, transformation, and performance in others.",Google Books,2026-08-30
"Foundations of Reading, Writing, and Proving",Manish Joshi,Educohack Press,2025,,,221,Thinking & Deciding,critical-thinking|logic,none,Social Science,9789361523311,https://play.google.com/store/books/details?id=c5lIEQAAQBAJ&source=gbs_api,"""Foundations of Reading, Writing, and Proving"" is a comprehensive exploration of the interconnected processes that form the backbone of effective communication and critical thinking. We delve into the fundamental skills of reading, writing, and logical reasoning, offering a holistic approach to mastering these essential skills. We begin by examining the art of reading with comprehension and depth. Strategies for extracting meaning from texts, analyzing arguments, and evaluating evidence are expl",Google Books,2026-08-30
Why Am I Afraid to Tell You who I Am,John Powell,,,,,0,Uncategorised,,none,Interpersonal relations,,http://books.google.com/books?id=_Al80AEACAAJ&dq=self+awareness+personal+growth&hl=&as_pt=BOOKS&source=gbs_api,,Google Books,2026-08-30
Destructive Selfishness::,Josh K. Edwards,epubli,2025,,,313,Social Awareness,compassion,none,"Body, Mind & Spirit",9783819747915,https://play.google.com/store/books/details?id=WjxoEQAAQBAJ&source=gbs_api,"Destructive Selfishness:: Challenge Yourself and Stop Being Selfish [Avoid Ruining Your Relationships and Start a Positive Change in Your Life.] Have you ever wished you knew how to stop being selfish, but had no idea where to start from? In this thought-provoking book, we embark on a quest to understand the origins, consequences, and potential remedies for selfish behavior. Each chapter delve into a different facet of this complex topic, we aim to unravel the enigma of selfishness and its role ",Google Books,2026-08-30
Embracing MinPlus,Kevin Xue,Kevin Xue,2023,,,82,Uncategorised,,none,Philosophy,9798397282512,https://play.google.com/store/books/details?id=HWbDEAAAQBAJ&source=gbs_api,"The MinPlus concept is derived from multiple sources of inspiration, including the mathematical symbol ± and the philosophical concept of Yin and Yang. The ± symbol, commonly known as ""plus-minus,"" represents the duality of positive and negative values in mathematics. It signifies the coexistence and interplay of opposite elements, emphasizing balance and the potential for both positive and negative outcomes. Yin and Yang, originating from Chinese philosophy, symbolize the dualistic forces and c",Google Books,2026-08-30
Pathways to Joy,Mukesh Bharti,Khushboo Publisher,2024,,,121,Self-Awareness,mindfulness|self-discovery,none,Self-Help,,https://play.google.com/store/books/details?id=zY8aEQAAQBAJ&source=gbs_api,"""Pathways to Joy: A Practical Guide to Living with Happiness"" is an empowering and insightful resource designed to help individuals discover and cultivate their own unique paths to lasting happiness. This book provides a comprehensive exploration of the various dimensions of joy, offering practical tools, techniques, and strategies that readers can implement in their daily lives. Drawing on a wealth of research from psychology, neuroscience, and mindfulness, ""Pathways to Joy"" delves into the fun",Google Books,2026-08-30
12 Factors for Personal Growth and Self-Development: Unlocking the Keys to a Better You,Amanpreet Kaur,Inkwell Press,2024,,,75,Self-Awareness,self-awareness|mindfulness|self-discovery,goleman,Self-Help,,https://play.google.com/store/books/details?id=oDg5EQAAQBAJ&source=gbs_api,"""12 Factors for Personal Growth and Self-Development: Unlocking the Keys to a Better You"" is your ultimate guide to achieving a fulfilling, balanced, and successful life. Whether you're striving for personal excellence, professional success, or inner peace, this book provides the tools and strategies you need to unlock your full potential. Inside, you'll explore twelve transformative factors that form the foundation of personal growth, including self-awareness, emotional intelligence, resilience",Google Books,2026-08-30
Unlocking the Power of Self-Awareness,Nuta King,Independently Published,2023,,,0,Self-Awareness,self-awareness|self-discovery|sense-of-purpose,none,,9798866991754,http://books.google.com/books?id=UHpV0AEACAAJ&dq=self+awareness+personal+growth&hl=&as_pt=BOOKS&source=gbs_api,"Do You Want To Unlock The Power Of Your Self Awareness? Then This Book Is A Must Read! Discover the path to a more fulfilled, purpose-driven life in ""Unlocking the Power of Self-Awareness: A Comprehensive Guide to Personal Growth."" Have you ever wondered what makes some individuals confident, resilient, and deeply in tune with their inner selves, while others seem to stumble through life without a clear sense of purpose? The key lies in self-awareness, the cornerstone of personal growth and last",Google Books,2026-08-30
Unlocking Your Potential,Brodrick Foster,Independently Published,2023,,,0,Self-Awareness,self-awareness|self-discovery,goleman,,9798864139400,http://books.google.com/books?id=8c860AEACAAJ&dq=self+awareness+personal+growth&hl=&as_pt=BOOKS&source=gbs_api,"Self-awareness, often likened to holding a mirror up to one's soul, is a captivating journey into the depths of our own minds. It's a treasure map to understanding our quirks, strengths, and flaws, offering us the key to unlock the hidden potential within us. Self-awareness is like a magic potion for personal growth and emotional intelligence, granting us the power to navigate life's challenges with finesse. Imagine the power of knowing your own emotions, motivations, and reactions as if they we",Google Books,2026-08-30
"Journal: Be Less Curious about People Self Awareness Personal Growth; 120 Pages, Lined 6 X 9",Jingle Journals,Independently Published,2018,,,122,Self-Awareness,self-awareness,none,"Body, Mind & Spirit",9781723709876,http://books.google.com/books?id=VlbRuwEACAAJ&dq=self+awareness+personal+growth&hl=&as_pt=BOOKS&source=gbs_api,"A Journal to remind you of how important personal growth really is. This journal can be used for multiple uses as a to-do list, sketchbook, notebook, diary or anything that needed but most importantly, it is for all purpose use. Another option for using this journal is for separating your little to-do lists in order to keep organized. The journal also works for people who like pen and paper to-do lists or enjoy goal - setting and keeping track of daily habits. Also a great option for persons who",Google Books,2026-08-30
Self-awareness,Lance P Richards,Urgesta as,2023,,,0,Relationship Management,coaching|relationship,goleman,Psychology,9798889131601,http://books.google.com/books?id=KX_wzwEACAAJ&dq=self+awareness+personal+growth&hl=&as_pt=BOOKS&source=gbs_api,"Are you ready to take control of your life and unlock your true potential? Do you find yourself feeling lost, unfulfilled, or unsure of your direction in life? If so, then I invite you to discover the power of self-awareness through my new book, ""Self-awareness: Unlock Your True Potential."" In this comprehensive guide, I offer practical and inspirational advice for mastering self-awareness and living a fulfilling life in the modern world. Drawing on my own personal experiences as well as years o",Google Books,2026-08-30
The Happiness Story,Savi Sharma,Harper Collins,2023,,,162,Uncategorised,,none,Self-Help,9789356995536,https://play.google.com/store/books/details?id=i77bEAAAQBAJ&source=gbs_api,"What if happiness isn't a distant dream, but a choice within your reach? Is there an effective way to tackle being demotivated by an intimidating world? Are you ready to abandon the fruitless quest for fleeting joy and discover the pleasure of being always content? Having enthralled millions with her captivating novels, bestselling author Savi Sharma answers the most searched question of our times: How do I achieve lasting happiness? Packed with true stories that are as moving as they are enrich",Google Books,2026-08-30
Awakening Your Potential,"Barrett Williams, ChatGPT",Barrett Williams,2024,,,126,Self-Management,resilience|adaptability|motivation|growth-mindset,goleman,Self-Help,,https://play.google.com/store/books/details?id=xZwwEQAAQBAJ&source=gbs_api,"Unlock the secrets to transforming your life with ""Awakening Your Potential,"" the comprehensive guide to personal growth and self-improvement. This enlightening eBook offers a step-by-step journey that helps you harness the power within you to achieve your dreams and live your best life. Begin your journey with self-awareness and reflection, uncovering the depths of your being to understand what really drives you. Learn how to identify your core values and beliefs, and align them with your aspir",Google Books,2026-08-30
Self-awareness for Nurses,Philip Burnard,Aspen Publishers,1986,,,184,Self-Awareness,self-awareness,none,Education,,http://books.google.com/books?id=eVVtAAAAMAAJ&dq=self+awareness+personal+growth&hl=&as_pt=BOOKS&source=gbs_api,,Google Books,2026-08-30
Getting Real,"Greg Vance, Patricia Martin",,1993,,,136,Self-Awareness,self-awareness,none,Camping,9780864175298,http://books.google.com/books?id=0uxFOAAACAAJ&dq=self+awareness+personal+growth&hl=&as_pt=BOOKS&source=gbs_api,"A how-to on self improvement which sets out guidelines for enhancing self-esteem and self-awareness, developing both hemispheres of the brain, coping with stress and achieving growth in all aspects of personality and intellectual capacities. Indexed.",Google Books,2026-08-30
Handbook of Mindfulness,,Guilford Publications,,,,434,Self-Awareness,mindfulness,none,,9781462557011,https://play.google.com/store/books/details?id=RwxIEQAAQBAJ&source=gbs_api,,Google Books,2026-08-30
מינוסטרס-התמודדות עם חרדות,,,2005,,,,Uncategorised,,none,Anxiety,9781591793595,http://books.google.com/books?id=APWqjgEACAAJ&dq=mindfulness+meditation&hl=&as_pt=BOOKS&source=gbs_api,,Google Books,2026-08-30
Mindfulness Meditation Guide,Joseph Samuel,Independently Published,2020,,,32,Professional Effectiveness,focus|success,none,,9798619311488,http://books.google.com/books?id=xa5izQEACAAJ&dq=mindfulness+meditation&hl=&as_pt=BOOKS&source=gbs_api,"Simple 7 Days Meditation Practices to Reduce Stress, promote sleep, find Relaxation and inner peace.Today only, get this book for just $6.99. Regularly priced at $9.99.Meditation is a huge part of a healthy lifestyle. It has become a very popular subject, and for good reason... Everybody is feeling the pressure to succeed and do great in their lives, but the work involved in becoming successful can be enough to make anyone exhausted. We put so much energy into trying to create our best lives tha",Google Books,2026-08-30
Mindfulness Meditation for Everyday Life,Jon Kabat-Zinn,Piatkus Books,1994,,,270,Self-Awareness,mindfulness,none,Attention,9780749914226,http://books.google.com/books?id=55pEAAAACAAJ&dq=mindfulness+meditation&hl=&as_pt=BOOKS&source=gbs_api,"Mindfulness is considered the heart of Buddhist meditation. But its essence is universal and of deep practical benefit to everyone. In Mindfulness Meditation for Everyday Life, Jon Kabat-Zinn maps out a simple path for cultivating mindfulness in our lives, and awakening us to the unique beauty and possibilities of each present moment. He shows us how this simple meditation technique can enable us to be truly in touch with where we already are, so that we can be fully aware at all times.",Google Books,2026-08-30
Mindfulness Meditation in Psychotherapy,Steven A Alper,New Harbinger  Publications,2016,,,264,Self-Awareness,mindfulness,none,Psychology,9781626252776,https://play.google.com/store/books/details?id=_lyfCwAAQBAJ&source=gbs_api,"Mindfulness meditation can help both therapists and clients stay in the present moment and make the most of treatment sessions. This comprehensive training manual presents the mindfulness pyramid model: a practical, multi-dimensional, and graphic model for implementing mindfulness in psychotherapy. Using the new approach outlined in this book, therapists will be able to employ the healing power of mindfulness for better treatment outcomes.",Google Books,2026-08-30
Mindfulness,"J. Mark Williams, Jon Kabat-Zinn",Routledge,2013,,,350,Self-Awareness,mindfulness,none,Psychology,9781317985136,https://play.google.com/store/books/details?id=8UKPAQAAQBAJ&source=gbs_api,"Mindfulness-based approaches to medicine, psychology, neuroscience, healthcare, education, business leadership, and other major societal institutions have become increasingly common. New paradigms are emerging from a confluence of two powerful and potentially synergistic epistemologies: one arising from the wisdom traditions of Asia and the other arising from post-enlightenment empirical science. This book presents the work of internationally renowned experts in the fields of Buddhist scholarshi",Google Books,2026-08-30
Mindfulness Meditation,Mindfulness Mastery,Mindfulness Mastery,2024,,,83,Self-Awareness,self-awareness|mindfulness|self-discovery,none,"Body, Mind & Spirit",,https://play.google.com/store/books/details?id=ixQFEQAAQBAJ&source=gbs_api,"TRANSFORM YOUR LIFE WITH MINDFULNESS MEDITATION: ESSENTIAL GUIDE AND MEDITATION SCRIPTS INCLUDED! Discover the transformative practice of mindfulness with our guide, designed to help you embark on a journey of self-discovery and inner peace. Explore essential explanations and step-by-step instructions on starting mindfulness meditations, accompanied by a diverse set of mindfulness meditation scripts to enhance your practice. Immerse yourself in the world of mindfulness and unlock the potential t",Google Books,2026-08-30
"Meditation and Mindfulness. The Secrets to Raising Your Awareness, Spirituality and Inner Peace through Mindfulness Meditation",Parthiben Sivaprakasam,GRIN Verlag,2014,,,34,Self-Awareness,mindfulness,none,Social Science,9783656730460,https://play.google.com/store/books/details?id=hUqFBAAAQBAJ&source=gbs_api,"Essay from the year 2014 in the subject Sociology - Knowledge and Information, grade: 12, -, language: English, abstract: There is a very thin arbitrary line between our daily lives and meditation. Meditation has different meanings and it perceived differently in various parts of the world. Though mindfulness is a modern term, it has its roots back in the concept of meditation. The term actually compliments meditation. This book lays a strong foundation on the basics of mindfulness and meditatio",Google Books,2026-08-30
Guided Meditations for Beginners,Mindfulness Mastery,Mindfulness Mastery,2024,,,82,Self-Awareness,mindfulness|introspection|self-discovery,none,"Body, Mind & Spirit",,https://play.google.com/store/books/details?id=hxQFEQAAQBAJ&source=gbs_api,"EMBARK ON A JOURNEY OF SELF-DISCOVERY WITH GUIDED MEDITATIONS FOR BEGINNERS Delve into the transformative world of meditation with ""Guided Meditations for Beginners."" This comprehensive guide offers a doorway into the serene realm of mindfulness, perfect for those taking their first steps on the path to inner peace. Discover the essence of meditation as this book unravels the mysteries behind its practice. Learn the fundamental techniques and principles that lay the groundwork for a fulfilling m",Google Books,2026-08-30
"Wherever You Go, There You Are",Jon Kabat-Zinn,Balance,2023,,,277,Self-Awareness,mindfulness,none,Self-Help,9780306832024,https://play.google.com/store/books/details?id=kF-3EAAAQBAJ&source=gbs_api,"Find quiet reflective moments in your life—and reduce your stress levels drastically—with this classic bestselling guide updated and featuring a new introduction and afterword. When Wherever You Go, There You Are was first published in 1994, no one could have predicted that the book would launch itself onto bestseller lists nationwide and sell over 1 million copies to date. Thirty years later, Wherever You Go, There You Are remains a foundational guide to mindfulness and meditation, introducing ",Google Books,2026-08-30
Meditation Is Not What You Think,Jon Kabat-Zinn,Hachette Books,2018,,,252,Self-Awareness,mindfulness,none,"Body, Mind & Spirit",9780316522021,https://play.google.com/store/books/details?id=Qjs2DwAAQBAJ&source=gbs_api,"Welcome to a master class in mindfulness. Jon Kabat-Zinn is regarded as ""one of the finest teachers of mindfulness you'll ever encounter"" (Jack Kornfield). He has been teaching the tangible benefits of meditation in the mainstream for decades. Today, millions of people around the world have taken up a formal mindfulness meditation practice as part of their everyday lives. But what is meditation anyway? And why might it be worth trying? Or nurturing further if you already have practice? Meditatio",Google Books,2026-08-30
Falling Awake,Jon Kabat-Zinn,Hachette Books,2018,,,189,Self-Awareness,mindfulness,none,"Body, Mind & Spirit",9780316521970,https://play.google.com/store/books/details?id=jDs2DwAAQBAJ&source=gbs_api,"Think you have no time for mindfulness? Think again. ""Thoughtful and provocative.... The relevance of this work is unquestionable, as it leaves us inspired and optimistic that true healing really is possible"" (Sharon Salzberg). For four decades, Jon Kabat-Zinn has been teaching the tangible benefits of meditation in the mainstream. Today millions of people have taken up a formal mindfulness meditation practice as part of their everyday lives. But how do you actually go about meditating? What doe",Google Books,2026-08-30
Buddha's Book of Sleep,Joseph Emet,"Hay House, Inc",2012,,,161,Self-Awareness,self-awareness|mindfulness,none,Health & Fitness,9781781800812,http://books.google.com/books?id=PNqyMqfJQPsC&dq=mindfulness+meditation&hl=&as_pt=BOOKS&source=gbs_api,"Sleep deprivation is a growing problem worldwide. We go to our doctors for advice, but they seem to have nothing but pills to counteract this predicament, and these quick fixes fail to get to the root of the problem.Buddha's Book of Sleep is the first book to treat sleep disorders from the perspective of mindfulness meditation. Yet this is a natural choice - mindfulness meditation has proven effective for other psychological problems such as stress, depression and anxiety and these very issues a",Google Books,2026-08-30
Buddha's Book of Stress Reduction,Joseph Emet,TarcherPerigee,2013,,,226,Self-Awareness,mindfulness,none,Biography & Autobiography,9780399167331,http://books.google.com/books?id=Kj_aCwAAQBAJ&dq=mindfulness+meditation&hl=&as_pt=BOOKS&source=gbs_api,"From stress to well-being—give yourself the gift of the Buddha’s peace. No, it is not all in your head: life is stressful, and some lives more so than others. Yet people react to the same situations differently, and recognizing the difference between what we can control and what we can’t is crucial for stress management—and it is an awakening in and of itself. This practical book is designed to bring the benefits of mindfulness meditation practice to stress reduction. Unlike other stress-reducti",Google Books,2026-08-30
"Start Here, Start Now",Bhante Gunaratana,Simon and Schuster,2019,,,101,Self-Awareness,mindfulness,none,Philosophy,9781614296317,https://play.google.com/store/books/details?id=G1WKDwAAQBAJ&source=gbs_api,"A new book distilling Wisdom’s definitive masterpiece on mindfulness and all-time bestseller, Mindfulness in Plain English, down to a pocket-sized guide with everything you need to get started practicing mindfulness right now. In a clear, friendly voice, this concise collection of beloved and renowned meditation master Bhante G’s bestselling instructions will teach you everything you need to know to start—and maintain!—your mindfulness meditation practice. The book includes practical advice on W",Google Books,2026-08-30
The Five Core Skills of Mindfulness,Terry Fralich,PESI Publishing & Media,2013,,,238,Self-Awareness,mindfulness,none,Psychology,9781936128044,http://books.google.com/books?id=nEJEBgAAQBAJ&dq=mindfulness+meditation&hl=&as_pt=BOOKS&source=gbs_api,"Unlike general definitions and concepts of mindfulness, Five Core Skills describes in clear language a skill-based and integrated practice you can use right away to reduce stress, minimize suffering and enhance life. With the insights, exercises and meditations in Part One, all the resources are there to experience the peace of living more mindfully. In Part Two, author Terry Fralich draws on his 35 years of experience with personal essays about mindfulness in the context of nature, relationship",Google Books,2026-08-30
Finding the Center Within,"Thomas Bien, Beverly Bien",Turner Publishing Company,2007,,,258,Self-Awareness,mindfulness,none,Self-Help,9780470240298,https://play.google.com/store/books/details?id=THnuEAAAQBAJ&source=gbs_api,"""Finding the Center Within is a practical manual on the practice of mindfulness, which can help many people to embody their Buddha nature and become radiant and peaceful beings. It provides easy steps for practicing mindfulness in day-to-day living."" -Thich Nhat Hanh, author of Peace Is Every Step, The Miracle of Mindfulness, and Anger: Wisdom for Cooling the Flames All of us want to live a calmer, more peaceful existence. Thomas and Beverly Bien teach that if we find the center within through o",Google Books,2026-08-30
Buddha's Book of Meditation,Joseph Emet,TarcherPerigee,2015,,,242,Self-Management,self-control|self-regulation,none,"Body, Mind & Spirit",9780399172625,http://books.google.com/books?id=4D7aCwAAQBAJ&dq=mindfulness+meditation&hl=&as_pt=BOOKS&source=gbs_api,"A journey from “brainfulness” to mindfulness, from self-control to self-regulation, and from indifference to compassion Mindfulness meditation is an increasingly popular form of an ancient and powerful technique for reducing stress, elevating one’s mental state, and improving the practitioner’s overall quality of life. Award-winning author and mindfulness meditation teacher Joseph Emet now takes you down a step-by-step path to integrate this potent form of meditation into your daily life. Offeri",Google Books,2026-08-30
Mindfulness and Buddhist-Derived Approaches in Mental Health and Addiction,"Edo Shonin, William Van Gordon, Mark D. Griffiths",Springer,2015,,,429,Self-Awareness,mindfulness,none,Psychology,9783319222554,https://play.google.com/store/books/details?id=nPTuCgAAQBAJ&source=gbs_api,"This book provides a timely synthesis and discussion of recent developments in mindfulness research and practice within mental health and addiction domains. The book also discusses other Buddhist-derived interventions – such as loving-kindness meditation and compassion meditation – that are gaining momentum in clinical settings. It will be an essential text for researchers and mental health practitioners wishing to keep up-to-date with developments in mindfulness clinical research, as well as an",Google Books,2026-08-30
Self-Discovery,Emmanuel N Porters,Independently Published,2023,,,0,Self-Awareness,self-awareness|self-discovery|sense-of-purpose|identity,none,,9798391170266,http://books.google.com/books?id=-9LWzwEACAAJ&dq=self+discovery+identity&hl=&as_pt=BOOKS&source=gbs_api,"Who am I? What is my purpose in life? These are questions that have plagued humanity since the beginning of time. As we go through life, we often find ourselves at a crossroads, unsure of who we are or where we are going. This is what is known as an identity crisis, a feeling of confusion and uncertainty about oneself and one's place in the world. But there is a way to avoid this crisis and find a sense of purpose and fulfilment in life. It begins with self-discovery. By taking the time to under",Google Books,2026-08-30
The Awareness of Self Discovery,William Samuel,,1970,,,,Uncategorised,,none,,9780916108526,http://books.google.com/books?id=l5qPAAAACAAJ&dq=self+discovery+identity&hl=&as_pt=BOOKS&source=gbs_api,,Google Books,2026-08-30
The Journey to Self Discovery,Emmanuel Joseph,,2024,,,0,Self-Awareness,introspection|self-discovery|identity,none,Psychology,9788023477146,http://books.google.com/books?id=4kOP0AEACAAJ&dq=self+discovery+identity&hl=&as_pt=BOOKS&source=gbs_api,"Title: The Journey to Self Discovery: Unraveling the Layers of Identity embark on an enlightening exploration of the intricate tapestry of human identity in ""The Journey to Self Discovery: Unraveling the Layers of Identity."" This profound and insightful book delves into the complexities, nuances, and transformative nature of self-discovery, guiding readers through the multifaceted dimensions that shape our identities. From the roots of identity embedded in familial ties and cultural influences t",Google Books,2026-08-30
The Oxford Handbook of Identity Development,"Kate C. McLean, Moin U. Syed",,2015,,,625,Self-Awareness,identity,none,Psychology,9780199936564,http://books.google.com/books?id=QXLDBAAAQBAJ&dq=self+discovery+identity&hl=&as_pt=BOOKS&source=gbs_api,Identity is defined in many different ways in various disciplines in the social sciences and sub-disciplines within psychology. The developmental psychological approach to identity is characterized by a focus on developing a sense of the self that is temporally continuous and unified across the different life spaces that individuals inhabit. Erikson proposed that the task of adolescence and young adulthood was to define the self by answering the question: Who Am I? There have been many advances ,Google Books,2026-08-30
Constructing Identity. Narratives of Self-Exploration in Two Blogs of Female Solo Travellers,Marie-Kristin Hofmann,GRIN Verlag,2017,,,57,Self-Awareness,identity,none,Literary Collections,9783668494251,https://play.google.com/store/books/details?id=f7suDwAAQBAJ&source=gbs_api,"Bachelor Thesis from the year 2015 in the subject American Studies - Literature, grade: 1,3, University of Mannheim (Lehrstuhl für Amerikanische Literatur- und Kulturwissenschaft), language: English, abstract: Travel blogs, as narratives of identity, can provide a particularly apt insight into female solo travellers’ identity constructions and the narrative strategies they use to present these identities to their readers. Using an exploratory and qualitative approach, this paper aims at explorin",Google Books,2026-08-30
Identity In Recovery,"Lila Santoro, AI",Publifye AS,2025,,,123,Self-Awareness,identity,none,Psychology,9788235277763,https://play.google.com/store/books/details?id=6WxPEQAAQBAJ&source=gbs_api,"""""Identity In Recovery"""" proposes that lasting freedom from addiction stems from a fundamental shift in self-perception and social roles, not just abstinence. It explores how individuals often adopt an """"identity foreclosure"""" centered around substance use, limiting their potential. The book then introduces """"identity reconstruction,"""" a process of dismantling this identity and building a new one based on personal values and healthy relationships. By understanding addiction as a complex biopsych",Google Books,2026-08-30
"Identity: Self Discovery, Purpose and Leadership",Oluwatosin Olajumoke Arodudu,,2020,,,260,Relationship Management,influence|coaching|leadership,none,Self-Help,9789785587159,http://books.google.com/books?id=Ey1VzQEACAAJ&dq=self+discovery+identity&hl=&as_pt=BOOKS&source=gbs_api,"Many great minds are trapped and locked up in a cage as a result of their background and social conditioning. They are muddled up and shielded away from realizing their great potentials by a defeatist mindset and mental strangleholds in their subconscious. No matter what they hear, or who is around them to help them grow, they suffer from MIND BLOCKAGE and just can't break out from their current mind hole. IDENTITY is a reference book on personal development that identifies with, and describes t",Google Books,2026-08-30
Navigating the Self,"Barrett Williams, ChatGPT",Barrett Williams,2025,,,121,Self-Awareness,self-awareness|self-discovery|identity,goleman,Self-Help,,https://play.google.com/store/books/details?id=onGMEQAAQBAJ&source=gbs_api,"**Discover the Path to Your Authentic Self with ""Navigating the Self""** In a world overflowing with noise and expectations, finding your true identity can feel like an intricate puzzle. ""Navigating the Self"" is your essential guide on this transformative journey, allowing you to explore who you truly are while embracing the complexities of modern life. **Chapter Highlights Include** **Understanding the Importance of Identity** Dive deep into the concept of identity and how your self-view shapes ",Google Books,2026-08-30
"Where I belong is who I am. The Search for Identity in Elisabeth Eaves' ""Wanderlust: A Love Affair with Five Continents""",Marie-Kristin Hofmann,GRIN Verlag,2017,,,31,Self-Awareness,identity,none,Literary Criticism,9783668508323,https://play.google.com/store/books/details?id=KnkyDwAAQBAJ&source=gbs_api,"Seminar paper from the year 2014 in the subject English Language and Literature Studies - Literature, grade: 1,0, University of Mannheim (Lehrstuhl für Anglistische Literatur- und Kulturwissenschaft), language: English, abstract: Travel writing helps travel writers to redefine their identity and to revise their concept of home as well as to determine its relative position in the world when using it as a frame of reference. In ""Wanderlust: A Love Affaire with Five Continents"", Elisabeth Eaves, bo",Google Books,2026-08-30
Empower Yourself Against Racial and Cultural Stress,,Guilford Publications,,,,306,Uncategorised,,none,,9781462553082,https://play.google.com/store/books/details?id=u5JCEQAAQBAJ&source=gbs_api,,Google Books,2026-08-30
My Own Identity,Marcela Melnic,,2023,,,0,Self-Awareness,identity,none,,9798985376326,http://books.google.com/books?id=nEwl0AEACAAJ&dq=self+discovery+identity&hl=&as_pt=BOOKS&source=gbs_api,"Do our experiences shape who we are? In a world of opportunities and challenges, I embarked on a journey that reshaped my own identity. From the quiet corners of a small village town in Moldova, I discovered a hunger for exploration that led me across continents. Born into modest beginnings, I embraced the power of dreams and the strength of resilience. I reflected on my own social, national, and cultural identity to better understand the differences among people from around the world. I invite ",Google Books,2026-08-30
Self-Discovery and Identity,Chris Christian,"Christian Faith Publishing, Incorporated",2021,,,158,Self-Awareness,self-discovery|identity,none,Religion,9781639039654,http://books.google.com/books?id=EJC6zgEACAAJ&dq=self+discovery+identity&hl=&as_pt=BOOKS&source=gbs_api,"This book has both revelation and expository knowledge of how a man can discover himself. The book is like a loaded gun which points at darkness so as to bring people to light. It spent its virtues on revealing the principles of self-discovery and identity. The revelation is so desperate in alleviating the pains and ordinariness of men by telling them who they are. When a man discovers himself, he becomes a supernatural man. The clothing of men with the jacket of revelation and accomplishment of",Google Books,2026-08-30
"The Art and Science of Self-Discovery: Explore Your Personality, Discover Your Strengths, Gain Self-Awareness, and Design a Life That Fits You",Peter Hollins,,2018,,,208,Self-Awareness,self-awareness|self-knowledge|self-discovery|identity,none,,9781986008990,http://books.google.com/books?id=tYqaswEACAAJ&dq=self+discovery+identity&hl=&as_pt=BOOKS&source=gbs_api,"Find what you were born for and discover your unique edge.Live your life, not someone else's.Self-discovery, identity, and personality. They are abstract terms until you realize that without knowing where you come from and who you are right now, you'll have no idea of where you should be going. And that's the difference between fulfillment and a listless existence.Lack clarity and direction? Finish this book with epiphanies and a clear plan.The Art and Science of Self-Discovery will bring you cl",Google Books,2026-08-30
The Power of Adoption: Healing Hearts and Changing Lives,Aurora Brooks,BabyDreamers.net,2023,,,43,Self-Awareness,self-discovery|identity,none,Health & Fitness,9781776981809,https://play.google.com/store/books/details?id=8tPVEAAAQBAJ&source=gbs_api,"The Power of Adoption: Healing Hearts and Changing Lives Are you considering adoption or interested in learning more about the adoption process? Look no further! ""The Power of Adoption: Healing Hearts and Changing Lives"" is the ultimate guide that will provide you with all the information you need to navigate the world of adoption. Table of Contents: 1. The Adoption Process 2. Types of Adoption 3. Domestic Adoption 4. International Adoption 5. Open Adoption 6. Closed Adoption 7. Foster Care Adop",Google Books,2026-08-30
"AWAKENED, The Quest for Self-Identity",Dr James,Spines,2024,,,0,Self-Awareness,self-awareness|self-discovery|identity,none,Self-Help,9798895694343,http://books.google.com/books?id=dsLx0AEACAAJ&dq=self+discovery+identity&hl=&as_pt=BOOKS&source=gbs_api,"The content narrates a personal journey of self-discovery, reflecting on the profound quest to understand identity and purpose. The author expresses a deep, introspective examination of who they are and why they exist, beginning this exploration in their youth and evolving through various life phases. Despite a non-religious upbringing, a pivotal moment occurred at the age of eight when reading the Bible instigated an enduring interest in belief systems, ultimately leading to an exploration of d",Google Books,2026-08-30
The Emotional Rollercoaster of the Adoption Process,Aurora Brooks,BabyDreamers.net,2023,,,35,Self-Awareness,self-discovery|identity,none,Health & Fitness,9781776981366,https://play.google.com/store/books/details?id=gNPVEAAAQBAJ&source=gbs_api,"Are you considering adoption or currently going through the adoption process? If so, ""The Emotional Rollercoaster of the Adoption Process"" is the perfect short read book for you. This insightful guide takes you on a journey through the highs and lows of the adoption process, providing valuable information and emotional support along the way. In ""The Emotional Rollercoaster of the Adoption Process,"" you will find a comprehensive table of contents that covers every aspect of the adoption journey. ",Google Books,2026-08-30
No Box Can Hold,Unique Ink Publishing,,2015,,,202,Self-Awareness,identity,none,Literary Collections,9781939957023,http://books.google.com/books?id=_4cXjwEACAAJ&dq=self+discovery+identity&hl=&as_pt=BOOKS&source=gbs_api,"Identity manifests over time and comes in many different forms. This is why No Box Can Hold is such a powerful and important anthology. Compiled by students from Roosevelt High School in Portland, Oregon, this book consists of poems, vignettes, short stories, essays, plays, art and photography centered around the theme of identity. Authors of all ages are featured in this compilation-from students, to community members and leaders, and even renowned writers like Maya Angelou and Langston Hughes.",Google Books,2026-08-30
Barnaby Rudge,Charles Dickens,Good Press,2024,,,768,Self-Awareness,identity,none,Fiction,,https://play.google.com/store/books/details?id=3R3mEAAAQBAJ&source=gbs_api,"Set against the backdrop of the Gordon Riots of 1780, Charles Dickens's ""Barnaby Rudge"" masterfully intertwines historical narrative with rich character development and social commentary. Written in Dickens's signature episodic style, the novel presents a vibrant tableau of London, where the innocence of the eponymous Barnaby, a simple-minded young man, juxtaposes the chaos of mob violence and societal unrest. Dickens employs vivid imagery and poignant dialogue, revealing the profound impacts of",Google Books,2026-08-30
Self-Discovery and Personal Identity Prompt Journal,Hannah Javier-Grant,,2024,,,0,Self-Awareness,self-discovery|identity,none,Self-Help,9798990095649,http://books.google.com/books?id=9zyq0AEACAAJ&dq=self+discovery+identity&hl=&as_pt=BOOKS&source=gbs_api,,Google Books,2026-08-30
Self Discovery Journal,Tiffany Adams,Roland Bind,2020,,,124,Professional Effectiveness,focus|success,none,Crafts & Hobbies,,https://play.google.com/store/books/details?id=mEEAEAAAQBAJ&source=gbs_api,"Over 69 percent of people feel trapped in their same old redundant routine. Are you one of them? Do you wake up to your alarm in the mornings, get ready for work as usual, and feel like something in your life is missing? Something with significance? Are you tired of doing the things you typically do, expecting a new outcome each time, only to be disappointed when you make absolutely no personal progress or growth whatsoever? Do you want to create a new life for yourself -- one filled with genuin",Google Books,2026-08-30
Emotional Literacy,Claude Steiner,Personhood Press,2003,,,312,Self-Awareness,emotional-literacy,none,Psychology,9781932181029,http://books.google.com/books?id=WglQfhXCc54C&dq=emotional+literacy&hl=&as_pt=BOOKS&source=gbs_api,"This step-by-step program opens the door to achieving emotional power. Instructions are given on how emotional literacy -- intelligence with a heart -- can be learned through practising specific exercises that foster the awareness of emotion in oneself and others, by increasing capacities to love others and oneself while developing honesty, and by taking responsibility for one's actions. Provided are instructions on how to reverse the dangerous self-destructive emotional patterns that can rule a",Google Books,2026-08-30
The Emotional Literacy Handbook,"James Park, Alice Haddon, Harriet Goodman",Routledge,2012,,,279,Self-Awareness,emotional-literacy,none,Education,9781135398170,https://play.google.com/store/books/details?id=yGNuBwAAQBAJ&source=gbs_api,"Demonstrating how schools can reduce conflict and bullying, this title promotes tolerance and stimulates a positive attitude to teaching and learning by creating an emotionally literate environment.",Google Books,2026-08-30
Nurturing Emotional Literacy,Peter Sharp,Routledge,2014,,,162,Self-Awareness,emotional-literacy,none,Education,9781136608841,https://play.google.com/store/books/details?id=94e3AwAAQBAJ&source=gbs_api,"Nurturing Emotional Literacy helps people to recognise, understand, handle and appropriately express their emotions. How we manage our emotions and the positive impact that 'emotional literacy' can have on improving standards in schools has been overshadowed recently by the attention given to the three 'Rs'. This handbook seeks to redress this and looks at the importance of the fourth 'R' - Relationships. The author offers advice, guidance and support to help people become more successful by man",Google Books,2026-08-30
Focus on Feelings(R): Increasing Emotional Literacy,Carmen Jimenez-Pride,Play Therapy with Carmen,2021,,,36,Self-Awareness,emotional-literacy,none,Juvenile Nonfiction,9781734455755,http://books.google.com/books?id=jZ8dzgEACAAJ&dq=emotional+literacy&hl=&as_pt=BOOKS&source=gbs_api,"Focus on Feelings(R) Increasing Emotional Literacy assist children's ability to identify, understand, and express their feelings. This colorful multicultural resource was designed to assist parents, caregivers, teachers, mental health professionals, and play therapists to help children focus on their feelings and increase their emotional literacy.",Google Books,2026-08-30
Emotional Literacy,Jane Adams,Andrews UK Limited,2015,,,183,Self-Awareness,emotional-literacy,none,Education,9781909102156,https://play.google.com/store/books/details?id=mew_CgAAQBAJ&source=gbs_api,"A must have for every teacher who wants to develop the emotional competence of children in their class. This resource contains 45 lessons - more than enough for one lesson per week! The lessons each contain detailed teachers' notes, warm up games and activities, questions to ask and ideas about what to expect. Most lessons also include a photocopiable activity. The activities are divided into 5 sections: knowing myself, developing empathy, managing feelings, developing social skills and the big ",Google Books,2026-08-30
Emotional Intelligence in Schools,Katherine M. Krefft,Routledge,2019,,,214,Self-Management,motivation|anxiety,goleman,Psychology,9780429614507,https://play.google.com/store/books/details?id=Sny-DwAAQBAJ&source=gbs_api,"This text presents a methodical, organized approach to counseling students in emotional intelligence (EI) by detailing how to understand and direct emotions, while also keying counselors directly to the underlying emotional motivations behind the behaviors. Divided into four units, the book starts with an overview of emotions and continues to explore the nature of anger, fear, grief, and guilt. Chapters present both explanatory narratives and teen-centered activities to show how these challengin",Google Books,2026-08-30
Teaching with Emotion,Michalinos Zembylas,Emerald Group Publishing,2005,,,239,Thinking & Deciding,logic,none,Education,9781918116687,https://play.google.com/store/books/details?id=4quwEQAAQBAJ&source=gbs_api,"This book explores new theoretical, methodological, and empirical directions in research on teacher emotion. It discusses how discursive, political, and cultural aspects define teacher emotion, and includes conceptual chapters and a three-year ethnographic study. It aims to critically examine and explore the role of emotion in teaching.",Google Books,2026-08-30
Developing the Emotionally Literate School,Katherine Weare,SAGE,2003,,,236,Self-Awareness,emotional-literacy,none,Education,9781847877406,https://play.google.com/store/books/details?id=GWdoZLTz09UC&source=gbs_api,"`As someone with an interest in emotional literacy and in developing emotional literacy work in schools, I found this book an impressive resource. I would recommend it for those interested in this area, those working within schools on emotional literacy, and for school staff interested in developing their schools as emotionally literature organizations′ - Debate `This is an authoritative and scholarly book that does not attempt to offer a simple fix-it solution but one that should lead to an inf",Google Books,2026-08-30
Whole School Emotional Literacy Indicator,Elizabeth Morris,Routledge,2017,,,42,Self-Awareness,emotional-literacy,none,,9780863887017,http://books.google.com/books?id=CR5JngEACAAJ&dq=emotional+literacy&hl=&as_pt=BOOKS&source=gbs_api,"This audit tool can be used to prepare the way for successfully integrating social and emotional competence development into the school ethos, policies and practices. Research conducted by the School of Emotional Literacy has demonstrated how essential a minimum level of readiness is for the programme to be successful. This audit tool provides a framework for exploring readiness and gives guidelines for taking the work forward very effectively in the school or organisation.",Google Books,2026-08-30
Emotional Literacy,Patricia Sherwood,Aust Council for Ed Research,2008,,,161,Self-Awareness,emotional-literacy,none,Education,9780864318091,http://books.google.com/books?id=H6S1V0LRASUC&dq=emotional+literacy&hl=&as_pt=BOOKS&source=gbs_api,"Emotional Literacy: The heart of classroom management is a pioneering book for primary school teachers, counsellors and therapists who wish to develop emotional literacy skills in classroom situations.",Google Books,2026-08-30
The Emotional Curriculum,"Sue Cornwell, Jill Bundy",SAGE,2008,,,133,Professional Effectiveness,career|achievement,none,Education,9780857023032,https://play.google.com/store/books/details?id=pLoRMVJDyeUC&source=gbs_api,"Includes CD-Rom Research indicates that emotionally literate people perform better in many areas of their lives; relationships, achievement, careers, and that programmes teaching social and emotional competencies result in a wide range of educational gains including improved school attendance, higher motivation and higher morale. Teachers have a key role to play in facilitating the development of those skills that help children to understand and regulate their emotional lives. The book provides ",Google Books,2026-08-30
"Engaging Education: Developing Emotional Literacy, Equity And Coeducation","Matthews, Brian",McGraw-Hill Education (UK),2005,,,232,Professional Effectiveness,focus|achievement,goleman,Education,9780335215799,http://books.google.com/books?id=ybDlAAAAQBAJ&dq=emotional+literacy&hl=&as_pt=BOOKS&source=gbs_api,"""Brian Matthews brings intellectual rigour as well as passionate commitment to the important tasks of appreciating the role that emotional literacy can play in a refreshing education. It is a powerful combination. It is because he understands so well the need to attend to the purpose of education that he is so illuminating on the strategies that will give all young people the best possible chance to learn and to grow."" James Park, Director, Antidote ""This book will be read by individuals who hav",Google Books,2026-08-30
Emotional Literacy,Rob Bocchino,Corwin Press,1999,,,180,Professional Effectiveness,focus|success,none,Education,9780803968240,http://books.google.com/books?id=V_t7uAuRPDkC&dq=emotional+literacy&hl=&as_pt=BOOKS&source=gbs_api,"""Timely and useful. Provides clear and practical strategies to help young people and adults achieve successful and satisfying lives by understanding and managing emotions."" Robert Garmston, Professor Emeritus California State University, Sacramento ""Emotional Literacy offers a concise and practical application of the social skills needed to be a productive, fulfilled member of society. This must-read is for everyone concerned about the development of the whole child."" Pat Wolfe, Educational Cons",Google Books,2026-08-30
Individual Emotional Literacy Indicator,Elizabeth Morris,School of Emotional Literacy,2003,,,207,Self-Awareness,emotional-literacy,none,Affect (Psychology),9781904801009,http://books.google.com/books?id=JALJZ8X0_N4C&dq=emotional+literacy&hl=&as_pt=BOOKS&source=gbs_api,,Google Books,2026-08-30
Emotional Intelligence in Schools,"Katherine M Krefft, Taylor & Francis Group",Routledge,2019,,,224,Self-Management,motivation|anxiety,goleman,,9780367175528,http://books.google.com/books?id=U6ndxwEACAAJ&dq=emotional+literacy&hl=&as_pt=BOOKS&source=gbs_api,"This text presents a methodical, organized approach to counseling students in emotional intelligence (EI) by detailing how to understand and direct emotions, while also keying counselors directly to the underlying emotional motivations behind the behaviors. Divided into four units, the book starts with an overview of emotions and continue to explore the nature of anger, fear, grief, and guilt. Chapters present both explanatory narratives and teen-centered activities to show how these challenging",Google Books,2026-08-30
Emotional Literacy Pocketbook,"James Park, Marilyn Tew",Pocketbooks,2007,,,130,Professional Effectiveness,success|effectiveness,none,Education,9781903776803,http://books.google.com/books?id=m8sGJUXyIsMC&dq=emotional+literacy&hl=&as_pt=BOOKS&source=gbs_api,"By helping students to recognise, understand and handle emotions- their own and others' - we can build their self-esteem, improvetheir confidence and pave the way for them to becomeeducationally and socially successful. The authors use casestudies to demonstrate the effectiveness of helping children tofeel CLASI - Capable, Listened to, ......",Google Books,2026-08-30
Creating Emotionally Literate Classrooms,"Marc A Brackett, Janet Pickard Kremenitzer",National Professional Resources Inc./Dude Publishing,2011,,,146,Professional Effectiveness,achievement,none,Education,9781934032183,http://books.google.com/books?id=GK3h9zypOi8C&dq=emotional+literacy&hl=&as_pt=BOOKS&source=gbs_api,"A research-based, field-tested program that enhances academic achievement and social competence with developmentally appropriate lessons that are integrated across the curriculum for K-5. The methodology accommodates all learning styles, with six concrete ""how to"" steps for quick and easy implementation. It also comes with the reproducible materials for student use, as well as supporting teacher materials.",Google Books,2026-08-30
Emotional Literacy Indicator for Early Years,Elizabeth Morris,Routledge,2017,,,46,Self-Awareness,emotional-literacy,none,Literacy,9780863887024,http://books.google.com/books?id=qtT0oAEACAAJ&dq=emotional+literacy&hl=&as_pt=BOOKS&source=gbs_api,"This indicator, designed for use with the early years age group, provides a quick and straightforward format for parents, teachers, social workers or any significant adult working in a supportive role with a young child, to gain an indication of their level of emotional development. Its purpose is to provide a simple, easy to use, starting point for development.",Google Books,2026-08-30
Emotional Literacy,Francis F. Seeburger,Crossroad,1997,,,0,Self-Awareness,emotional-literacy,none,Emotions (Philosophy),9780824516079,http://books.google.com/books?id=bKQlNQAACAAJ&dq=emotional+literacy&hl=&as_pt=BOOKS&source=gbs_api,"To be emotionally literate is to be able to feel and understand not only the full range of emotions, but the emotions appropriate to the actual situations in which we find ourselves moment by moment. Anger, fear, forgiveness and love - all take on new meaning when we are emotionally literate. By cultivating ""a well read heart,"" we experience healing and come to the heart of all emotions: joy.",Google Books,2026-08-30
The Resilience Mindset,,Xspurts.com,,,,43,Self-Management,resilience,none,Self-Help,,https://play.google.com/store/books/details?id=b5DlEAAAQBAJ&source=gbs_api,Table of Contents Introduction The Resilience Mindset: Conquer Anything Life Throws Your Way with Resilience THE DEFINITION OF RESILIENCE THE IMPORTANCE OF RESILIENCE BUILDING EMOTIONAL RESILIENCE DEVELOPING MENTAL RESILIENCE BUILDING PHYSICAL RESILIENCE CULTIVATING SOCIAL RESILIENCE RESILIENCE IN THE FACE OF ADVERSITY RESILIENCE AND PERSONAL GROWTH RESILIENCE IN PROFESSIONAL LIFE TEACHING RESILIENCE TO CHILDREN RESILIENCE AND MENTAL HEALTH PRACTICING RESILIENCE IN DAILY LIFE FREQUENTLY ASKED QU,Google Books,2026-08-30
The Resilience Mindset,Terry Healey,ECW Press,2025,,,217,Professional Effectiveness,career|success,none,Business & Economics,9781778525087,https://play.google.com/store/books/details?id=ic1WEQAAQBAJ&source=gbs_api,"Winner, National Indie Excellence Award (Cancer), 2026 Winner, Nonfiction Book Awards, (Gold Winner), 2026 An actionable framework to overcome adversity and create a more fulfilling life. “Resilience is a critical skill for all of us, for our careers but even more so for life. This is a must-buy book as Terry teaches how to build resilience, gain confidence, and embrace change.” — Tracey Newell, board member, past president of Informatica; author of Hers for the Taking: Your Path to the C-Suite ",Google Books,2026-08-30
The Resilience Mindset,Elias Van,Mindful Pages,2025,,,0,Self-Management,resilience|adaptability|anxiety|habits,none,Business & Economics,9789371773768,http://books.google.com/books?id=m2zF0QEACAAJ&dq=resilience+mindset&hl=&as_pt=BOOKS&source=gbs_api,"When the economy falters, most people react with fear-cutting back, freezing up, and hoping to outlast the storm. But downturns don't just take things away; they reveal new paths for those who know how to think differently. This book offers a fresh blueprint for building resilience during economic downturns, showing how ordinary people can protect themselves, stay calm, and even find opportunity when everything seems uncertain. Instead of focusing only on numbers in a bank account, it reveals wh",Google Books,2026-08-30
Learning Limitless Knowledge,Ibrahim M. Alarifi,Balboa Press,2023,,,287,Uncategorised,,none,Self-Help,9798765245309,https://play.google.com/store/books/details?id=B-viEAAAQBAJ&source=gbs_api,"Learning new skills is enjoyable and essential in today’s fast-paced world. The drive to improve ourselves has allowed us to travel through time and space in search of new perspectives. In Learning Limitless Knowledge, author Ibrahim M. Alarifi begins his quest to discover how far our minds can go, offering a path to unlock the boundless possibilities of the human mind. He takes a deep dive into several subjects and explores various disciplines—from science to philosophy, history to literature. ",Google Books,2026-08-30
The Mind of a Leader,Bruce E. Winston,Springer Nature,2022,,,254,Relationship Management,influence|mentoring|leadership|relationship,none,Business & Economics,9783031072062,https://play.google.com/store/books/details?id=CP2AEAAAQBAJ&source=gbs_api,"This edited collection examines the mind of leaders throughout the Bible to understand how thoughts and behaviors can support or sabotage leadership efforts. It is divided into three parts: the first part addresses thinking, influence, and communicating through the theoretical lenses of humility, metacognition, and personal well-being. Part Two addresses managing, motivating, and change through the theoretical lenses of leader-follower relationships and Lewin’s change model. Finally, Part Three ",Google Books,2026-08-30
The Transformation Equation,Prabhu TL,NestFame Creations Pvt Ltd.,2025,,,127,Self-Management,resilience|perseverance|habits,none,Self-Help,,https://play.google.com/store/books/details?id=-mxBEQAAQBAJ&source=gbs_api,"Discover the extraordinary power of personal evolution through ""The Transformation Equation."" This thought-provoking and illuminating masterpiece delves deep into the realms of self-discovery, growth, and empowerment. Prepare to embark on a journey that will reshape your perception of change and guide you towards harnessing your innate potential. ""The Transformation Equation"" is not just a book; it's a guiding light for those who seek to unlock their true selves and reach unparalleled heights of",Google Books,2026-08-30
Bulletproof Business in a Recession Year,Elena Brooks,epubli,2026,,,219,Self-Management,resilience,none,Business & Economics,9783565312610,https://play.google.com/store/books/details?id=7zHIEQAAQBAJ&source=gbs_api,"Economic contraction exposes the fragility concealed within businesses that thrived in favorable conditions. This book explores how enterprises construct genuine operational resilience — not through reactive cost-cutting, but through deliberate structural decisions made before and during periods of economic uncertainty. It examines the underlying dynamics of recession-resistant businesses, revealing how cash flow discipline, client concentration risk, pricing strategy, and operational flexibilit",Google Books,2026-08-30
Flourish Through Adversity,Blythe Mallory,Publifye AS,2024,,,213,Thinking & Deciding,logic|cognitive,none,Self-Help,9788233931520,https://play.google.com/store/books/details?id=7oAoEQAAQBAJ&source=gbs_api,"""""Flourish Through Adversity"""" offers a transformative journey for those grappling with life's challenges. This empowering guide combines psychological insights with practical strategies, providing a roadmap for turning setbacks into stepping stones. Through a blend of mindfulness techniques and cognitive-behavioral approaches, readers learn to cultivate resilience and personal growth in the face of adversity. The book's unique """"Adversity Response Toolkit"""" stands out, offering customizable cop",Google Books,2026-08-30
The Winning Mindset,David Niethe,HarperCollins Australia,2024,,,205,Professional Effectiveness,performance|focus|success,none,Self-Help,9781775492788,https://play.google.com/store/books/details?id=DBPyEAAAQBAJ&source=gbs_api,"What would you do in life if you knew you couldn't fail? By adopting this winning mindset, you can become fearless and capable of enduring any feedback or criticism without it affecting your self-belief. David Niethe is a mental-performance coach with a unique philosophy. His simple and effective strategies have helped business owners and elite athletes, students and CEOs, find unlimited success and confidence. The Winning Mindset will show you how to: Build a strong self-image Overcome self-lim",Google Books,2026-08-30
Resilience Mindset Wordcard Podcast Season 1,Justine Martin,Independently Published,2024,,,0,Self-Management,resilience,none,Biography & Autobiography,9798326875020,http://books.google.com/books?id=NW7Q0AEACAAJ&dq=resilience+mindset&hl=&as_pt=BOOKS&source=gbs_api,"Embark on a transfer journey through the pages of the Ruth Williams mindset podcast season one book from the depths of adversity to the heights of trying this collection of raw, honest, and heartfelt stories of his readers, a profound exploration of the human spirit's resilience, hosted by Justine Martin resilience, mindset podcast season, one book features intimate conversations with 25the pages of the Ruth Williams mindset podcast season one book from the depths of adversity to the heights of ",Google Books,2026-08-30
The Resilience Mindset,Robert Hall,Austin Macauley Publishers,2025,,,165,Relationship Management,influence|trust,none,Philosophy,9781035878291,https://play.google.com/store/books/details?id=WimhEQAAQBAJ&source=gbs_api,"Resilience can help cope with a volatile and uncertain world. It is not designed to provide solutions to the causes of the shocks and stresses, but rather to establish a baseline from which we can operate, recover, and move forward. In simple terms, it is about surviving and thriving. Yet, resilience, whether professional or personal, requires an appropriate mindset or set of beliefs if it is to be effective. That mindset is shaped by values, attitudes, culture, responsibilities, and experiences",Google Books,2026-08-30
Bouncing Forward,Justine Martin,,2025,,,0,Self-Management,resilience|motivation,none,Self-Help,9781764006309,http://books.google.com/books?id=RNwc0QEACAAJ&dq=resilience+mindset&hl=&as_pt=BOOKS&source=gbs_api,"Discover the transformative power of resilience with ""Resilience Mindset Quotes: Words to Bounce Forward."" This curated collection features the very quotes that have inspired Justine Martin on stage and into her daily life, offering strength and motivation to persevere. Let these words serve as a catalyst for personal growth, empowering you to embrace challenges with a resilient mindset and to bounce forward with renewed vigour.",Google Books,2026-08-30
"Raising Resilient Children with Autism Spectrum Disorders: Strategies for Maximizing Their Strengths, Coping with Adversity, and Developing a Social Mindset","Robert Brooks, Sam Goldstein",McGraw Hill Professional,2012,,,289,Self-Management,resilience|optimism,none,Family & Relationships,9780071739863,https://play.google.com/store/books/details?id=4HgyGneIQOgC&source=gbs_api,"New hope for parents raising a child with autism spectrum disorders In Raising Resilient Children with Autism Spectrum Disorders, noted psychologists and bestselling authors Dr. Goldstein and Dr. Brooks teach you the strategies and mindset necessary to help your child develop strength, hope, and optimism. This is the first approach for autism spectrum disorders based in the extremely popular field of positive psychology. Drs. Brooks and Goldstein--world-renowned experts on child psychology and, ",Google Books,2026-08-30
Work without Stress: Building a Resilient Mindset for Lasting Success,"Derek Roger, Nick Petrie",McGraw Hill Professional,2016,,,224,Professional Effectiveness,success,none,Business & Economics,9781259642975,https://play.google.com/store/books/details?id=D9pnDAAAQBAJ&source=gbs_api,"FORGET EVERYTHING YOU KNOW ABOUT STRESS. If you’re like most people, you probably think that stress is an inevitable part of life. The truth is: it’s not. In a groundbreaking 30-year study, Dr. Derek Roger has discovered that everything we think we know about stress—and how we should “manage” it—is just plain wrong. STRESS IS A CHOICE. It is not a natural response to the pressures of work. It’s a choice that you make, consciously or not, to worry and fret and agonize over the work you need to do",Google Books,2026-08-30
Proceeding of the International Conference on Psychology of Resilience 2011,Aries Yulianto,,2011,,,252,Self-Management,resilience,none,Resilience (Personality trait),,http://books.google.com/books?id=_vDNz8oLbgMC&dq=resilience+mindset&hl=&as_pt=BOOKS&source=gbs_api,,Google Books,2026-08-30
The Grit Workbook for Kids,Elisa Nebolsine,New Harbinger  Publications,2020,,,208,Self-Management,resilience|growth-mindset|self-control|grit,none,Juvenile Nonfiction,9781684036004,https://play.google.com/store/books/details?id=oWQDEAAAQBAJ&source=gbs_api,"In order to grow into successful and happy adults, kids need to learn perseverance, tenacity, and self-control. Based on the latest research in psychology, this is the first workbook written directly for kids to help them develop “grit,” a trait that embodies stamina, a growth mindset, and resilience—the ability to bounce back despite challenges.",Google Books,2026-08-30
Tougher Than You Think,Chris Rhyss,Independently Published,2023,,,0,Self-Awareness,self-efficacy,none,,9798394949258,http://books.google.com/books?id=AEcD0AEACAAJ&dq=resilience+mindset&hl=&as_pt=BOOKS&source=gbs_api,"'Our doubts are traitors, and make us lose the good we oft might win, by fearing to attempt.' William Shakespeare - When faced with a difficult situation how well do you cope or adapt? - Do you meet the challenge head on or do you beat a hasty retreat? - Maybe you take some time to regroup and then return and try again? It's only when we're faced with obstacles, stress, and other environmental threats that we truly discover our level of resilience, or a lack thereof, but despite what you might t",Google Books,2026-08-30
Nurturing Resilience in Our Children,"Robert B. Brooks, Sam Goldstein",McGraw Hill Professional,2002,,,324,Self-Management,resilience,none,Family & Relationships,9780658021107,http://books.google.com/books?id=J9lCjAgzBycC&dq=resilience+mindset&hl=&as_pt=BOOKS&source=gbs_api,"In their critically acclaimed parenting bestseller, ""Raising Resilient Children, "" Drs. Brooks and Goldstein introduced readers to their breakthrough parenting model. In this important Q&A follow-up book, they expand upon their theory of resilience with reasonable, jargon-free answers to dozens of questions.",Google Books,2026-08-30
Self-Discipline,Richard Hawkins,Richard Hawkins,2020,,,101,Self-Management,self-discipline|self-control|willpower|perseverance,none,Self-Help,,https://play.google.com/store/books/details?id=pJwQEAAAQBAJ&source=gbs_api,"Discover how to train your Brain for immediate action, confidence and self-control! In life, it's difficult to avoid the impulsive convenient urge to put off stuff and to miss out on important commitments. It's equally difficult to avoid negative thoughts and overthinking in this day and age. If that has been causing a constant overwhelming feeling, you are about to learn how to put an end to all that, to turn your life around, for good! What really elevates a regular person to superhero status ",Google Books,2026-08-30
Daily Self-Discipline,Martin Meadows,Meadows Publishing,2015,,,59,Self-Management,self-discipline|self-control|willpower|goal-setting,none,Psychology,,https://play.google.com/store/books/details?id=jWbZCgAAQBAJ&source=gbs_api,"These Habits and Exercises Will Help You Build Iron-Like Resolve and Self-Discipline Do you make goals, yet get discouraged when your plans don’t work? We all know that person who seemingly was born to succeed. Fitness, health, business, they achieve all their goals. You want that success, and know you can get it... but how? Everywhere you turn, there are obstacles that block your path. Being successful doesn’t mean avoiding them, it means meeting those obstacles head-on and pushing through. You",Google Books,2026-08-30
41 Self-Discipline Habits,Peter Hollins,PKCS Media,2021,,,137,Self-Management,self-discipline|willpower|habits,none,Health & Fitness,,https://play.google.com/store/books/details?id=DFxEEAAAQBAJ&source=gbs_api,"Stop self-defeating behaviors and act with intention. You’ll thank yourself later. What you receive in life is dictated by your self-discipline. The more you have, the more you get. Will you settle for less than you desire? Get your habits into shape and start living the life that you want. How to make willpower automatic, second nature, and habitual. 41 Self-Discipline Habits is not a textbook on self-discipline, nor is it a gentle and drawn-out discussion. It is a toolbox to keep you in motion",Google Books,2026-08-30
Daily Self-Discipline,Evan Scott,Independently Published,2019,,,151,Self-Management,self-discipline|habits,none,,9781792767470,http://books.google.com/books?id=XHi4wAEACAAJ&dq=self+discipline+habits&hl=&as_pt=BOOKS&source=gbs_api,"There is no such thing as a good or bad discipline. There is only a trained discipline and an untrained discipline. Imagine how you would feel if you woke up everyday, knowing that everyday is going to be a great day. And I do not mean a good day... or a fine day. I mean a GREAT day, each and every single day. Imagine how you would be breathing, how you would be standing, and how you would be feeling. How about waking up and subconsciously knowing your mind, body and soul is wired to have a grea",Google Books,2026-08-30
An Illustrated Guide to Self-Discipline,Martin Meadows,,2018,,,112,Self-Management,self-discipline|habits,none,Self-Help,9788395252303,http://books.google.com/books?id=taudvwEACAAJ&dq=self+discipline+habits&hl=&as_pt=BOOKS&source=gbs_api,The author shares brief discussions and illustrated suggestions for fifty habits to develop the skill of self-discipline.,Google Books,2026-08-30
How to Build Self Discipline,Judith Yandell,Judith Yandell,2020,,,114,Self-Management,self-discipline|habits,none,,9781513668291,http://books.google.com/books?id=h2L7zQEACAAJ&dq=self+discipline+habits&hl=&as_pt=BOOKS&source=gbs_api,"Do you want to build self discipline and achieve your goals faster? Here's a 21-day plan that will help you Maybe you want to become more productive. Maybe you want to find a better job, lose weight or be a better parent or spouse. Maybe you just want to reach your goals faster. If any of these sentences is true, then keep reading. I'm sure at least once in your life you've looked at successful people wondering what their secret actually is. According to psychology, top performers in every niche",Google Books,2026-08-30
Self Discipline,Brian Cagneey,Createspace Independent Publishing Platform,2016,,,58,Self-Management,motivation|self-discipline|willpower|perseverance,none,,9781533291097,http://books.google.com/books?id=dwQJkAEACAAJ&dq=self+discipline+habits&hl=&as_pt=BOOKS&source=gbs_api,"Focus Your Personal Power and Achieve Your Dreams! Read this book and get a special FREE Gift - Purchase Now! Would you like to feel: Strong? Confident? Focused? Disciplined? and Successful? If so, you The 7 Laws of Self-Discipline: Become Strong, Become Confident and Create Your Success! . Part of the popular ""7 Laws"" series, this book contains proven steps and strategies for mastering your mind, avoiding distractions, and increasing your productivity. Brian provides a wealth of simple, easy-to",Google Books,2026-08-30
Self-discipline Mastery,James W. Williams,,2021,,,232,Self-Management,motivation|self-discipline|grit|habits,none,,9781953036360,http://books.google.com/books?id=eMNdzgEACAAJ&dq=self+discipline+habits&hl=&as_pt=BOOKS&source=gbs_api,"If you've always wanted to be more self-disciplined but can't seem to stop procrastinating, quitting, and get rid of bad habits, then keep reading... Are you sick and tired of your negative habits, preventing you from reaching your goals? Have you told yourself, ""This time it will be different"" or ""I will start tomorrow"" endless times only to say the same thing the next day? Do you finally want to say goodbye to quitting and discover how to develop the grit to keep going? If so, then you've come",Google Books,2026-08-30
How to Build Self-Discipline,Martin Meadows,Meadows Publishing,2015,,,50,Self-Management,self-discipline|self-control|grit|willpower,none,Psychology,,https://play.google.com/store/books/details?id=AmfJCQAAQBAJ&source=gbs_api,"How to Develop Self-Discipline, Resist Temptations and Reach Your Long-Terms Goals If you want to make positive changes in your life and achieve your long-term goals, I can’t think of a better way to do it than to learn how to become more self-disciplined. Science has figured out a lot of interesting aspects of self-discipline and willpower, but most of this knowledge is buried deep inside long and boring scientific papers. If you’d like to benefit from these studies without actually reading the",Google Books,2026-08-30
Self-Discipline,Harvey Segler,Createspace Independent Publishing Platform,2016,,,122,Self-Management,self-discipline,none,,9781523415700,http://books.google.com/books?id=_GgyjwEACAAJ&dq=self+discipline+habits&hl=&as_pt=BOOKS&source=gbs_api,"Depression, The Real Cure Is Finally Reveled! Now Only $0.99! Usually $7.97! Short Guide With Powerful Information That Will Help You Without Wasting Your Time + FREE Bonus Inside Depression is hard. You feel like the world is against you, like you aren't worth it, and like you should just give up. Ever movement is a challenge, and every day, a hurdle. Loss of interest, loss of appetite, fatigue... these are all just common symptoms that you are dealing with right now. Options feel limited, and ",Google Books,2026-08-30
Self-Discipline Habits for High Performance: Build Daily Self-Discipline with Daily Rituals for Self-Development NOW and Achieve Your Goals FAST,Patty Morgan, Patty Morgan,2019,,,91,Professional Effectiveness,productivity|time-management|performance|focus,none,Self-Help,9781393901952,https://play.google.com/store/books/details?id=ZMxoEQAAQBAJ&source=gbs_api,""" Are you are focused on reaching your goals, yet you easily lose your motivation and focus? You want to be a highly self-disciplined person who does not get discouraged when things do not go your way, but keeps moving forward without letting common obstacles and roadblocks distract you? If these question relate to you, your desires and needs, then you are in the right place. If you struggle with reaching your fullest potential, you are not the only one. The truth is that everyone at some point ",Google Books,2026-08-30
The Power of Self-Discipline,Peter Hollins,PKCS Media,2021,,,193,Self-Management,self-discipline|willpower,none,Psychology,,https://play.google.com/store/books/details?id=9Dc4EAAAQBAJ&source=gbs_api,"Stop self-defeating behaviors and act with intention. You’ll thank yourself later. What you receive in life is dictated by your self-discipline. The more you have, the more you get. Will you settle for less than you desire? How to make willpower automatic, second nature, and habitual. The Power of Self-Discipline is not a textbook on self-discipline, nor is it a gentle and drawn-out discussion. It is a toolbox to keep you in motion and in action towards your goals. It pulls no punches as it prov",Google Books,2026-08-30
"Power of Discipline: How to Master Self Control, Build Better Habits, and Achieve Your Goals",Harry Jones,Harry Jones,2021,,,164,Self-Management,motivation|self-discipline|habits,none,Business & Economics,9781801181549,http://books.google.com/books?id=Sxw0zgEACAAJ&dq=self+discipline+habits&hl=&as_pt=BOOKS&source=gbs_api,Scientific explanations about self-discipline including strategies to keep going when your motivation runs out.,Google Books,2026-08-30
"Self Discipline: Stop Being A Child And Beat Procrastination, Distraction Habits And Have Self-driven Positive Attitude And Willpower (Be Obsessed With Success While Being An Average Mortal)",Grant Edwin,Grant Edwin,2018,,,230,Self-Management,motivation|self-discipline|willpower|habits,none,"Body, Mind & Spirit",,https://play.google.com/store/books/details?id=r_mdDwAAQBAJ&source=gbs_api,"With self-discipline, all things are possible. Without it, even the simplest goal can seem like the impossible dream.""~ Theodore Roosevelt Imagine how different your life would be if you knew a way to hack your daily habits to become a highly self-disciplined and productive person. This book contains proven steps and strategies on how to start leading a more successful life through improving self-discipline and confidence. In the modern day in which we live, we all want to be successful. Either ",Google Books,2026-08-30
Self-Discipline,Emily Cooper,,2021,,,112,Self-Management,self-discipline,none,Self-Help,9781802157062,http://books.google.com/books?id=yWSMzgEACAAJ&dq=self+discipline+habits&hl=&as_pt=BOOKS&source=gbs_api,"If you're reading these words right now, it's because you're unhappy with your present circumstances. Maybe you're trapped, or you don't feel in control of your life? The good news is that if your customers feel this way, they will also feel that they made the right choice buying this book. This book will lead you to a new way of life if you desire to alter the route you're on right now. Everything depends on self-discipline. This isn't your run-of-the-mill self-discipline book. You will learn a",Google Books,2026-08-30
Self Discipline,Perfect Self,Createspace Independent Publishing Platform,2016,,,90,Self-Management,self-discipline|habits,none,,9781537239439,http://books.google.com/books?id=Q14zvgAACAAJ&dq=self+discipline+habits&hl=&as_pt=BOOKS&source=gbs_api,"Discover The Power Of Self Discipline! Second Edition Published On October 5, 2016 Self-discipline is often neglected when it comes to factors that play the most determining roles in your overall success in life. Most people neglect the importance of self-discipline to success because they are yet to understand that most things they achieve in life is rooted in their ability to know what they really need and what they are merely desiring at every point in their lives. Here Is A Preview Of What Y",Google Books,2026-08-30
Neuroscience of Self-Discipline Habits,Frank Nightingale,,2020,,,79,Self-Management,self-discipline|habits,none,,9798645579197,http://books.google.com/books?id=k9uXzQEACAAJ&dq=self+discipline+habits&hl=&as_pt=BOOKS&source=gbs_api,"Are you looking for a complete guide on self-discipline? Then keep reading... Why is self-discipline important? When you are self-disciplined, you are able to keep yourself on track longer. Your self-discipline can help you in just about any aspect in life. If you want to go on a diet to lose some weight, self-discipline will help you turn down that piece of cake so you can stick to it. Your self-discipline will keep you studying when you desperately want to go off to that party that your friend",Google Books,2026-08-30
"The Power of Self-Discipline: Build Unbreakable Willpower, Master Your Daily Habits, and Take Full Control of Your Life",Ghulam Hussain ,Ghulam Hussain,2026,,,59,Self-Management,motivation|self-discipline|willpower|habits,none,Self-Help,,https://play.google.com/store/books/details?id=9VjsEQAAQBAJ&source=gbs_api,"There are two kinds of pain: the pain of discipline and the pain of regret. One is measured in moments. The other is measured in years. Self-discipline is the single greatest predictor of long-term success — more than talent, more than opportunity, more than intelligence. And unlike those things, it is completely buildable. By anyone. Starting today. Inside this book you will discover: ✅ What self-discipline really is — and the four myths that keep people from building it ✅ The Science of Willpo",Google Books,2026-08-30
Neuroscience of Self Discipline Habits,Frank Nightingale,,2020,,,78,Professional Effectiveness,time-management|focus|success,none,,9781801201261,http://books.google.com/books?id=y9wIzgEACAAJ&dq=self+discipline+habits&hl=&as_pt=BOOKS&source=gbs_api,"Do you want to learn daily habits to boost your mind and become highly productive? If you want to build mental toughness and focus your energies to grasp your goals, then keep on reading. Well, to say the truth, self discipline and persistency much more then talent, are requested to be succesfull. When too much time is spent on overthinking, we need to understand how these thoughts are impacting our lives. And we all can understand how to do it. So, why is self-discipline important? When you are",Google Books,2026-08-30
Learn Habits of Highly Effective People and How to Achieve Self Discipline,"Stephen Burchard, Brendon Covey",,2019,,,42,Self-Management,self-discipline|habits,none,Self-Help,9781989629765,http://books.google.com/books?id=i3CwzAEACAAJ&dq=self+discipline+habits&hl=&as_pt=BOOKS&source=gbs_api,"If you want to learn habits of highly effective people and how to achieve self-discipline, then keep reading... Do you have problems staying committed? Not being able to focus? Struggling in areas due to bad habits? Or having difficulties building strong relationships? If you do, within this book multiple successful people have shared their knowledge on how to overcome these problems and more; most of these issues can be solved with a simple fix. In this definitive guidebook, you will be taught:",Google Books,2026-08-30
Growth Mindset: A Practical Guide,Nikki Willis,Bloomsbury Publishing,2019,,,97,Self-Management,resilience|motivation|growth-mindset,none,Education,9781472955074,https://play.google.com/store/books/details?id=YJODDwAAQBAJ&source=gbs_api,"The advantages of primary pupils developing and adopting a growth mindset (a phrase first coined by Carol Dweck) have been widely discussed in education establishments and many teachers are aware of its benefits. A practical implementation of growth mindset theories is to understand which learning behaviours are the most effective; resilience, self-motivation and determination are key learning behaviours that, when developed well in a child, will support a lifetime of learning. Primary children ",Google Books,2026-08-30
The Growth Mindset Coach,"Annie Brock, Heather Hundley",Simon and Schuster,2016,,,150,Self-Management,resilience|growth-mindset|grit,none,Education,9781612436265,https://play.google.com/store/books/details?id=2eb5DAAAQBAJ&source=gbs_api,"Empower learning through grit and resilience—with this easy-to-follow teacher's guide to growth mindset strategies. Created by teachers for teachers, this is the ultimate guide for unleashing students' potential through creative lessons, empowering messages, and innovative teaching. The Growth Mindset Coach provides all you need to foster a growth mindset classroom, including: A Month-by-Month Program Research-Based Activities Hands-On Lesson Plans Real-Life Educator Stories Constructive Feedbac",Google Books,2026-08-30
"The Growth Mindset Coach, Second Edition","Annie Brock, Heather Hundley",UlyssesPress+ORM,2025,,,195,Self-Management,resilience|growth-mindset|grit,none,Education,9781646048243,https://play.google.com/store/books/details?id=ptQnEQAAQBAJ&source=gbs_api,"Bring growth mindset strategies into the classroom with the newly updated version of this best-selling, easy-to-follow guide for teachers to empower learning through grit and resilience.The teacher-favorite The Growth Mindset Coach returns in a fully updated second edition, featuring fresh strategies, research, and resources to help unleash students' potential through innovative lessons, empowering messages, and cutting-edge teaching techniques. This new edition expands its focus to address the ",Google Books,2026-08-30
In Other Words: Phrases for Growth Mindset,"Annie Brock, Heather Hundley",Simon and Schuster,2018,,,84,Self-Management,growth-mindset,none,Education,9781612438146,https://play.google.com/store/books/details?id=TMk6DwAAQBAJ&source=gbs_api,"Learn how to effectively bring growth mindset into your community and classroom by choosing impactful language. From the authors of the bestselling The Growth Mindset Coach, this handy companion is a must-have if you want to empower students through purposeful praise and feedback. Here are the key strategies, helpful tips and go-to phrases for helping students transition thoughts, words and actions into the growth-mindset zone. Designed for ease of use and packed with over a hundred specific exa",Google Books,2026-08-30
Cultivating Growth Mindset,Barbara Strong,,2021,,,110,Professional Effectiveness,performance|success,none,,9798728312468,http://books.google.com/books?id=BB9bzgEACAAJ&dq=growth+mindset&hl=&as_pt=BOOKS&source=gbs_api,"Some people have no idea how to cope with failure. Others have pretty good abilities for dealing with failure. But there is also the third group of people, the ones who love failure. Well, the best way to not be discouraged by failure is to not even think you're failing, but rather that you're learning. Entering the world of two different mindsets, the most important question you have to ask yourself is the following: If you had to choose, what would your priority be - loads of success and valid",Google Books,2026-08-30
Cultivating a Growth Mindset in Students,"Jacob Williams, Ph.D.","National Professional Resources, Inc.",2018,,,6,Self-Management,growth-mindset,none,Education,9781938539985,http://books.google.com/books?id=qVVyDwAAQBAJ&dq=growth+mindset&hl=&as_pt=BOOKS&source=gbs_api,Why do some highly capable students not excel in school while others achieve great success? Why do some individuals consistently exert effort when faced with challenges while others give up? And what can teachers do to help ensure all learners work hard and meet their full potential? The answer comes down to mindset. This quick-reference laminated guide looks at the two mindset types identified by Carol Dweck (2006): fixed mindset and growth mindset. It reviews the characteristics of each mindse,Google Books,2026-08-30
"Promoting Belonging, Growth Mindset, and Resilience to Foster Student Success","Amy Baldwin, Bryce D. Bunting, Doug Daugherty, Latoya Lewis, Timothy A. Steenbergh",First-Year Experience and Students in Transition University of South Carolina,2019,,,,Self-Management,resilience|growth-mindset,none,Academic achievement,9781942072379,http://books.google.com/books?id=7tABwgEACAAJ&dq=growth+mindset&hl=&as_pt=BOOKS&source=gbs_api,"""This book aims to deepen the conversation about the noncognitive factors that significantly impact student success. Not just a book about how to support the development of learning mindsets such as belonging, growth mindset, and resilience in students, it will also include strategies for college personnel to consider as they create initiatives, programs, and assessments to develop these noncognitive factors""--",Google Books,2026-08-30
Mindsets for Parents,"Mary Cay Ricci, Margaret Lee",Taylor & Francis,2023,,,141,Self-Management,growth-mindset,none,Family & Relationships,9781003816843,https://play.google.com/store/books/details?id=nmPiEAAAQBAJ&source=gbs_api,"All parents want their children to be successful, but success is not just about giving your kids praise or setting them on the right direction. Research shows that success is often dependent on mindset. That’s where the updated edition of Mindsets for Parents comes in! Designed to provide a roadmap for developing a growth mindset home environment, this book’s conversational style and real-world examples make the popular mindsets topic approachable and engaging. It includes tools for informally a",Google Books,2026-08-30
Growth Mindset Lessons,"Shirley Clarke, Katherine Muncaster",Hachette UK,2017,,,291,Self-Management,growth-mindset,none,Social Science,9781471899133,http://books.google.com/books?id=JCCWDwAAQBAJ&dq=growth+mindset&hl=&as_pt=BOOKS&source=gbs_api,"Practising teacher and mindset expert Katherine Muncaster has combined with best-selling author Shirley Clarke to produce this 'must-have' handbook for anyone looking to embed a growth mindset culture across their primary school. With practical strategies, lesson plans and extensive examples and realia in full colour, this comprehensive resource takes the concept of growth mindset and turns it into a powerful reality. · A comprehensive and practical scheme of work which will develop a powerful l",Google Books,2026-08-30
Growth Mindset Pocketbook,"Barry Hymer, Mike Gershon",Management Pocketbooks,2014,,,132,Self-Management,growth-mindset,none,Education,9781908284723,https://play.google.com/store/books/details?id=_pr_BgAAQBAJ&source=gbs_api,People with fixed mindsets believe that fundamental qualities like intelligence are essentially stable; people with growth mindsets believe that such qualities can be developed and nurtured. Research shows that learners with growth mindsets are more: open to challenges and constructively critical feedback; resilient in the face of obstacles and failure; convinced that effort makes a difference; able to learn well with and from others; likely to succeed. If we can foster growth mindsets in our pu,Google Books,2026-08-30
Loneliness Among Youth and Young Adults,"Viviana Horigian, Jessica Hemberg, Renae Schmidt",Frontiers Media SA,2026,,,131,Self-Management,anxiety,none,Medical,9782832582022,http://books.google.com/books?id=5rPtEQAAQBAJ&dq=growth+mindset&hl=&as_pt=BOOKS&source=gbs_api,"Research has highlighted the increasing prevalence of loneliness and lack of social connectedness, specifically among adolescents and young adults. Growing attention has focused on its links to mental health conditions and other health outcomes, including increased mortality risk. The COVID-19 pandemic heightened awareness of these issues, bringing particular concern to younger generations, who emerged as the loneliest group. As the expanding loneliness crisis intersected with the opioid overdos",Google Books,2026-08-30
A 12-Minute Summary of Mindset,Bolo,,2015,,,34,Professional Effectiveness,success|achievement,none,,9781680305784,http://books.google.com/books?id=ZkkgjgEACAAJ&dq=growth+mindset&hl=&as_pt=BOOKS&source=gbs_api,"We value your time, so we keep it short and concise. Mindset is Dr. Carol Dweck's New Psychology of Success. She examines the two mindsets, the Fixed Mindset and the Growth Mindset. Dweck explains how the growth mindset can magically improve and change your life, how it can help you attain the success you crave. Do you want to reach the success you are craving for but don't know how? Well, your courage is your first step; once you have that, everything will go your way. All you have to do is gra",Google Books,2026-08-30
The Growth Mindset Playbook,"Annie Brock, Heather Hundley",Simon and Schuster,2017,,,167,Self-Management,growth-mindset,none,Education,9781612436944,https://play.google.com/store/books/details?id=Nm0qDwAAQBAJ&source=gbs_api,"Discover effective and accessible tools for transforming your classroom and inspiring your students with this easy-to-use guide. Students who harness the power of growth mindset can succeed beyond their wildest imagination. The key is having a growth-mindset teacher who provides support, guidance, and encouragement. Packed with research-based teaching methods, this approachable guide for applying the growth mindset offers: • Tips for overcoming challenges • Strategies for inspiring students • Id",Google Books,2026-08-30
Doubting the efficacy of the growth mindset. A literature review,Fabio Zander,GRIN Verlag,2017,,,32,Self-Management,growth-mindset,none,Psychology,9783668452008,https://play.google.com/store/books/details?id=kYklDwAAQBAJ&source=gbs_api,"Literature Review from the year 2017 in the subject Psychology - Social Psychology, grade: 1,7, Lund University (Department of Psychology), language: English, abstract: The concept of the growth mindset has become better known over the last years and is presented as an important key factor determining failure and success (Dweck, 2006). This paper evaluates the current research on Dweck’s mindset theory as well as its scientific foundation. The main goal of this paper is to critically review the ",Google Books,2026-08-30
"Growth Mindset: The Proven Strategies for Unlocking the Secrets to Success, Overcoming Fear, Developing Self Discipline, Emotional Intelligence, and Self Confidence to Achieve",Eric Holt,Eric Holt,2023,,,79,Self-Management,motivation|growth-mindset|self-discipline|grit,goleman,Self-Help,9781835121818,https://play.google.com/store/books/details?id=kSnNEAAAQBAJ&source=gbs_api,"Unlock Your True Potential with Growth Mindset – Proven Strategies to Achieve Success, Overcome Fear, and Develop Self-Discipline Are self-limiting beliefs holding you back from reaching your full potential? Are you tired of feeling stuck and lacking progress in your life? Discover the power of a growth mindset and transform your life by overcoming fear, developing self-discipline, boosting emotional intelligence, and building unwavering self-confidence. In Growth Mindset, Eric Holt provides a c",Google Books,2026-08-30
Talk to Your Brain,"Veronica Colley, Clarissa Johnson",,2019,,,164,Relationship Management,conflict-resolution|teamwork|feedback|relationship,none,,9781077493087,http://books.google.com/books?id=b1AoxwEACAAJ&dq=growth+mindset&hl=&as_pt=BOOKS&source=gbs_api,"""Your brain is the most amazing thing, it listens to what you say ..."" Positive self-talk and a Growth Mindset are incredibly powerful tools for lifelong learning. This thoughtfully written teaching resource will walk you through everything you need to bring the language of successful life-long learners into your classroom. Through the daily repetition in these 10 minute micro lessons your children will learn to use positive self-talk to be able to better handle any situation. When things got ha",Google Books,2026-08-30
Challenging Mindset,"James Nottingham, Bosse Larsson",Corwin Press,2018,,,225,Self-Management,growth-mindset,none,Education,9781506376639,http://books.google.com/books?id=1VhiDwAAQBAJ&dq=growth+mindset&hl=&as_pt=BOOKS&source=gbs_api,Create the right conditions for a growth mindset to flourish in your school and your students Mindset doesn’t matter when things are easy; it is only when faced with challenges that working from a growth mindset influences learning. But what is a ‘growth mindset’? Why are mindset interventions not working in schools (yet)? What can be done to change this? Challenging Mindset answers key questions about Carol Dweck’s theory of Mindset and shares proven strategies for putting mindset theory into p,Google Books,2026-08-30
"Positive Psychology: Theory, Research And Applications","Hefferon, Kate, Boniwell, Ilona",McGraw-Hill Education (UK),2011,,,290,Self-Management,resilience|motivation|optimism,none,Psychology,9780335241958,http://books.google.com/books?id=0Oja5sDT72oC&dq=positive+psychology+wellbeing&hl=&as_pt=BOOKS&source=gbs_api,"""Kate Hefferon and Ilona Boniwell have done an excellent job on this introduction to Positive Psychology! I encourage educators, students and everyone else interested in an updated, well-written and culturally balanced approach to the scientific study of human flourishing, to read this highly accessible, yet rigorously crafted text; and to get it under your skin by ways of carefully chosen tests and exercises."" Hans Henrik Knoop, Aarhus University, Denmark and President, European Network for Pos",Google Books,2026-08-30
Positive Balance,M. Joseph Sirgy,Springer Nature,2020,,,177,Thinking & Deciding,logic|cognitive,none,Social Science,9783030402891,https://play.google.com/store/books/details?id=yFXsDwAAQBAJ&source=gbs_api,"The book provides a new theory of well-being designed to integrate many disparate concepts of well-being, such as subjective well-being, personal happiness, mental well-being, emotional well-being, psychological well-being, hedonic well-being, social well-being, life satisfaction, domain satisfaction, and eudaimonia. It lays the foundation for a new a theory of mental well-being based on a hierarchical perspective of positive mental health and guided by the concept of positive balance. Written b",Google Books,2026-08-30
Applied Positive Psychology,"Tim Lomas, Kate Hefferon, Itai Ivtzan",SAGE,2014,,,241,Relationship Management,relationship,none,Psychology,9781473908444,http://books.google.com/books?id=6b2ICwAAQBAJ&dq=positive+psychology+wellbeing&hl=&as_pt=BOOKS&source=gbs_api,"If you think you know what positive psychology is, think again! This book offers a new integrative vision for making life better that takes in the body and the brain, culture and society, childhood and development... A must read for students."" - Stephen Joseph, University of Nottingham ""Captures the best of the positive psychology initiative, and most importantly, translates it to practice. The authors bring remarkable depth and breadth to the subject matter and do so in a way that is fresh, eng",Google Books,2026-08-30
Flourish,Martin E. P. Seligman,Simon and Schuster,2011,,,370,Relationship Management,relationship,none,Psychology,9781439190760,http://books.google.com/books?id=YVAQVa0dAE8C&dq=positive+psychology+wellbeing&hl=&as_pt=BOOKS&source=gbs_api,"Explains the four pillars of well-being--meaning and purpose, positive emotions, relationships, and accomplishment--placing emphasis on meaning and purpose as the most important for achieving a life of fulfillment.",Google Books,2026-08-30
Positive Psychology for Improving Mental Health & Well-Being,Dr. Geetika Patnaik,Notion Press,2021,,,176,Self-Management,stress-management,goleman,Psychology,9781638065135,https://play.google.com/store/books/details?id=XLEcEAAAQBAJ&source=gbs_api,"Positive Psychology for Improving Mental Health and Well-being has been prepared conforming to the standard graduation syllabus in Psychology. The subject matter covered is also relevant to Management studies. Besides, it will be of immense help to Civil Service aspirants with Psychology as an optional subject. Chapters on Flow and Happiness, Emotional Intelligence, Stress Management and Helping Positivity will fascinate and enrich the inquisitive mind of general readers. Moreover, this book can",Google Books,2026-08-30
The Palgrave Handbook of Positive Psychology and Health,Fuschia M. Sirois,Springer Nature,2025,,,608,Self-Awareness,mindfulness,none,Psychology,9783031890956,https://play.google.com/store/books/details?id=Xh1sEQAAQBAJ&source=gbs_api,"This handbook brings together the two rapidly growing subfields of psychology, Positive Psychology and Health Psychology. It provides evidence-based and theory-driven perspectives on the potential benefits of focusing on and cultivating character strengths, positive states and traits for optimizing physical health and related outcomes in both general and medical populations. The handbook is divided into four sections, with the first three covering classic Western positive psychological domains a",Google Books,2026-08-30
Positive Psychology in the Middle East/North Africa,"Louise Lambert, Nausheen Pasha-Zaidi",Springer,2019,,,418,Thinking & Deciding,logic,none,Psychology,9783030139216,https://play.google.com/store/books/details?id=cbSPDwAAQBAJ&source=gbs_api,"This volume looks at positive psychology from a culturally-responsive, empirically-driven perspective to avoid a descent into pseudoscience. Through evidence-based, regionally relevant topics in the field of well-being, this volume shows how increasing levels of excellence in the GCC region enhance upon business, education, research, and social innovations. Grounded in the empirical research literature, each chapter applies psychological concepts to locally relevant considerations, such as cultu",Google Books,2026-08-30
Positive Psychology for Healthcare Professionals,"Jan Macfarlane, Jerome Carson",Emerald Group Publishing,2023,,,137,Uncategorised,,none,Social Science,9781804559581,https://play.google.com/store/books/details?id=9kTBEAAAQBAJ&source=gbs_api,"Positive Psychology for Healthcare Professionals presents applied positive psychology specifically for health and care staff, showcasing eleven different interventions that have proven to be effective in improving wellbeing.",Google Books,2026-08-30
Routledge International Handbook of Positive Health Sciences,"Jolanta Burke, Ilona Boniwell, Beth Frates, Liana S. Lianov, Ciaran A. O’Boyle",Taylor & Francis,2023,,,387,Relationship Management,coaching|relationship,none,Health & Fitness,9781003826101,https://play.google.com/store/books/details?id=8aroEAAAQBAJ&source=gbs_api,"This ground-breaking book combines research and practice in the rapidly growing field of Positive Psychology with the fastest-growing medical speciality of Lifestyle Medicine. Section 1 maps out the new field of positive health by exploring the scope, content and architecture of this rapidly emerging area of research. It explores research findings and applications derived from Lifestyle Medicine and Positive Psychology that are critical for positive health. Section 2 delves into positive health ",Google Books,2026-08-30
Exploring Positive Psychology,"Erik M. Gregory, Pamela B. Rutledge",Bloomsbury Publishing USA,2016,,,280,Thinking & Deciding,creativity|logic,none,Psychology,9798216082545,https://play.google.com/store/books/details?id=cwfJEAAAQBAJ&source=gbs_api,"Looking for an introduction to positive psychology that offers real-life examples? This overview of the science of happiness supplies case studies from some of the world's most successful organizations and describes ways to experience the personal impact of this exciting scientific field. Rather than focusing on treating what is ""wrong"" with a person, positive psychology seeks to understand and foster the things that drive happiness, creativity, and emotional fulfillment. This is a relatively ne",Google Books,2026-08-30
Positive Psychology in Practice,Stephen Joseph,John Wiley & Sons,2015,,,896,Relationship Management,coaching,none,Psychology,9781118757178,https://play.google.com/store/books/details?id=ERrWBgAAQBAJ&source=gbs_api,"The best minds in positive psychology survey the state of the field Positive Psychology in Practice, Second Edition moves beyond the theoretical to show how positive psychology is being used in real-world settings, and the new directions emerging in the field. An international team of contributors representing the best and brightest in the discipline review the latest research, discuss how the findings are being used in practice, explore new ideas for application, and discuss focus points for fu",Google Books,2026-08-30
Mindfulness in Positive Psychology,"Itai Ivtzan, Tim Lomas",Routledge,2016,,,359,Self-Awareness,mindfulness,none,Psychology,9781317600664,http://books.google.com/books?id=KabDCwAAQBAJ&dq=positive+psychology+wellbeing&hl=&as_pt=BOOKS&source=gbs_api,"Mindfulness in Positive Psychology brings together the latest thinking in these two important disciplines. Positive psychology, the science of wellbeing and strengths, is the fastest growing branch of psychology, offering an optimal home for the research and application of mindfulness. As we contemplate mindfulness in the context of positive psychology, meaningful insights are being revealed in relation to our mental and physical health. The book features chapters from leading figures from mindf",Google Books,2026-08-30
Positive Psychology,"C. R. Snyder, Shane J. Lopez, Jennifer Teramoto Pedrotti",SAGE,2011,,,617,Uncategorised,,none,Psychology,9781412981958,http://books.google.com/books?id=ZCE9Qx8VHAEC&dq=positive+psychology+wellbeing&hl=&as_pt=BOOKS&source=gbs_api,"Bringing both the science, and the real-life applications, of positive psychology to life for students This revision of the cutting edge, most comprehensive text for this exciting field presents new frameworks for understanding positive emotions and human strengths. The authors—all leading figures in the field—show how to apply the science to improve schooling, the workplace, and cooperative lifestyles among people. Well-crafted exercises engage students in applying major principles in their own",Google Books,2026-08-30
Positive Psychology,John Zelenski,SAGE,2019,,,499,Social Awareness,inclusion,none,Psychology,9781526485311,http://books.google.com/books?id=nFedDwAAQBAJ&dq=positive+psychology+wellbeing&hl=&as_pt=BOOKS&source=gbs_api,"Positive Psychology brings together a range of research and a comprehensive review of the more recent work and lessons learned since the founder’s original vision of this field. Organised into five sections: An Introduction, Positive Experiences, Personality Processes, External Influences, and Applications, this text provides a thorough introduction to an interesting and challenging area in Psychology. With a final look at the future of Positive Psychology, and its potential to inform social cha",Google Books,2026-08-30
"Wellbeing: A Complete Reference Guide, Work and Wellbeing","Peter Y. Chen, Cary Cooper",John Wiley & Sons,2014,,,532,Uncategorised,,none,Psychology,9781118608364,http://books.google.com/books?id=A0zHCgAAQBAJ&dq=positive+psychology+wellbeing&hl=&as_pt=BOOKS&source=gbs_api,"Part of the six-volume reference set Wellbeing: A Complete Reference Guide, this volume is a comprehensive look at wellbeing in the workplace at organizational, managerial, and individual levels. Discusses the implications of theory and practice in the field of workplace wellbeing Incorporates not only coverage of workplace stress in relation to wellbeing, but also aspects of positive psychology Explores the role of governments in promoting work place well being Part of the six-volume set Wellbe",Google Books,2026-08-30
Positive Psychology,Alan Carr,Routledge,2022,,,633,Self-Management,growth-mindset|optimism|grit,goleman,Psychology,9781000526851,https://play.google.com/store/books/details?id=-wVhEAAAQBAJ&source=gbs_api,"The third edition of Positive Psychology is an accessible introduction to this rapidly growing field. It covers all major positive psychology topics including wellbeing, character strengths, optimism, gratitude, savouring, flow, mindfulness, emotional intelligence, creativity, giftedness, wisdom, growth mindset, grit, self-esteem, self-efficacy, adaptive defence mechanisms, functional coping strategies, positive relationships, and positive psychology interventions. Positive Psychology retains al",Google Books,2026-08-30
Positive Psychology,Rona Hart,Routledge,2020,,,220,Self-Management,optimism|self-regulation,none,Education,9781351375245,https://play.google.com/store/books/details?id=c7vrDwAAQBAJ&source=gbs_api,"This book provides an accessible and balanced introduction to positive psychology scholarship and its applications, incorporating an overview of the development of positive psychology. Positive Psychology: The Basics delineates positive psychology’s journey as a discipline, takes stock of its achievements and provides an updated overview of its core topics, exploring the theory, research and interventions in each. Launched as a rebellious discipline just over two decades ago, positive psychology",Google Books,2026-08-30
The Human Pursuit of Well-Being,Ingrid Brdar,Springer Science & Business Media,2011,,,277,Self-Management,motivation,none,Psychology,9789400713758,https://play.google.com/store/books/details?id=9BFs04DjSH8C&source=gbs_api,"This book brings together the latest research on positive psychology from an international cast of researchers and particularly from the growing body of European researchers. The chapters describe research and practice from diverse fields of positive psychology, covering topics such as happiness and well-being, motivation and goals, personality, academic performance and coping, measurement and interventions. The book emphasizes a cultural approach to the human pursuit of well-being. It is unique",Google Books,2026-08-30
Positive Psychology and You,Alan Carr,Routledge,2019,,,429,Self-Awareness,mindfulness,none,Psychology,9781000546927,http://books.google.com/books?id=aTv3DwAAQBAJ&dq=positive+psychology+wellbeing&hl=&as_pt=BOOKS&source=gbs_api,"This broad and innovative self-development guide shows readers how they can use scientific findings from contemporary positive psychology to enhance their lives. Containing dozens of practical exercises and real-life examples, it helps bring positive psychology findings from the lab into day-to-day life. Divided into six parts and covering a wide array of themes, this book is designed to help people with or without mental health problems enhance their well-being. It answers questions like: what ",Google Books,2026-08-30
Positive Psychology In A Nutshell: The Science Of Happiness,"Boniwell, Ilona",McGraw-Hill Education (UK),2012,,,218,Self-Management,resilience|motivation|optimism,none,Psychology,9780335247202,http://books.google.com/books?id=WW3TT8MdwMkC&dq=positive+psychology+wellbeing&hl=&as_pt=BOOKS&source=gbs_api,"""The best general introduction to positive psychology available."" Dr Alex Linley, University of Leicester, UK ""Dr Ilona Boniwell is recognized as Europe’s leading researcher, innovator and thinker in the expanding world of positive psychology. Positive Psychology in a Nutshell offers something for everyone with an interest in discovering how to live optimally. This brilliant little book is packed with scientific evidence identifying the key ingredients that help to create a happy life. Read it a",Google Books,2026-08-30
"Diversity, Inclusion and Development in North-East India","Dr. Devika Ayekpam, Dr. Silas Gangmei",Crestwood Publishers,2026,,,163,Social Awareness,diversity|inclusion,none,Business & Economics,9788199492493,https://play.google.com/store/books/details?id=yqTNEQAAQBAJ&source=gbs_api,"This comprehensive academic work explores the intricate relationship between diversity, inclusion, and development in North-East India, a region renowned for its rich cultural tapestry and unique socio-economic landscape. Authored by Dr. Devika Ayekpam and Dr. Silas Gangmei, this scholarly publication delves into the multifaceted challenges and opportunities that arise from the region's extraordinary ethnic, linguistic, and cultural diversity. The book examines how inclusive development policies",Google Books,2026-08-30
Social Media and Influencer Marketing,Priya Malhotra,Educohack Press,2026,,,290,Relationship Management,influence,none,Medical,9789361526695,https://play.google.com/store/books/details?id=6YjzEQAAQBAJ&source=gbs_api,"Social Media and Influencer Marketing explores how brands leverage social platforms, content creators, and online communities to build awareness, engagement, and customer loyalty across global digital ecosystems. This comprehensive resource examines social platform dynamics, influencer partnership strategies, content creation, community management, and metrics measurement. Social Media and Influencer Marketing addresses marketing applications spanning diverse industries and markets globally, inc",Google Books,2026-08-30
Designing and Teaching Fitness Education Courses,"Jayne D. Greenberg, Nichole Calkins, Lisa Spinosa",Human Kinetics,2021,,,418,Uncategorised,,none,Education,9781718200272,https://play.google.com/store/books/details?id=PeQpEAAAQBAJ&source=gbs_api,"Helps physical educators develop and implement fitness education courses in their curricula. Includes pacing guides, which act as a teacher’s blueprint throughout a semester, and offers 139 video clips and 211 instructional photos that show the activities, all of which require no equipment.",Google Books,2026-08-30
Schooling Multicultural Teachers,"Manya C. Whitaker, Kristina M. Valtierra",Emerald Group Publishing,2019,,,115,Uncategorised,,none,Education,9781787697195,https://play.google.com/store/books/details?id=A3WkDwAAQBAJ&source=gbs_api,"Schooling Multicultural Teachers offers a historical overview of the multicultural education context, followed by practical examples of how the DCRPS can support program evaluation, as well as guide pre-service and in-service teacher development across diverse programs and demographic contexts.",Google Books,2026-08-30
"Managing Cultural Disruption in Business: Hybrid Work, Generational Shifts, and Inclusive Practice","Ismail, Ahmed Rageh",IGI Global,2026,,,482,Social Awareness,diversity|inclusion|equity,none,Business & Economics,9798337354200,https://play.google.com/store/books/details?id=_9rREQAAQBAJ&source=gbs_api,"In today’s evolving business landscape, cultural disruption emerges as a critical challenge for global organizations. With the establishment of hybrid work models, and a growing emphasis on diversity, equity, and inclusion, companies must now navigate complex changes in workplace culture and employee satisfaction. Managing these expectations effectively requires adaptive leadership and inclusive practices that bridge generational divides and support collaboration across diverse work environments",Google Books,2026-08-30
High-Performance Coaching for Managers,"William J. Rothwell, Behnam Bakhshandeh",CRC Press,2022,,,491,Relationship Management,coaching|feedback,none,Business & Economics,9781000594782,https://play.google.com/store/books/details?id=tzBwEAAAQBAJ&source=gbs_api,"Coaching is a necessary skill for managers. It is important as a fundamental part of an organization's talent efforts—including talent acquisition, development and retention strategies. For a coaching program to succeed in an organization, it should be recognized as a useful approach throughout the organization and become part of the fabric of the corporate culture. Performance Coaching for Managers provides an important tool for organizations to use to train their managers on coaching. This boo",Google Books,2026-08-30
Human Capital Management in the Contemporary Workplace,"Agata Sudolska, Kamil Zawadzki",Taylor & Francis,2024,,,137,Social Awareness,diversity|inclusion,none,Business & Economics,9781040086315,https://play.google.com/store/books/details?id=dCCNEQAAQBAJ&source=gbs_api,"Nowadays, organisations are confronted with the imperative to enhance their organisational sustainability. This involves establishing an appropriate balance between the economic, ecological, and social aspects of an organisation's operations and striving to accomplish their economically viable goals that are both socially and environmentally responsible. By aligning the priorities and incorporating environmental, social, and economic factors into their operational strategies, organisations can g",Google Books,2026-08-30
Resources for Educating Children with Diverse Abilities,Penny Low Deiner,Wadsworth Publishing Company,2005,,,748,Uncategorised,,none,Education,,http://books.google.com/books?id=wMlKAAAAYAAJ&dq=social+awareness+diversity+inclusion&hl=&as_pt=BOOKS&source=gbs_api,This text will help students move from identifying the annual goals for a child to embedding these goals in the regular classroom routine. It is set up to provide information and then teach how to appy this information in a practical setting.,Google Books,2026-08-30
Resources for Teaching Children with Diverse Abilities,Penny Low Deiner,Houghton Mifflin Harcourt P,1992,,,662,Uncategorised,,none,Education,,http://books.google.com/books?id=x7haAAAAYAAJ&dq=social+awareness+diversity+inclusion&hl=&as_pt=BOOKS&source=gbs_api,"Introduces the field of early childhood education, offers advice on working with the child's family, and suggests activities designed to develop needed skills.",Google Books,2026-08-30
Lux Fiat,,,2002,,,208,Uncategorised,,none,,,http://books.google.com/books?id=81viAAAAMAAJ&dq=social+awareness+diversity+inclusion&hl=&as_pt=BOOKS&source=gbs_api,,Google Books,2026-08-30
"Social Identity: Leading with Awareness, Inclusion, and Belonging","Valerie Ehrlich, Cathleen Clerkin",Center for Creative Leadership,2026,,,65,Social Awareness,inclusion|belonging,none,Business & Economics,9781647611217,https://play.google.com/store/books/details?id=At31EQAAQBAJ&source=gbs_api,"Social Identity: Leading with Awareness, Inclusion, and Belonging is designed to help you develop awareness and knowledge of your own social identities and those of others.",Google Books,2026-08-30
Loose-Leaf Version of My Psychology,Andrew M. Pomerantz,Macmillan Higher Education,2019,,,3295,Social Awareness,diversity,none,Psychology,9781319272326,https://play.google.com/store/books/details?id=f5a0DwAAQBAJ&source=gbs_api,"My Psychology is a fresh approach to introductory psychology that invites students to make a personal connection to the science of psychology. Unlike other texts, My Psychology uses a combination of a relatable writing style and digital technology to make the material real and immediate for readers. Intro psych students live on their smartphones and computers, and My Psychology meets them there with specially produced My Take videos, Chapters Apps, and Show Me More activities. The examples in My",Google Books,2026-08-30
Educating for Social Justice and Inclusion in an African Context,Nithi Muthukrishna,,2008,,,278,Self-Awareness,identity,none,Education,,http://books.google.com/books?id=1HglAQAAIAAJ&dq=social+awareness+diversity+inclusion&hl=&as_pt=BOOKS&source=gbs_api,"The proposed book moves away from a special education course, reflecting a broad consideration of social justice and inclusion that encompasses a variety of concerns about the lived experience of domination, oppression and injustice, and seeks to understand the complex intersections of a number of often overlapping categories of social identity and conflict, including cultural, ethnic, and racialised identities, gender sexual orientation, class and disability.",Google Books,2026-08-30
SuccessGuide Worldwide,,,2002,,,456,Professional Effectiveness,success,none,African Americans,,http://books.google.com/books?id=IOQiAQAAMAAJ&dq=social+awareness+diversity+inclusion&hl=&as_pt=BOOKS&source=gbs_api,,Google Books,2026-08-30
Inclusion and Diversity in Education: Developing inclusive schools and school systems,"Peter Hick, Gary Thomas",,2009,,,466,Social Awareness,diversity|inclusion,none,Inclusive education,,http://books.google.com/books?id=GogOAQAAMAAJ&dq=social+awareness+diversity+inclusion&hl=&as_pt=BOOKS&source=gbs_api,"This 4-volume set brings together seminal articles and key writings on the theme of inclusion and diversity in education. The collection takes disability and special educational need as a starting point from which to develop a broader focus on a range of themes relating to learners who may be marginalised from educational opportunities. This includes for example members of minority ethnic communities, students excluded from schools or who are 'looked after' in public care, and other dimensions o",Google Books,2026-08-30
An Analysis of Outdoor Leaders' Ethics Guiding Decision Making,Denise Sue Mitten,,2003,,,324,Thinking & Deciding,decision-making|ethics,none,,,http://books.google.com/books?id=GP_4orSw0-oC&dq=social+awareness+diversity+inclusion&hl=&as_pt=BOOKS&source=gbs_api,,Google Books,2026-08-30
Cooperative Learning and Strategies for Inclusion,JoAnne Wachholz Putnam,Brookes Publishing Company,1998,,,294,Social Awareness,inclusion,none,Education,,http://books.google.com/books?id=DeWeAAAAMAAJ&dq=social+awareness+diversity+inclusion&hl=&as_pt=BOOKS&source=gbs_api,This book reviews the basics of cooperative learning and provides guidance to educators and administrators on adapting curricula and implementing methods such as multilevel instruction.,Google Books,2026-08-30
"Adapted Physical Activity, Recreation, and Sport",Claudine Sherrill,"McGraw-Hill Humanities, Social Sciences & World Languages",2004,,,824,Social Awareness,inclusion,none,Education,,http://books.google.com/books?id=GERLAAAAYAAJ&dq=social+awareness+diversity+inclusion&hl=&as_pt=BOOKS&source=gbs_api,"Offering the most comprehensive coverage available and broadening the audience scope to include students majoring in exercise science or coaching who are preparing for nonteaching positions, this new edition features a lifespan, cross-disciplinary approach valuable for both teaching and non-teaching professionals. Adapted Physical Activity, Recreation, and Sport emphasizes attitude change, inclusion, and psychosocial perspectives for understanding individual differences.",Google Books,2026-08-30
Successful Inclusive Teaching,Joyce S. Choate,Allyn & Bacon,2004,,,516,Professional Effectiveness,success,none,Education,,http://books.google.com/books?id=dr1KAAAAYAAJ&dq=social+awareness+diversity+inclusion&hl=&as_pt=BOOKS&source=gbs_api,"Intended for use in several settings--as a basic compendium for inclusive education courses, a handbook for field experiences, or a resource guide for in-service teachers--this new edition will help prepare teachers to improve teaching and learning for all children in inclusive classrooms.",Google Books,2026-08-30
How to Reach & Teach All Students in the Inclusive Classroom,"Sandra F. Rief, Julie A. Heimburge",,1996,,,492,Uncategorised,,none,Education,,http://books.google.com/books?id=k-2eAAAAMAAJ&dq=social+awareness+diversity+inclusion&hl=&as_pt=BOOKS&source=gbs_api,"Sect. 10: Team efforts, p.221-",Google Books,2026-08-30
Cultural Intelligence and Global Leadership,Inspiria Knowledge Campus,Notion Press,2025,,,0,Social Awareness,empathy|cultural-intelligence|diversity,none,Education,9798901122082,http://books.google.com/books?id=nlrd0QEACAAJ&dq=cultural+intelligence+global+leadership&hl=&as_pt=BOOKS&source=gbs_api,"In an age marked by rapid globalization, technological disruption, and cultural flux, leadership demands more than technical skill - it requires cultural intelligence, empathy, and transdisciplinary vision. The Proceedings of the Fourth National Transdisciplinary Conference on Cultural Intelligence & Global Leadership (CIGL 2025), hosted by Inspiria Knowledge Campus, brings together scholars, practitioners, and innovators across management, media, hospitality, finance, design, technology, and th",Google Books,2026-08-30
Cultural Intelligence,Julia Middleton,A&C Black,2014,,,225,Social Awareness,cultural-intelligence,none,Business & Economics,9781472904812,http://books.google.com/books?id=cnN1AwAAQBAJ&dq=cultural+intelligence+global+leadership&hl=&as_pt=BOOKS&source=gbs_api,"Forget IQ and EQ; for today's global leaders, CQ, Cultural Intelligence, is the essential attribute for achieving business goals.",Google Books,2026-08-30
Advances in Global Leadership,"William H. Mobley, Ming Li, Ying Wang",Emerald Group Publishing,2012,,,455,Relationship Management,leadership,none,Business & Economics,9781780520025,http://books.google.com/books?id=QFniQg33lhIC&dq=cultural+intelligence+global+leadership&hl=&as_pt=BOOKS&source=gbs_api,"Includes chapters on various concepts and processes associated with leading across cultures and other boundaries. Drawing on authors from many different cultures and contexts, this title contributes to bridging and integrating conceptual and practitioner perspectives in pursuing this deeper understanding.",Google Books,2026-08-30
Advances in Global Leadership,"Joyce S. Osland, Mark E. Mendenhall, Ming Li",Emerald Group Publishing,2018,,,397,Relationship Management,leadership,none,Business & Economics,9781787542990,https://play.google.com/store/books/details?id=g1d7DwAAQBAJ&source=gbs_api,This volume of Advances in Global Leadership updates researchers and practitioners on the state of the field and research gaps. Part 1 presents new empirical studies; Part II features papers on global leadership development programs offered by universities. Contributors range from well-known voices to new scholars with fresh perspectives.,Google Books,2026-08-30
Cultural Intelligence in Global Leadership,Benjamin Paul Dean,,2007,,,566,Social Awareness,cultural-intelligence,none,Cultural awareness,,http://books.google.com/books?id=qzJQswEACAAJ&dq=cultural+intelligence+global+leadership&hl=&as_pt=BOOKS&source=gbs_api,,Google Books,2026-08-30
Management Education for Global Leadership,"Baporikar, Neeta",IGI Global,2016,,,339,Professional Effectiveness,success|effectiveness,none,Business & Economics,9781522510147,https://play.google.com/store/books/details?id=Q952DQAAQBAJ&source=gbs_api,"An individual’s success as a manager is largely dependent on the effectiveness of the training and education they received. However, as new technologies and management techniques emerge within the field, it becomes necessary to evaluate ways to optimize management education programs. Management Education for Global Leadership examines the complexities and challenges present in improvising the learning process in education programs. Highlighting real-life experiences, theoretical concepts, and pr",Google Books,2026-08-30
The Oxford Handbook of Cross-Cultural Organizational Behavior,"Michele J. Gelfand, Miriam Erez",Oxford University Press,2024,,,777,Relationship Management,influence|leadership|trust,none,Business & Economics,9780190085384,http://books.google.com/books?id=MADmEAAAQBAJ&dq=cultural+intelligence+global+leadership&hl=&as_pt=BOOKS&source=gbs_api,"The process of globalization has brought into focus the central role of culture in understanding work behavior. In parallel to the accelerating process of globalization, there has been an explosion of empirical studies on culture and organizational behavior. Written by a diverse group of experts in the field, this handbook provides critical knowledge on how cultures vary, and how culture influences basic psychological processes, communication, trust, social networks, leadership, and negotiation.",Google Books,2026-08-30
Global Leadership,Blanca G. Marquez,,2008,,,180,Relationship Management,leadership,none,Cultural intelligence,,http://books.google.com/books?id=au5NygEACAAJ&dq=cultural+intelligence+global+leadership&hl=&as_pt=BOOKS&source=gbs_api,,Google Books,2026-08-30
Global Leadership,"Mark E. Mendenhall, Joyce S. Osland, Allan Bird, Gary R. Oddou, Michael J. Stevens, Martha L. Maznevski, Günter K. Stahl",Taylor & Francis,2025,,,522,Relationship Management,leadership,none,Business & Economics,9781040431177,https://play.google.com/store/books/details?id=a12JEQAAQBAJ&source=gbs_api,"This text offers a comprehensive, up-to-date view of the global leadership field since the publication of the third edition of this volume in 2018. Focusing on leading across cultural, economic, social, national, and political boundaries simultaneously, Global Leadership: Research, Practice, and Development (fourth edition) presents an in-depth summary of the field’s past and latest studies and practices in a succinct and engaging style that helps both managers and students grasp the complexitie",Google Books,2026-08-30
The Link Between Cultural Intelligence and Effective Global Leadership,Thomas Parel Verghese,,2011,,,268,Social Awareness,cultural-intelligence,none,Leadership,,http://books.google.com/books?id=pFIoMwEACAAJ&dq=cultural+intelligence+global+leadership&hl=&as_pt=BOOKS&source=gbs_api,,Google Books,2026-08-30
Successful Global Leadership,Ramon Henson,Springer,2016,,,319,Social Awareness,empathy|cultural-intelligence,none,Business & Economics,9781137589903,https://play.google.com/store/books/details?id=zK7LDAAAQBAJ&source=gbs_api,"This book provides practical frameworks for anyone hoping to become a successful global leader, and outlines the challenges that international firms face when managing across cultures. It highlights the cognitive, affective, and behavioral actions leaders can take to understand the differences between foreign values and traditions, and how to develop a corporate environment where global leadership can thrive. Drawing on the latest research findings, interviews with executives, and the author’s o",Google Books,2026-08-30
"Global Leadership, Cultural Intelligence (CQ) and Neuroscience",James Hea,,2016,,,108,Social Awareness,cultural-intelligence,none,,9783659918964,http://books.google.com/books?id=IzATvgAACAAJ&dq=cultural+intelligence+global+leadership&hl=&as_pt=BOOKS&source=gbs_api,,Google Books,2026-08-30
Cultural Intelligence in the World of Work,"Yuan Liao, David C. Thomas",Springer Nature,2020,,,186,Social Awareness,cultural-intelligence,none,Psychology,9783030181710,https://play.google.com/store/books/details?id=5CPNDwAAQBAJ&source=gbs_api,"This book provides a comprehensive review of both the theoretical development and empirical study of the concept of cultural intelligence. A review of previous work on cross-cultural competence provides an historical backdrop against which the two main theories of cultural intelligence are presented. These two approaches, as well as the assessments derived from them, are compared and evaluated. Issues associated with the measurement of cultural intelligence are examined in detail. An important f",Google Books,2026-08-30
Global Leadership,Mark E. Mendenhall,,2008,,,222,Relationship Management,leadership,none,Business & Economics,9780415405249,http://books.google.com/books?id=OWy1AAAAIAAJ&dq=cultural+intelligence+global+leadership&hl=&as_pt=BOOKS&source=gbs_api,"This key book provides a multidisciplinary, integrative, current and comprehensive discussion of the dimensions, issues, leading-edge approaches and continuing challenges faced in defining, measuring and developing global leadership.",Google Books,2026-08-30
Leading with Cultural Intelligence 3rd Edition,David Livermore,AMACOM,2024,,,286,Self-Management,adaptability|motivation,none,Business & Economics,9781400247479,https://play.google.com/store/books/details?id=NT7hEAAAQBAJ&source=gbs_api,"As our workplaces become increasingly global and diverse, being a culturally intelligent leader isn't just a bonus—it's essential. Whether you're negotiating a contract with a supplier on the other side of the world, managing an increasingly diverse workforce, expanding your business across borders, or developing and applying cultural intelligence (CQ), this classic resource provides you with the adaptability you need to motivate, negotiate, and accomplish results with anyone, anywhere. Having d",Google Books,2026-08-30
The Global Leader: Mastering Leadership in a Connected World,Navneet Singh,Navneet Singh,,,,18,Relationship Management,influence|collaboration|leadership|trust,goleman,Antiques & Collectibles,,https://play.google.com/store/books/details?id=Qv7lEQAAQBAJ&source=gbs_api,"Preface Why global leadership matters today How this course book is designed (chapters, activities, reflection questions, case studies, exercises) Who should use it (leaders, managers, educators, students, entrepreneurs) Part I – The Foundations of Global Leadership Chapter 1 – Understanding Global Leadership Definition of global leadership Differences between traditional leadership vs. global leadership Key competencies: cultural intelligence, adaptability, systems thinking The role of global l",Google Books,2026-08-30
"Global Leadership, IQ and Global Quotient",Geoffrey VanderPal,,2017,,,0,Social Awareness,cultural-intelligence,goleman,,,http://books.google.com/books?id=EYHbzwEACAAJ&dq=cultural+intelligence+global+leadership&hl=&as_pt=BOOKS&source=gbs_api,"The present paper aims to identify and explore the role of cultural values and global mindset in successful international leadership and the effects of global mindset improvement on supporting leaders to provide optimum solutions to challenging situations. The investigation of extensive scholarly works highlighted that the importance of global mindset to global leadership (GL) has received only limited attention. This article suggests that analytical intelligence (IQ), emotional intelligence (EI",Google Books,2026-08-30
Global Leadership,"Mark E. Mendenhall, Joyce Osland, Allan Bird, Professor of International Anagement and Head of the Global Strategy and Law Area in the College of Business Allan Bird, Gary R. Oddou, Martha L. Maznevski",Routledge,2013,,,215,Relationship Management,leadership,none,Business & Economics,9781136732140,http://books.google.com/books?id=jSqtAgAAQBAJ&dq=cultural+intelligence+global+leadership&hl=&as_pt=BOOKS&source=gbs_api,"Global leadership is an emerging field that seeks to understand and explain the impact of globalization processes on leadership. This is the first book to review the theoretical, empirical and conceptual literature on this important subject, and to analyze what this body of knowledge means for managers who lead in a global business context. Accessible to both student and practitioner alike, it explains how changes in the global context have created a demand for a distinctive set of qualities for",Google Books,2026-08-30
Cultural Intelligence,"P. Christopher Earley, Soon Ang",Stanford Business Books,2003,,,408,Self-Management,motivation,none,Business & Economics,,http://books.google.com/books?id=D4O3AAAAIAAJ&dq=cultural+intelligence+global+leadership&hl=&as_pt=BOOKS&source=gbs_api,"In a global market where international teams, initiatives, and joint ventures are increasingly common, it is extremely important for people to integrate themselves quickly in new cultures. Effective strategies for selecting and training people on global perspectives are critical for managing businesses. Current theories in management and psychology do not provide adequate frameworks to explain the successes or failures of people working and managing in foreign cultures. In this book, the authors",Google Books,2026-08-30
Leading with Cultural Intelligence,David A. Livermore,AMACOM/American Management Association,2010,,,242,Social Awareness,cultural-intelligence,none,Business & Economics,9780814414873,http://books.google.com/books?id=hfozbuSLcNIC&dq=cultural+intelligence+global+leadership&hl=&as_pt=BOOKS&source=gbs_api,What is CQ? And why do leaders need it in our increasingly connected world?,Google Books,2026-08-30
Gestión de conflictos,"Deborah Borisoff, David A. Victor",Ediciones Díaz de Santos,1989,,,258,Uncategorised,,none,Language Arts & Disciplines,9788487189876,http://books.google.com/books?id=Bfd-cUb6d-AC&dq=conflict+resolution+communication&hl=&as_pt=BOOKS&source=gbs_api,,Google Books,2026-08-30
Conflict and Communication,Fred E. Jandt,SAGE Publications,2016,,,273,Relationship Management,conflict-management|relationship,none,Language Arts & Disciplines,9781506308265,http://books.google.com/books?id=0ifYCwAAQBAJ&dq=conflict+resolution+communication&hl=&as_pt=BOOKS&source=gbs_api,"Conflict and Communication introduces students to important theories, key concepts, and essential research in the study of conflict, along with practical skills for managing conflict in their daily lives. Author Fred E. Jandt illustrates how effective communication can be used to manage conflict in relationships and within organizational and group contexts. Along with foundational coverage of conflict styles, mediation, and negotiation skills, the text also features new and emerging models of co",Google Books,2026-08-30
7 Winning Conflict Resolution Techniques,"Gerard Shaw, Tbd",Communication Excellence,2020,,,156,Social Awareness,empathy|compassion|body-language,goleman,Self-Help,9781647800666,http://books.google.com/books?id=kIFqzQEACAAJ&dq=conflict+resolution+communication&hl=&as_pt=BOOKS&source=gbs_api,"Become an Expert of Conflict Resolving Through Verbal and Non-Violent Methods! Have you ever been so angry at someone that you shouted mean things in his/her face just to hurt them? Or has it been done to you? Did you find yourself in a situation where you don't know how to respond to someone shouting at you and throwing false accusations? Did you ever feel bad for days after a certain conflict, worried you've damaged the relationship with that person? If it makes you feel better, we have all we",Google Books,2026-08-30
50 Conflict Resolution Techniques for Effective Communication in 7 Minutes Each,Nietsnie Trebla,Shelf Indulgence,,,,308,Communication,communication|negotiation|assertiveness|listening,none,,,https://play.google.com/store/books/details?id=tHVJEQAAQBAJ&source=gbs_api,"50 Conflict Resolution Techniques for Effective Communication in 7 Minutes Each In a world where misunderstandings can lead to unnecessary conflicts, 50 Conflict Resolution Techniques for Effective Communication in 7 Minutes Each serves as your essential guide to navigating tough conversations with confidence and grace. This practical resource is designed for anyone—whether you're a professional, a parent, a student, or a friend—looking to improve communication skills and enhance relationships. ",Google Books,2026-08-30
Conflict Resolution Communication,Melinda Lincoln,Bloomsbury Publishing PLC,2002,,,156,Social Awareness,diversity,none,Education,9780810842649,http://books.google.com/books?id=84g6V0GXDzcC&dq=conflict+resolution+communication&hl=&as_pt=BOOKS&source=gbs_api,"Violence in schools, random shootings, acts of intimidation, and senseless hate crimes are behaviors with serious and sometimes deadly consequences. By successfully blending the processes of communication and mediation practices, one can productively lessen routine strife and learn new patterns of behavior to solve differences without violence. Conflict Resolution Communication: Patterns Promoting Peaceful Schools provides effective alternatives and successful options to help students, teachers,",Google Books,2026-08-30
"Communication, Conflict, and the Management of Difference","Stephen W. Littlejohn, Kathy Domenici",Waveland Press,2007,,,345,Relationship Management,collaboration|relationship,none,Language Arts & Disciplines,9781478609384,https://play.google.com/store/books/details?id=EfUYAAAAQBAJ&source=gbs_api,"Littlejohn and Domenici invite readers to engage in a thoughtful dialogue about human difference, conflict, and communication. Drawing on numerous examples from their work in mediation, the authors discuss a variety of practical tools, models, and theories to help analyze conflictwhy it occurs and how communication skills help avoid downward spirals into harmful relationships. Communication competence can move discussions away from harmful interactions and empower parties to expand their options",Google Books,2026-08-30
Conflict Resolution,Dana Williams,Gtm Press LLC,2021,,,154,Communication,communication|listening,none,,9781955423120,http://books.google.com/books?id=Vbh8zgEACAAJ&dq=conflict+resolution+communication&hl=&as_pt=BOOKS&source=gbs_api,"Discover Expert Strategies and Conflict Resolution Techniques That Will Show You the Easiest Way To Manage Conflicts Effectively! Did you know that the most common cause of conflicts, wherever and whenever they happen, is because people communicate differently and sometimes they simply don't understand each other? When two people have very different communication styles and are only concerned with their benefits, reaching a resolution can be difficult at best. Still, when you learn to recognize ",Google Books,2026-08-30
The Handbook of Conflict Resolution,"Peter T. Coleman, Morton Deutsch, Eric C. Marcus",John Wiley & Sons,2014,,,1268,Relationship Management,conflict-resolution|trust,none,Business & Economics,9781118526866,http://books.google.com/books?id=bxRkDwAAQBAJ&dq=conflict+resolution+communication&hl=&as_pt=BOOKS&source=gbs_api,"Praise for The Handbook of Conflict Resolution ""This handbook is a classic. It helps connect the research of academia to the practical realities of peacemaking and peacebuilding like no other. It is both comprehensive and deeply informed on topics vital to the field like power, gender, cooperation, emotion, and trust. It now sits prominently on my bookshelf."" —Leymah Gbowee, Nobel Peace Prize Laureate ""The Handbook of Conflict Resolution offers an astonishing array of insightful articles on theo",Google Books,2026-08-30
The Conflict Resolution Training Program,"Prudence B. Kestner, Larry Ray",Jossey-Bass,2002,,,324,Relationship Management,conflict-resolution,none,Business & Economics,,http://books.google.com/books?id=KctXAAAAYAAJ&dq=conflict+resolution+communication&hl=&as_pt=BOOKS&source=gbs_api,"This training package presents proven interactive techniques and specific teaching tools for instituting systems of organizational conflict resolution. The authors introduce a hands-on method of learning and teaching organizational conflict resolution through the use of exercises, quizzes, surveys, games, role plays, and other interactive techniques that can be used by anyone engaged in teaching or practicing conflict resolution. All of these exercises have been developed and applied in the real",Google Books,2026-08-30
Conflict Resolution Playbook,Jeremy Pollack,"Sourcebooks, Inc.",2020,,,137,Relationship Management,conflict-resolution|relationship,none,Self-Help,9781647395636,https://play.google.com/store/books/details?id=bV0XEQAAQBAJ&source=gbs_api,"Practical strategies to manage conflict in both personal and professional relationships Conflict is an unavoidable aspect of human existence, so it's vital to develop communication skills that will help you navigate these challenging moments. With The Conflict Resolution Playbook, you'll discover real-life solutions to everyday problems and develop communication skills that can help you make breakthroughs at work, improve your relationships at home, and lead to significant personal growth. You'l",Google Books,2026-08-30
Couples Communication Workbook,Monica Travis,,2021,,,222,Relationship Management,relationship,none,,9781802741001,http://books.google.com/books?id=7CBszgEACAAJ&dq=conflict+resolution+communication&hl=&as_pt=BOOKS&source=gbs_api,"★ 55% OFF for Bookstores! NOW at $ 36,97 instead of $ 46,97! LAST DAYS! ★ Have You Lost Your Spark? Are You Having Trouble Communicating? Do You Want To Rekindle Your Relationship's Fire? Your Customers Will Never Stop To Use This Amazing Guide! If you are reading this, you have made the first step towards improving your communication in marriage; you have detected a problem. You and your partner have stopped spending quality time together. You talk but you never communicate. Your love life has ",Google Books,2026-08-30
Communication and Conflict Resolution Skills,"Neil H. Katz, John W. Lawyer, Marcia Sweedler",,2021,,,0,Relationship Management,conflict-resolution,none,Business & Economics,9781524925598,http://books.google.com/books?id=9J2UzgEACAAJ&dq=conflict+resolution+communication&hl=&as_pt=BOOKS&source=gbs_api,,Google Books,2026-08-30
Contemporary Trends in Conflict and Communication,"Jessica Katz Jameson, Missy F. Hannah",Walter de Gruyter GmbH & Co KG,2022,,,302,Relationship Management,conflict-management|collaboration,none,Business & Economics,9783110687262,https://play.google.com/store/books/details?id=b0R6EAAAQBAJ&source=gbs_api,"Contemporary Trends in Conflict and Communication: Technology and Social Media examines the myriad ways conflict communication occurs in mediated spaces, whether through social media platforms such as Twitter, Facebook, and Instagram, on private social enterprise spaces, or through formal online dispute resolution (ODR) technologies. We were experiencing the increase of conflict communication in hybrid spaces prior to the COVID-19 pandemic, yet the global lockdown that shifted everyone to remote",Google Books,2026-08-30
Conflict and Communication,Daniel Shapiro,IDEA,2004,,,312,Relationship Management,conflict-management|relationship,none,Education,9780972054195,https://play.google.com/store/books/details?id=6tW9a_NyJhcC&source=gbs_api,"Annotation ""Conflict and Communication offers educators a practical curriculum on conflict management that helps students understand the nature of conflict and learn the skills that will enable them to deal with conflicts in their lives. The book is divided into two parts: Conflict Management and Student Mediation."" ""Conflict Management contains 60 hands-on activities that help students understand how personal values are formed, how misperceptions and misunderstandings arise and affect relations",Google Books,2026-08-30
Managing Interpersonal Conflict,"William A. Donohue, Robert Kolt",SAGE,1992,,,188,Relationship Management,conflict-management|relationship,none,Family & Relationships,9780803933125,http://books.google.com/books?id=qx4s8RbGlocC&dq=conflict+resolution+communication&hl=&as_pt=BOOKS&source=gbs_api,"Managing Interpersonal Conflict helps readers better understand and ultimately manage their routine interpersonal conflicts. Specifically, the book walks readers through the conflict process--from the initial decision of whether or not to confront differences to how to plan the actual confrontation. Donohue deals extensively with the negotiation process and, if negotiation proves unsuccessful, with third-party dispute resolution. The book emphasizes keeping conflicts under control and keeping fo",Google Books,2026-08-30
Collaborative Approaches to Resolving Conflict,"Myra Warren Isenhart, Michael L. Spangle",SAGE Publications,2000,,,257,Relationship Management,conflict-resolution,none,Language Arts & Disciplines,9781452263533,https://play.google.com/store/books/details?id=YB1zAwAAQBAJ&source=gbs_api,"""It provides a very good overview of the field of conflict resolution, an overview that is not to be found in any other existing volume. I very much like the breadth of coverage, as well as the use of the profiles of conflict resolution professionals. The authors write very well, and the book will be accessible to a wide audience."" ̄Eban Weitzman, Ph.D., Graduate Programs in Dispute Resolution, University of Massachusetts, Boston ""I liked this book quite a lot. Its combination of theory, practic",Google Books,2026-08-30
A Guide to Effective Communication for Conflict Resolution,Alan Sharland,Independently Published,2018,,,170,Relationship Management,conflict-resolution,none,,9781790335220,http://books.google.com/books?id=_6YdvwEACAAJ&dq=conflict+resolution+communication&hl=&as_pt=BOOKS&source=gbs_api,"A Guide to Effective Communication for Conflict Resolution enables the reader, first of all, to just notice their present approach to communication. It introduces 9 Principles of Effective Communication, explains them through examples and then encourages the reader to practise the Principles in their own communication. In essence the Principles are simple, but they are personally challenging because they cause us to reassess what may be common practices in our everyday communication. It is impor",Google Books,2026-08-30
Chinese Conflict Management and Resolution,"Guo-Ming Chen, Ringo Ma",Praeger,2002,,,366,Relationship Management,conflict-management,none,Business & Economics,,http://books.google.com/books?id=NHW4AAAAIAAJ&dq=conflict+resolution+communication&hl=&as_pt=BOOKS&source=gbs_api,This collection of essays takes critical steps toward understanding the way the Chinese manage and resolve conflict. Twenty chapters form this comprehensive text that explores both its theoretical and practical aspects.,Google Books,2026-08-30
How to Manage Conflicts,Caden Burke,Leadership Skills,2023,,,0,Relationship Management,conflict-management,none,Business & Economics,9781088246757,http://books.google.com/books?id=zFe30AEACAAJ&dq=conflict+resolution+communication&hl=&as_pt=BOOKS&source=gbs_api,"Are you struggling to get those involved in conflicts to sit down and listen? Do you feel like every time you try to resolve a conflict; it just makes it worse? ""How to Manage Conflicts"" is a great guide to help you make a move from putting band-aids on problems to finding real resolutions. Resolving conflicts can be challenging. However, you can arm yourself with these 7 easy steps that will help you craft communication skills and learn the process to do more than just manage conflicts, but als",Google Books,2026-08-30
Coaching Leadership Families,Dsl Ulf Spears,Xlibris Corporation,2012,,,117,Relationship Management,coaching|mentoring|leadership,none,Business & Economics,9781479739301,http://books.google.com/books?id=uTJjoPpfG-wC&dq=coaching+mentoring+leadership&hl=&as_pt=BOOKS&source=gbs_api,"This book examines the leadership family model as a key coaching and mentoring tool for the multiplication of healthy, strong families in the twenty-first century. This book introduces the leadership family model as a four-step process: individual male and female leadership, leadership couples, leadership families, mentor-coach other leadership families. In addition, this book highlights the third and fourth steps of the leadership family model leadership families, mentoring-coaching leadership ",Google Books,2026-08-30
"Leadership Coaching, Mentoring, Counselling or Supervision? One Way Is Not Enough","Eileen Piggot-Irvine, Karene Biggs",Cambridge Scholars Publishing,2020,,,144,Relationship Management,coaching|mentoring|collaboration|leadership,none,Business & Economics,9781527555570,https://play.google.com/store/books/details?id=giTvDwAAQBAJ&source=gbs_api,"This book outlines a highly practical integrated approach to leader support which has been widely utilised across multiple sectors. In addition to outlining the varied modalities of one-to-one support (counselling, supervision, coaching and mentoring), it challenges the notion that such approaches alone can provide the individual with the confidential support which leaders need. Instead, the book offers an action research based ‘Leadership Inquiry Support’ (LIS) model which holistically integrat",Google Books,2026-08-30
"Coaching, Mentorship and Leadership in Medicine: Empowering the Development of Patient-Centered Care, An Issue of Clinics in Sports Medicine, E-Book","Dean C. Taylor, Jonathan F. Dickens, Joe Doty, Carolyn M. Hettrich",Elsevier Health Sciences,2023,,,177,Relationship Management,coaching|leadership,none,Medical,9780323938549,https://play.google.com/store/books/details?id=X320EAAAQBAJ&source=gbs_api,"In this issue, guest editors bring their considerable expertise to this important topic.Provides in-depth reviews on the latest updates in the field, providing actionable insights for clinical practice. Presents the latest information on this timely, focused topic under the leadership of experienced editors in the field. Authors synthesize and distill the latest research and practice guidelines to create these timely topic-based reviews.",Google Books,2026-08-30
"A Practical Guide to Mentoring, Coaching and Peer-networking","Geoff Hampton, Christopher Rhodes, Michael Stokes",Routledge,2004,,,221,Relationship Management,coaching|mentoring|leadership,none,Education,9781134369560,https://play.google.com/store/books/details?id=wk9-AgAAQBAJ&source=gbs_api,"Written for staff in schools and colleges, this book offers the challenge and support necessary to understand, analyze and adopt coaching, mentoring and peer-networking mechanisms as an essential part of the development of professional learning within an organisation. Drawing on the new national strategy for professional development, it emphasises the importance of learning with and from other colleagues, helping your organisation to become a professional learning community and supporting the dr",Google Books,2026-08-30
Coaching and Mentoring,Simon Western,SAGE Publications,2012,,,345,Relationship Management,influence|coaching|mentoring,none,Business & Economics,9781848601642,http://books.google.com/books?id=fe6BMhyKlqEC&dq=coaching+mentoring+leadership&hl=&as_pt=BOOKS&source=gbs_api,"Electronic Inspection Copy available for instructors here Coaching and Mentoring: A Critical Text is a unique contribution to the field. It traces coaching influences back to pre-modern times showing connections with 'soul healers' of the past, taking a journey through modernity to post-modernity making links that helps us better understand coaching today. Positioning coaching as working between the 'wounded-self' (of therapeutic culture) and 'celebrated-self' (of the human potential movement), ",Google Books,2026-08-30
Becoming an Effective Mentoring Leader: Proven Strategies for Building Excellence in Your Organization,"William J. Rothwell, Peter Chee",McGraw Hill Professional,2013,,,225,Relationship Management,coaching|mentoring|leadership,none,Business & Economics,9780071805711,https://play.google.com/store/books/details?id=Zpd4aLU5lpkC&source=gbs_api,"Turn mentoring into PROFITS There’s no doubt that the concept of workplace mentoring is a hot-button issue facing management today. With managers under extraordinary pressure to cut costs, streamline operations, and increase productivity, the role of mentors has become more critical than ever—particularly since studies show leaders who mentor get promoted faster and earn significantly more than those who don’t. But as with any growing workplace trend, questions remain about how to utilize mentor",Google Books,2026-08-30
The Mentor Leader,"Tony Dungy, Nathan Whitaker",Tyndale Momentum,2010,,,248,Relationship Management,mentoring|leadership,none,Business & Economics,9781414338040,http://books.google.com/books?id=-OqoDwAAQBAJ&dq=coaching+mentoring+leadership&hl=&as_pt=BOOKS&source=gbs_api,"In ""The Mentor Leader,"" Dungy reveals what propelled him to the top of his profession and shows how to apply the same approach to virtually any area of one's life. He explains seven keys of mentoring leadership, why they're so effective, and the secret to getting people to follow and do their best.",Google Books,2026-08-30
Leader Mentoring,Michael Shenkman,Red Wheel/Weiser,2008,,,200,Relationship Management,mentoring,none,Business & Economics,9781601638274,https://play.google.com/store/books/details?id=By1xDwAAQBAJ&source=gbs_api,A compilation of moving stories and helpful guidance discusses how to become a successful mentor and leader while looking at the benefits mentoring has to all parties involved.,Google Books,2026-08-30
"A Practical Guide to Mentoring, Coaching and Peer-Networking","Christopher P. Rhodes, Geoff Hampton, Michael Stokes",Routledge,2004,,,0,Relationship Management,coaching|mentoring,none,Education,9781134369522,http://books.google.com/books?id=OHe6zwEACAAJ&dq=coaching+mentoring+leadership&hl=&as_pt=BOOKS&source=gbs_api,"""This book is for anyone with a responsibility for the mentoring of student teachers, the induction of new teachers and the professional development of experienced staff. It will also be useful for LEA and CPD advisers, as well as training providers.""--Jacket.",Google Books,2026-08-30
Coaching and Mentoring for Work-Life Balance,"Julie Haddock-Millar, Eliot Tom",Routledge,2019,,,171,Relationship Management,coaching|mentoring|leadership,none,Business & Economics,9781000145045,https://play.google.com/store/books/details?id=IWGlDwAAQBAJ&source=gbs_api,"The coaching and mentoring profession is facing a major challenge – helping clients cope effectively with life’s complexities and conflicting demands in a rapidly changing environment. Conversations around work-life balance need to address not only the interconnectedness of work, leisure, home, and social life but also the fact that these elements are in flux and require continuous rebalancing. This book is a practical and evidence-based resource to help coaches and mentors in supporting clients",Google Books,2026-08-30
Business Coaching & Mentoring For Dummies,"Marie Taylor, Steve Crabb",John Wiley & Sons,2017,,,420,Relationship Management,coaching|mentoring|leadership|relationship,none,Business & Economics,9781119363958,https://play.google.com/store/books/details?id=8ksrDwAAQBAJ&source=gbs_api,"Shape the leadership of tomorrow Business Coaching & Mentoring For Dummies provides business owners and managers with the insight they need to successfully develop the next generation of leaders. Packed with business-led strategies, key concepts, and effective techniques, this book equips you with the skills to transform both yourself and your team. Whether you're coaching colleagues, employees, or offering your skills as a service, these techniques will help you build a productive relationship ",Google Books,2026-08-30
Advanced Practice Nursing Leadership: A Global Perspective,"Susan B. Hassmiller, Joyce Pulcini",Springer Nature,2020,,,337,Relationship Management,coaching|mentoring|collaboration|leadership,none,Medical,9783030205508,https://play.google.com/store/books/details?id=CYPZDwAAQBAJ&source=gbs_api,"This book is distinctive in its focus on Advanced Practice Nursing leadership globally. It has a unique structure, first highlighting global APN leadership and then including case studies on leadership from various regions around the world. This beneficial and practical book has a specific emphasis on academic, clinical and policy leadership and is relevant for all readers. Finally, a section on leadership development focuses on coaching and mentoring, business acumen, collaboration and patient ",Google Books,2026-08-30
"Leadership for Health Professionals: Theory, Skills, and Applications","() (Jerry) R. R. R. Ledlow, Michele Bosworth, Thomas Maryon",Jones & Bartlett Learning,2023,,,590,Relationship Management,leadership,none,Medical,9781284279641,https://play.google.com/store/books/details?id=SI6kEAAAQBAJ&source=gbs_api,"Leadership for Health Professionals: Theory, Skills, and Applications, Fourth Edition is the first textbook of its kind to apply classical knowledge of leadership theory and time-honored best practices of industry leaders to a health organization context. This comprehensive and well-organized text is grounded in real-world applications of theoretical concepts, and focuses on practical examples of leadership in actual healthcare scenarios. Themes such as organizational culture, cultural competenc",Google Books,2026-08-30
"Becoming an Effective Leader, Coach and Mentor EBOOK BUNDLE","Brian Tracy, Jack Canfield, William J. Rothwell, Peter Chee",McGraw Hill Professional,2013,,,759,Relationship Management,coaching|mentoring|leadership|trust,none,Business & Economics,9780071808927,https://play.google.com/store/books/details?id=wXD1AQAAQBAJ&source=gbs_api,"3 E-Books in One 12 Disciplines of Leadership Excellence Master the 12 disciplines of powerful leadership and lead your organization to greatness Leadership experts Brian Tracy and Dr. Peter Chee assert that great leaders are made, not born. Everyone has the ability to shape himself or herself into the kind of person who enables and uplifts others to reach their highest potential--and in 12 Disciplines of Leadership Excellence, they reveal exactly how to achieve it. It all starts with discipline",Google Books,2026-08-30
Power Up!,Gene Knott,iUniverse,2011,,,287,Relationship Management,coaching|leadership,none,Business & Economics,9781462041558,https://play.google.com/store/books/details?id=VQC0w4UO_vkC&source=gbs_api,"If you supervise or mentor anyone in your work life, these pages will expose you to the mother lode for helping others grow, succeed, and excel. POWER UP!THE GUIDE TO LEADERSHIP COACHING WITH STRENGTHS gives those who coach others the reasons, formats, skills and tools to thrive in that practice. Strengths coaching accesses that sweet spot between having a personal counselor and a wise consultant to provide optimal assistance. With a clear outline of the chief skills, tools, and critical mindset",Google Books,2026-08-30
"Leading and Managing in Contemporary Health and Social Care,E-Book","Elizabeth Anne Rosser, Cate Wood",Elsevier Health Sciences,2022,,,208,Professional Effectiveness,focus|success,none,Medical,9780702083129,https://play.google.com/store/books/details?id=nbxZEAAAQBAJ&source=gbs_api,"An understanding of leadership and management theory and practice is integral to the success of a new generation of health and social care professionals, and managers of services. It is equally important for educators in the field. Leading and Managing in Contemporary Health and Social Care by Elizabeth Rosser and Cate Wood supports the development of all health and social care professionals as managers and leaders in today's rapidly evolving environment. This new title addresses pertinent topic",Google Books,2026-08-30
Mentoring: Getting it Right in a Week,Jonathan Gravells,Taylor & Francis,2025,,,98,Relationship Management,mentoring,none,Education,9781040375242,https://play.google.com/store/books/details?id=NkRLEQAAQBAJ&source=gbs_api,"Are you an effective mentor to your colleagues? Is mentoring in your school or college implemented, evaluated and embedded in a professional and sustainable way? Are you maximising the many benefits of good mentoring? This book is for you if you are a busy classroom teacher or school leader. It provides practical advice and helpful strategies in accessible bite-sized chunks that are brief and to the point. The ideas are illustrated with clear examples, showing how you can put your new-found skil",Google Books,2026-08-30
"Workforce Coaching, Mentoring, and Counseling: Emerging Research and Opportunities","Sutha, Jayaranjani",IGI Global,2019,,,237,Relationship Management,coaching|mentoring,none,Business & Economics,9781522592365,https://play.google.com/store/books/details?id=XJGbDwAAQBAJ&source=gbs_api,"In the highly competitive business environment of today, organizations are continually making attempts to stay one step ahead of their competitors by implementing various stratagems to improve their employees’ competencies and capabilities, as human resources are one of their most important assets. By investing in employees’ career development through training, coaching, mentoring, and counseling, the employee will undoubtedly become much more effective. Workforce Coaching, Mentoring, and Counse",Google Books,2026-08-30
Opening Doors to Teamwork & Collaboration,"Judith H. Katz, Frederick A. Miller",Berrett-Koehler Publishers,2013,,,103,Relationship Management,teamwork|collaboration|trust|relationship,none,Business & Economics,9781609948030,https://play.google.com/store/books/details?id=D3co9t-3Q5YC&source=gbs_api,"""Four simple but powerful keys that will help you and your colleagues knock down barriers and create a winning team."" —Ken Blanchard, coauthor of The One Minute Manager® Your people might be your organization's greatest assets, but it's their interactions with one another that determine the quality and the quantity of their contributions—and few organizations know how to generate the sense of excitement, energy, and shared mission that occurs when people truly join together. This book shows how,",Google Books,2026-08-30
Quality Work Environments for Nurse and Patient Safety,Linda McGillis Hall,Jones & Bartlett Learning,2005,,,290,Relationship Management,leadership,none,Business & Economics,9780763728809,http://books.google.com/books?id=nJu2fNDgFhYC&dq=teamwork+collaboration&hl=&as_pt=BOOKS&source=gbs_api,"Key areas of concern in nursing work environment, are covered extensively, such as leadership, workload and productivity, all of which are front-page issues in practice, systems, and policy levels.",Google Books,2026-08-30
Interprofessional Education,"Pat Bluteau, Ann Jackson",Bloomsbury Publishing,2009,,,242,Professional Effectiveness,success,none,Medical,9781350311022,https://play.google.com/store/books/details?id=o_pGEAAAQBAJ&source=gbs_api,"This text will demystify interprofessional education, showing readers how theory can be turned into practice. Aimed at those interested in establishing or developing IPE strategies within education and practice settings, it outlines tried and tested approaches, giving a true insight into the successes and outcomes when IPE is implemented.",Google Books,2026-08-30
Opening Doors to Teamwork and Collaboration,"Judith H. Katz, Frederick A. Miller",,2015,,,250,Relationship Management,teamwork|collaboration|trust|relationship,none,,9781458767882,http://books.google.com/books?id=jYIjjwEACAAJ&dq=teamwork+collaboration&hl=&as_pt=BOOKS&source=gbs_api,"Your people might be your organization's greatest assets, but their interactions with one another are what determine the quality and the quantity of their contributions. Few organizations know how to generate the sense of excitement, energy, and shared mission that occurs when people truly join together. This book shows how, describing four simple behavioral keys that fundamentally change how people work together - building greater trust, understanding and collaboration. ''This book is filled wi",Google Books,2026-08-30
Team Players and Teamwork,Glenn M. Parker,John Wiley & Sons,2011,,,256,Relationship Management,teamwork|leadership,none,Business & Economics,9781118041178,https://play.google.com/store/books/details?id=eenyo0-gjIsC&source=gbs_api,"Praise for Team Players and Teamwork ""In the new edition of Team Players and Teamwork Glenn Parker updates his landmark compendium on the essential effect of cross-functional teamwork to encompass the added complexities of globalization facing team leaders and team members in the twenty-first century. Anyone participating on or managing members of a cross-functional team will benefit from reading this essential guide to successful teamwork."" -Jeffrey W. Warmke, vice president, global project man",Google Books,2026-08-30
Be Your Best Self: How Personal Effectiveness Can Change Your Life,Shu Chen Hou,KOKOSHUNGSAN®,,,,46,Self-Management,resilience|stress-management|growth-mindset|habits,none,"Body, Mind & Spirit",,https://play.google.com/store/books/details?id=Z3K7EAAAQBAJ&source=gbs_api,"Are you ready to take control of your life and become your best self? If so, then ""Be Your Best Self: How Personal Effectiveness Can Change Your Life"" is the book for you! This book offers practical tips and tools for achieving personal effectiveness in all areas of life, including proactivity, goal-setting, time management, communication and collaboration, stress management, resilience, growth mindset, and continuous learning. By cultivating these traits and qualities, you can improve your rela",Google Books,2026-08-30
Digital Skill Development for Industry 4.0,"P Kaliraj, G Singaravelu, T. Devi",CRC Press,2024,,,267,Thinking & Deciding,critical-thinking|cognitive,none,Education,9781040124833,https://play.google.com/store/books/details?id=MxKNEQAAQBAJ&source=gbs_api,"The Fourth Industrial Revolution, Industry 4.0, is changing the world, and digital transformation technology tools have impacted every walk of life. The nature of work and careers is changing fast – and in the future, the right skills will be prized over academic qualifications. Students must develop various skills, especially technology skills, to become the workforce of the future; the onus of developing these skills falls on educational institutions. The development of innovation and ideation",Google Books,2026-08-30
Team Collaboration,John Pierce,,2012,,,304,Relationship Management,collaboration,none,Microsoft Office,9780735669611,http://books.google.com/books?id=w2ydswEACAAJ&dq=teamwork+collaboration&hl=&as_pt=BOOKS&source=gbs_api,,Google Books,2026-08-30
Making Teamwork Meaningful,"William M. Ferriter, Parry Graham",Solution Tree Press,2012,,,213,Professional Effectiveness,focus|professional-development,none,Education,9781936765317,https://play.google.com/store/books/details?id=DXkXBwAAQBAJ&source=gbs_api,"Focus on developing people—not just improving test scores. The authors examine how staffing decisions can strengthen professional learning communities and explore actions that can help school leaders safeguard their schools against complacency. Collect tips and strategies that every teacher can adopt, and apply the professional development techniques that prove most useful.",Google Books,2026-08-30
Transforming Education,"Miranda Jefferson, Michael Anderson",Bloomsbury Publishing,2021,,,289,Relationship Management,collaboration|leadership,none,Education,9781350130098,https://play.google.com/store/books/details?id=_IEmEAAAQBAJ&source=gbs_api,"Working away from trends in government policy, this book takes a future-oriented re-imagining of schools with a focus on four innate human capacities: collaboration, critical reflection, communication and creativity. Miranda Jefferson and Michael Anderson draw together examples of practice from around the world to provide a reimagining of education. They show how our schools can be sustainably transformed to be places of support, challenge and joy in learning, responsive to students' needs and t",Google Books,2026-08-30
Effective Teamwork,Michael D. Maginn,,1997,,,100,Professional Effectiveness,success|effectiveness,none,Business & Economics,,http://books.google.com/books?id=egJZAAAAYAAJ&dq=teamwork+collaboration&hl=&as_pt=BOOKS&source=gbs_api,"This team tactics guide outlines effective and essential skills that demonstrate how employees can directly contribute to overall team success, as well as showing how to identify early warning signs of barriers to team effectiveness",Google Books,2026-08-30
Understanding Teamwork in Health Care,"Gordon Mosser, James W. Begun",McGraw Hill Professional,2014,,,303,Social Awareness,diversity,none,Medical,9780071791953,http://books.google.com/books?id=ecI4AAAAQBAJ&dq=teamwork+collaboration&hl=&as_pt=BOOKS&source=gbs_api,"Publisher's Note: Products purchased from Third Party sellers are not guaranteed by the publisher for quality, authenticity, or access to any online entitlements included with the product. The experts agree: Understanding Teamwork in Health Care is a true must-read A Doody's Core Title for 2017! ""This is a much-needed addition to the training curriculum of anyone involved in the healthcare industry."" -- James Townsend, DHSc., MBA, MIS (A. T. Still University) and Doody's Review Service ""Our heal",Google Books,2026-08-30
The moderating role of transformational leadership on team effectiveness in a virtual context,,GRIN Verlag,2022,,,44,Relationship Management,influence|collaboration|leadership|relationship,none,Business & Economics,9783346741226,https://play.google.com/store/books/details?id=R82UEAAAQBAJ&source=gbs_api,"Research Paper (postgraduate) from the year 2021 in the subject Business economics - Business Management, Corporate Governance, grade: 1,7, Johannes Gutenberg University Mainz, language: English, abstract: Globalization, the resulting environmental changes, and the ongoing decentralization of the work process, as well as constantly evolving technologies and the current global pandemic, have significantly driven the formation of virtual teams (VT). Members of VT are geographically separated from ",Google Books,2026-08-30
The potential benefits and difficulties associated with interprofessional collaborative working,Timothy John Whittard,GRIN Verlag,2019,,,18,Relationship Management,collaboration,none,Health & Fitness,9783668936997,https://play.google.com/store/books/details?id=OLaXDwAAQBAJ&source=gbs_api,"Essay from the year 2005 in the subject Health - Miscellaneous, grade: Pass, University of the West of England, Bristol, language: English, abstract: This essay aims to explore different aspects of interprofessional collaboration across healthcare professions, and highlights the benefits and potential difficulties associated with interprofessional working. These topics were discussed extensively within my interprofessional group, and were investigated through enquiry-based learning.",Google Books,2026-08-30
Team Players and Teamwork,Glen M. Parker,,2008,,,0,Relationship Management,teamwork,none,,,http://books.google.com/books?id=6GeD0AEACAAJ&dq=teamwork+collaboration&hl=&as_pt=BOOKS&source=gbs_api,,Google Books,2026-08-30
Learning Communication & Teamwork: Collaboration - Project-Based Learning Gr. 3-8+,"R Gambhir, S Joubert, P Laporte, A McFarland, M Oosten, H Vrooman",Classroom Complete Press,2017,,,21,Relationship Management,teamwork|collaboration,none,Education,9781773444277,https://play.google.com/store/books/details?id=2LgxEAAAQBAJ&source=gbs_api,"**This is the chapter slice ""Collaboration - Project-Based Learning Gr. 3-8+"" from the full lesson plan ""Learning Communication & Teamwork""** Teamwork & effective communication are the essential skills required to find and keep the right jobs. We include practical real-life activities, role-playing scenarios and open-ended strategies to help the next generation become successful leaders and communicators. Learn essential skills on how to communicate with your peers and supervisors. Work together",Google Books,2026-08-30
Collaboration,Toni J. Sullivan,McGraw Hill Professional,1998,,,678,Relationship Management,collaboration,none,Medical,9780070633506,http://books.google.com/books?id=u3_PBgHCX18C&dq=teamwork+collaboration&hl=&as_pt=BOOKS&source=gbs_api,"This book provides a blueprint for effective collaboration and offers a comprehensive, research-based review of the extensive work reported to date in this area. Highlights include theories of collaboration and coalition, guidelines for developing international collaboration, coverage of consumer views, insights into the impact of managed care on the collaboration dynamic, and much more.",Google Books,2026-08-30
Team Consultancy Report. Business Teamwork and Collaboration,,GRIN Verlag,2021,,,16,Relationship Management,teamwork|collaboration,none,Business & Economics,9783346551146,https://play.google.com/store/books/details?id=EBRTEAAAQBAJ&source=gbs_api,"Seminar paper from the year 2021 in the subject Business economics - Miscellaneous, grade: 2,0, Hult International Business School, language: English, abstract: The report research, how global teams can mitigate the challenges and risk that can present itself by operating globally. By developing a framework that highlight some challenges global teams face, it provides solution on how global companies such as Mexta can resolve these issues and be successful. Intercultural differences should not b",Google Books,2026-08-30
Collaborative Convergence and Virtual Teamwork for Organizational Transformation,"Zhao, Jingyuan",IGI Global,2020,,,331,Relationship Management,teamwork|collaboration,none,Business & Economics,9781799848929,https://play.google.com/store/books/details?id=brkIEAAAQBAJ&source=gbs_api,"Virtual teams are work arrangements where team members are geographically dispersed and work interdependently using electronic communication media to accomplish one or more organizational tasks. Over the past several decades, there has been an explosive growth in organizational use of virtual teams to organize work. In the competitive market, virtual teams represent a growing response to the need for faster time to market, low cost, and rapid solutions to complex organizational problems. Organiz",Google Books,2026-08-30
Creating Authentic Relationships with Parents of Young Children,"Carla Solvason, Johanna Cliffe",Taylor & Francis,2022,,,91,Relationship Management,relationship,none,Education,9781000649086,https://play.google.com/store/books/details?id=bXB_EAAAQBAJ&source=gbs_api,"Dealing with parents can be scary and intimidating, especially when you are relatively new to your role, but it can also be hugely rewarding. What do you need to know? Which barriers are you likely to face? Most importantly, how can you nurture a positive and authentic relationship with parents and carers where you genuinely work together for the best interests of the child? Written by authors who have experienced being on both sides of the fence, as educators and as parents, this practical book",Google Books,2026-08-30
The Passion Test,"Janet Bray Attwood, Chris Attwood",Simon and Schuster,2011,,,268,Communication,storytelling,none,Self-Help,9781849838672,http://books.google.com/books?id=wsa1AwAAQBAJ&dq=trust+building+relationships+work&hl=&as_pt=BOOKS&source=gbs_api,"Accessible to anyone of any faith or background, The Passion Test takes readers on a journey to experience the transformation that occurs when they determine what really matters most to them. Through interactive sections, the book helps the reader to identify their top 5 passions, and provides guidance on how to align their life with those passions. Combining powerful storytelling and profound wisdom from the world's leading experts in self-development, The Passion Testshows practical ways how t",Google Books,2026-08-30
The Relationship-Driven Leader,Karen Bridbord,Agate Publishing,2025,,,167,Professional Effectiveness,productivity|career|performance|focus,none,Business & Economics,9781572848955,https://play.google.com/store/books/details?id=3NIrEQAAQBAJ&source=gbs_api,"Discover the power of relationship-building to enhance your leadership, boost your team’s well-being, and drive organizational success. In today’s dynamic business environment, the success of any organization is deeply rooted in the quality of its internal relationships. In The Relationship-Driven Leader, psychologist and organizational behavior expert Dr. Karen Bridbord offers a revolutionary guide to career success and advancement, regardless of your industry, your company’s size, or your role",Google Books,2026-08-30
Trustbuilding,Rob Corcoran,University of Virginia Press,2010,,,312,Relationship Management,trust,none,Social Science,9780813928814,https://play.google.com/store/books/details?id=hyXgPjYg1ZwC&source=gbs_api,"""Trustbuilding, using personal narrative and exhaustive reporting by Rob Corcoran, chronicles how Hope in the Cities has moved what looked like an immoveable barricade. The job is not done, but Hope in the Cities has provided a map for the future.""—from the foreword by Governor Tim Kaine The national director of Initiatives of Change and founder of Hope in the Cities, Rob Corcoran has been involved in promoting dialogue and conflict reconciliation among diverse and polarized racial, ethnic, and ",Google Books,2026-08-30
Organizational Behavior,"Mary Uhl-Bien, Ronald F. Piccolo, John R. Schermerhorn, Jr.",John Wiley & Sons,2020,,,386,Relationship Management,influence,none,Business & Economics,9781119503774,http://books.google.com/books?id=jXTNDwAAQBAJ&dq=trust+building+relationships+work&hl=&as_pt=BOOKS&source=gbs_api,"Organizational Behavior is a multidimensional product to allow for student development in knowledge, analysis, synthesis and personal development with pedagogical features designed to bring Organizational Behavior to life. This product reframes the content of organizational behavior to reflect the inherent interdependence of factors that explain human behavior. Traditional OB topics are introduced as part of an integrated framework for answering practically-relevant questions about why people be",Google Books,2026-08-30
"A Life on Fire: Living Your Life with Passion, Balance and Abundance",,"Enlightened Alliances, LLC",,,,116,Uncategorised,,none,,9780977075300,http://books.google.com/books?id=TgDvI6TkmdIC&dq=trust+building+relationships+work&hl=&as_pt=BOOKS&source=gbs_api,,Google Books,2026-08-30
Deliberate and Courageous Principal,Rhonda J. Roos,Solution Tree Press,2021,,,244,Relationship Management,leadership|relationship,none,Education,9781952812361,https://play.google.com/store/books/details?id=BQJHEAAAQBAJ&source=gbs_api,"Fully step into your power as a school principal. By delving deep into five essential leadership actions and five essential leadership skills, you will learn how to grow in your role and accomplish incredible outcomes for your students and staff. Author Rhonda J. Roos provides clear direction for establishing a vision, reframing conflict, leaning into the positive, and much more. Study the five essential actions and five essential skills all leaders must adopt to develop successful, high-achievi",Google Books,2026-08-30
Developing Good Working Relationships Between Vice Chancellors and Academic Deans,Christine Sotirin Bakkum,,1999,,,236,Relationship Management,relationship,none,,,http://books.google.com/books?id=gcFnAAAAMAAJ&dq=trust+building+relationships+work&hl=&as_pt=BOOKS&source=gbs_api,,Google Books,2026-08-30
Leading Change While Loving People,Yulee Lee,Taylor & Francis,2022,,,125,Relationship Management,leadership|relationship,none,Business & Economics,9781000809862,https://play.google.com/store/books/details?id=NZeSEAAAQBAJ&source=gbs_api,"Filled with stories of successful social change leadership in diverse contexts, this book demonstrates that the best change agents love the people involved most of all. Many people have experienced change trauma under leaders whose agenda was more important than anything—or anyone—else, so it is no wonder that change failure rates are often reported as 40% to 70%. There is another way: change leaders who work to solve some of the world’s toughest problems realize that working with others is nece",Google Books,2026-08-30
"The Big Book of Team Building Games: Trust-Building Activities, Team Spirit Exercises, and Other Fun Things to Do","Edward E. Scannell, John W. Newstrom",McGraw-Hill Education,1997,,,274,Relationship Management,trust,none,Business & Economics,9780070465138,http://books.google.com/books?id=t3n56mQvXFAC&dq=trust+building+relationships+work&hl=&as_pt=BOOKS&source=gbs_api,"Did you know that games can be a terrifically effective way to build team spirit, communication, and trust among people who work together day in and day out? Now you can spark morale in any work group by choosing from 70 stimulating games and activities specifically designed for the manager who's looking to raise sagging morale in a department, liven up boring staff meetings, enable team members to collaborate smoothly and effectively, and much more!",Google Books,2026-08-30
Building Trust for Better Schools,Julie Reed Kochanek,Corwin,2005,,,150,Relationship Management,leadership|trust-building|trust|relationship,none,Education,,http://books.google.com/books?id=sMYlAQAAIAAJ&dq=trust+building+relationships+work&hl=&as_pt=BOOKS&source=gbs_api,"""While trust has been shown as a key mechanism for facilitating school improvement, how that can be accomplished is not altogether clear. In this excellent book, Kochanek, through in-depth case studies and sophisticated quantitative analyses of data from a large urban school system, convincingly demonstrates how principal leadership can promote and sustain trust among administrators, teachers, and parents.""-Barbara Schneider, Professor of Sociology University of Chicago ""Kochanek′s book not only",Google Books,2026-08-30
The Architect's Handbook of Professional Practice,David S. Haviland,,1994,,,938,Uncategorised,,none,Architectural practice,,http://books.google.com/books?id=z-9QAAAAYAAJ&dq=trust+building+relationships+work&hl=&as_pt=BOOKS&source=gbs_api,,Google Books,2026-08-30
The Architect's Handbook of Professional Practice,American Institute of Architects,Wiley,2008,,,1048,Professional Effectiveness,success,none,Architecture,9780470009574,http://books.google.com/books?id=Mr0zAQAAIAAJ&dq=trust+building+relationships+work&hl=&as_pt=BOOKS&source=gbs_api,"Architects must be proficient in a variety of business practices to contribute to, manage, or launch a successful firm. They are responsible for the same kind of legal, financial, marketing, management, and administrative activities as any other professional. Within these broad categories, however, there are many details, including professional standards and documents, that are unique to the profession of architecture.",Google Books,2026-08-30
Trust and Betrayal in the Workplace,"Dennis S. Reina, Michelle L. Reina",,2006,,,247,Relationship Management,trust,none,Interpersonal relations,,http://books.google.com/books?id=Y3W6AQAACAAJ&dq=trust+building+relationships+work&hl=&as_pt=BOOKS&source=gbs_api,,Google Books,2026-08-30
Trust Works!,"Ken Blanchard, Cynthia Olmstead, Martha Lawrence",Harper Collins,2013,,,93,Relationship Management,leadership|trust|relationship,none,Business & Economics,9780062205995,https://play.google.com/store/books/details?id=0twgG2uJDmsC&source=gbs_api,"New York Times bestselling author and leadership expert Ken Blanchard’s popular TrustWorks! training program is now available in book form! Trust Works!: Four Keys to Building Lasting Relationships is an insightful guide designed to help people navigate one of the most complex issues that affects all areas of our lives: trust. In Trust Works!, Ken Blanchard, Cynthia Olmstead, and Martha Lawrence demonstrate how to get along better with those around us. In today’s polarized society, building trus",Google Books,2026-08-30
The Modern Office Building,Barr Ferree,,1896,,,84,Uncategorised,,none,Office buildings,,https://play.google.com/store/books/details?id=X25BAAAAYAAJ&source=gbs_api,,Google Books,2026-08-30
Indiana Construction Recorder,,,1920,,,1206,Uncategorised,,none,Architectural firms,,https://play.google.com/store/books/details?id=bKE1AQAAMAAJ&source=gbs_api,,Google Books,2026-08-30
Choose Trust,"Stuart Maister, Kevin Vaughan-Smith",Simon and Schuster,2025,,,163,Relationship Management,trust|relationship,none,Business & Economics,9781639368181,https://play.google.com/store/books/details?id=4DsMEQAAQBAJ&source=gbs_api,"A compelling, highly readable guide that reveals how and why building trusting relationships at work offers a competitive edge. Trust is the basis of all relationships—at work and beyond. We naturally want to bond with others with whom we can relate and on whom we can rely—and vice versa. That's why creating meaningful working relationships by trusting and being trustworthy adds value. Whether you're leading a team, building partnerships, selling, or collaborating, it's trust that makes the diff",Google Books,2026-08-30
Galt V. Libbey-Owens-Ford Glass Company,,,1968,,,106,Uncategorised,,none,,,https://play.google.com/store/books/details?id=glbmkoK17v8C&source=gbs_api,,Google Books,2026-08-30
Trust Companies,,,1930,,,908,Relationship Management,trust,none,Trust companies,,https://play.google.com/store/books/details?id=VtyhDQZOtzsC&source=gbs_api,,Google Books,2026-08-30
Transformational Leadership: Igniting Exceptional Performance With Inspiring Service,Wilbur Banks,David Chapple,,,,171,Relationship Management,collaboration|leadership|feedback|trust,none,Business & Economics,,https://play.google.com/store/books/details?id=exRHEQAAQBAJ&source=gbs_api,"Drawing upon the transformative leadership approach, this book unveils methods that inspire and motivate people to achieve exceptional results. By emphasizing the importance of service in leadership, the author showcases how leaders can foster a supportive environment that encourages growth, empowerment, and collaboration. Through real-life examples and compelling stories, the book demonstrates how the application of transformational leadership principles can ignite passion and dedication while ",Google Books,2026-08-30
Sales Mastery: Igniting Your Team's Success through Inspiring Leadership,Columbus Thornton,Mohamed-Ilias Ali,,,,230,Professional Effectiveness,success|achievement,none,Business & Economics,,https://play.google.com/store/books/details?id=zyRGEQAAQBAJ&source=gbs_api,"This insightful and empowering book unlocks the keys to unleashing your team's potential, guiding you on a path towards mastering the art of inspiring and motivating your sales force. With powerful strategies and proven techniques, it equips you with the tools necessary to ignite the spirit and drive of your team, leading them to extraordinary achievements and surpassing every sales goal. Experience the power of innovative leadership as you embark on a path towards mastery, transforming not only",Google Books,2026-08-30
Effective Multicultural Teams: Theory and Practice,"Claire B. Halverson, S. Aqeel Tirmizi",Springer Science & Business Media,2008,,,302,Uncategorised,,none,Business & Economics,9781402069574,https://play.google.com/store/books/details?id=WERRWf0FSI0C&source=gbs_api,"Multicultural and multinational teams have become an important strategic and structural element of organizational work in our globalized world today. These teams are demonstrating their importance from the factory floors to the boardrooms of contemporary organizations. The emergence of multicultural teams is evident across a variety of organizations in the private, public, and civil society sectors. These developments have led to an increasing interest in the theory and practice of multicultural",Google Books,2026-08-30
Transformational Leadership Styles for Global Leaders: Management and Communication Strategies,"Roache, Darcia Ann Marie",IGI Global,2023,,,573,Relationship Management,influence|leadership,none,Business & Economics,9798369313817,https://play.google.com/store/books/details?id=NjfaEAAAQBAJ&source=gbs_api,"The impact of transformational leadership styles, management strategies, and communication for organizational effectiveness and employee performance within organizations cannot be overemphasized. Leadership as a concept has evolved over the years based on situations, practices, and change management approaches in organizations. The evolution of transformational leadership in organizations is imperative to examine in order to motivate and encourage others to collectively support and work to achie",Google Books,2026-08-30
From Skill Gaps to Talent Peaks,Ravindran Chandrasekaran,Notion Press,2025,,,221,Relationship Management,coaching|leadership,none,Business & Economics,9798896994220,https://play.google.com/store/books/details?id=B6JJEQAAQBAJ&source=gbs_api,"BUSINESS LEADERSHIP / PROFESSIONAL DEVELOPMENT In today's relentlessly evolving workplace, organizations and professionals face a critical challenge: transforming skill gaps into sustainable advantages. As traditional approaches fall short, how do you build capabilities that not only meet current demands but anticipate future ones, whether for your organization or your own career growth? From Skill Gaps to Talent Peaks: A Leadership Guide offers an illuminating roadmap for modern leaders navigat",Google Books,2026-08-30
"Perfect Phrases for Building Strong Teams: Hundreds of Ready-to-Use Phrases for Fostering Collaboration, Encouraging Communication, and Growing a",Linda Eve Diamond,McGraw Hill Professional,2007,,,162,Relationship Management,teamwork|collaboration|feedback,none,Business & Economics,9780071594882,https://play.google.com/store/books/details?id=sTDkUsD8Fj4C&source=gbs_api,"The Right Phrase for Every Situation...Every Time Whether you're a project manager, department head, or CEO, you have to choose the perfect words to inspire real teamwork. This quick-reference guide addresses all the issues you could possibly encounter working with a team-offering hundreds of ready-to-use phrases for every situation. From managing interpersonal conflicts to motivating an entire company, you'll find the exact words you need to: Get people to work with, not against each other Use ",Google Books,2026-08-30
Mogul Mindset,"Amelia Green, AI",Publifye AS,2025,,,118,Thinking & Deciding,decision-making|bias|cognitive,none,Business & Economics,9788235209740,https://play.google.com/store/books/details?id=N21LEQAAQBAJ&source=gbs_api,"""""Mogul Mindset"""" explores the cognitive frameworks and adaptive strategies of highly successful business leaders, offering insights into their decision-making processes and leadership styles. The book argues that emulating surface-level behaviors is insufficient; true success lies in understanding and developing the underlying cognitive processes. For example, moguls often exhibit visionary thinking, identifying trends that others miss, and practice calculated risk-taking, balancing ambition wi",Google Books,2026-08-30
Comprehensive Textbook of Nursing Management and Leadership_1e - E-Book,Nipin Kalal,Elsevier Health Sciences,2025,,,692,Relationship Management,leadership,none,Medical,9788131270684,http://books.google.com/books?id=8wRjEQAAQBAJ&dq=inspiring+motivating+teams&hl=&as_pt=BOOKS&source=gbs_api,"• The textbook covers all the chapters outlined in the revised curriculum for the BSc Nursing programme.• The content presentation is organized with clear headings, bullet points and charts to enhance accessibilityand understanding.• Diagrams, flowcharts and tables have been used to simplify intricate concepts for effortless reference.• Each chapter aligns with current healthcare regulations, safety guidelines and ethical standards in nursingmanagement and leadership.• The book is beneficial for",Google Books,2026-08-30
"Global Innovation Science Handbook, Chapter 38 - Inspiration for Innovation","Heather McGowan, Ellen Di Resta",McGraw Hill Professional,2014,,,22,Uncategorised,,none,Business & Economics,9780071820486,http://books.google.com/books?id=yCPFAgAAQBAJ&dq=inspiring+motivating+teams&hl=&as_pt=BOOKS&source=gbs_api,"A chapter from the Global Innovation Science Handbook, a comprehensive guide to the science, art, tools, and deployment of innovation, brought together by two Editors of the prestigious International Journal of Innovation Science, with ground-breaking contributions from global innovation leaders in every type of industry.",Google Books,2026-08-30
The Power of Evolved Leadership: Inspire Top Performance by Fostering Inclusive Teams,Stephen Young,McGraw Hill Professional,2023,,,291,Professional Effectiveness,performance|success,none,Business & Economics,9781260010848,https://play.google.com/store/books/details?id=IFLYEAAAQBAJ&source=gbs_api,"Do you want to lead like a business professional—or a Neanderthal? This book breaks our millennia-old leadership mold to provide the skills for real, lasting success in today’s business world For too long, humans have been following others based largely on that person’s sense of physical strength, appearance and dominance. It’s a model that dates back to the Neanderthals and which, incredibly, we continue to apply—consciously or not. The Power of Evolved Leadership establishes a new standard for",Google Books,2026-08-30
Ironwill 360° Leadership,Douglas P. Pflug,CRC Press,2025,,,298,Relationship Management,influence|coaching|leadership|trust,none,Business & Economics,9781040429204,https://play.google.com/store/books/details?id=ZHOCEQAAQBAJ&source=gbs_api,"THE BLUEPRINT FOR EXTRAORDINARY LEADERSHIP IS IN YOUR HANDS—ARE YOU READY TO RISE? The world doesn’t need more managers. It needs bold, resilient, high-impact leaders—the kind who don’t just climb the ranks but transform the teams and organizations they lead. In IRONWILL 360° Leadership: A Blueprint for Level 5 Unicorn Leadership, Douglas P. Pflug delivers a game plan for leaders who refuse to settle for average. This isn’t another leadership theory book filled with fluff and clichés. This is a ",Google Books,2026-08-30
Communicating in Groups and Teams,"Gay Lumsden, Donald Lumsden",Cengage Learning,2004,,,436,Relationship Management,influence|teamwork,none,Communication in organizations,9780534515461,http://books.google.com/books?id=fXbbQa_EdR8C&dq=inspiring+motivating+teams&hl=&as_pt=BOOKS&source=gbs_api,"Offers skills and information designed to enhance your success in groups and teams. You'll learn how to facilitate positive group and team experiences and how, in truly successful teams, every member also takes on the roles of facilitator, contributor, participant, and leader. Just as important, you'll discover how diversity contributes to quality teamwork. The authors give you the tools you need to appreciate different points of view and understand how factors such as gender and culture influen",Google Books,2026-08-30
Great Motivation Secrets of Great Leaders,John Baldoni,McGraw Hill Professional,2005,,,267,Self-Management,motivation,none,Business & Economics,9780071466165,https://play.google.com/store/books/details?id=s4qKAwAAQBAJ&source=gbs_api,"How the world's most successful leaders inspire their people to get things done Great Motivation Secrets of Great Leaders explores the leadership styles of many of the world's most influential leaders in business, the military, sports, and politics and extracts powerful lessons that managers can put to work in their organizations. Drawing upon his years of experience as a leadership consultant, visionary, and coach, John Baldoni, author of the highly successful Great Communication Secrets of Gre",Google Books,2026-08-30
Project and Program Excellence,Thomas Pavelko,CRC Press,2021,,,310,Professional Effectiveness,performance|success,none,Business & Economics,9781000523546,https://play.google.com/store/books/details?id=1ONDEAAAQBAJ&source=gbs_api,"This book provides insight, measures, and tools to manage a program or project to be first place amongst its competitors and similar efforts. Providing breakthrough insight by showing how to understand and use team member motivation, it gives leadership and team members the tools to be first place. It shows program and project managers how to motivate a team to perform better than its competitors while bringing great satisfaction and tailored growth to the team individuals. Highlights include: S",Google Books,2026-08-30
The Psychological Challenges of Remote Working,"Naval Garg, Freda Van Der Walt, John Burgess",Frontiers Media SA,2023,,,137,Thinking & Deciding,logic,none,Science,9782832527184,http://books.google.com/books?id=SLfHEAAAQBAJ&dq=inspiring+motivating+teams&hl=&as_pt=BOOKS&source=gbs_api,,Google Books,2026-08-30
Team Building Expressions,Terri Harmon,,2013,,,34,Self-Management,motivation,none,,9781483973937,http://books.google.com/books?id=iFzTjgEACAAJ&dq=inspiring+motivating+teams&hl=&as_pt=BOOKS&source=gbs_api,"Team Building Expressions is exciting, inspiring, and informative. This engaging book helps develop interpersonal skills, communication skills, and building cohesion within groups. In addition it provides a host of motivational quotes for various key categories that are used in developing an effective team.",Google Books,2026-08-30
Leadership: Motivation: Team Building,Ace McCloud,Createspace Independent Publishing Platform,2016,,,206,Self-Management,motivation|habits,none,,9781539994404,http://books.google.com/books?id=Pk4pMQAACAAJ&dq=inspiring+motivating+teams&hl=&as_pt=BOOKS&source=gbs_api,"Do you wish you knew how to develop the qualities of a great leader? Would you like to wake up each day feeling excited and motivated? Ready to be on a winning team? 3 Books in 1: An unbeatable combination of the best leadership wisdom, motivational strategies, and team-building tactics that work! Whether you want to (1) lead more effectively, (2) light a fire under yourself that will not go out, or (3) build your own dream team, then this is the book for you. Thrive as the leader you were meant",Google Books,2026-08-30
Motivation in the Workplace,Lydia Banks,American Media Publishing,1997,,,116,Self-Management,motivation,none,Business & Economics,9781884926464,http://books.google.com/books?id=WBpEEfo763cC&dq=inspiring+motivating+teams&hl=&as_pt=BOOKS&source=gbs_api,"As organisations expand their visions, employees need the motivation to meet and exceed new goals. Banks shows managers how to reward employees, maintain a positive work environment and open communication, and deal with unmotivated employees.",Google Books,2026-08-30
Interpersonal Communication Skills in the Workplace,"Perry McIntosh, Richard Luecke, Jeffery H. Davis",AMACOM Div American Mgmt Assn,2008,,,183,Relationship Management,influence,none,Business & Economics,9780761214755,https://play.google.com/store/books/details?id=PETL2Ai1HkUC&source=gbs_api,"Effective communication is an important element of success for every organization, leader, manager, supervisor, and employee. Good communication skills are a prerequisite for advancement in most fields and are key to exercising influence both within and beyond the work group. This edition retains the subject matter strengths of the previous version and augments them with content that reflects new understandings of interpersonal communications, new communication technologies, and new organization",Google Books,2026-08-30
Communication in the Workplace,"Leil Carniege, Dale Lowndes",Independently Published,2019,,,132,Relationship Management,teamwork|trust|relationship,none,,9781072942016,http://books.google.com/books?id=V0KTxgEACAAJ&dq=communication+skills+workplace&hl=&as_pt=BOOKS&source=gbs_api,"""Buy the paperback version of this book and get the kindle book version for free""Do you want to find out how to get better results in the workplace both individually and with your colleagues? Do you Know that communication in the workplace is the key to susses even in everyday life? Communication is an important tool for increasing productivity and promoting great relationships across all levels of an organization. Employers who invest their resources in building an effective communication syste",Google Books,2026-08-30
EFFECTIVE SPEAKING AT WORK,Milton Jamison,Milton Jamison,2021,,,120,Relationship Management,influence|trust|relationship,none,,9781513684598,http://books.google.com/books?id=x_lyzgEACAAJ&dq=communication+skills+workplace&hl=&as_pt=BOOKS&source=gbs_api,"Communication in the workplace involves much more than simply conversing. No matter what your personal or professional role is in life, you must be able to adjust your words in a way that works best for you and the particular employee you are communicating with. Effective Speaking at Work includes: ● Basic Communication ● How To Talk To Anyone About Anything ● Effective Communication For Strong Working Relationships ● Effective Communication For Morale ● Effective Communication For Productivity ",Google Books,2026-08-30
Communication Skills for the Workplace,,,2000,,,,Communication,communication,none,,,http://books.google.com/books?id=YNkaSQAACAAJ&dq=communication+skills+workplace&hl=&as_pt=BOOKS&source=gbs_api,,Google Books,2026-08-30
"Communication Skills for Workplace Success: How to Practice Effective Communication in Work & Life, Boost Your Income & Thrive Effectively",Joshua Strachan,Independently Published,2018,,,36,Communication,communication|nonverbal,none,Business & Economics,9781980784715,http://books.google.com/books?id=ebPVtwEACAAJ&dq=communication+skills+workplace&hl=&as_pt=BOOKS&source=gbs_api,"Employers Look for These Communication Skills The success of your business and social life depends on your ability to communicate effectively with the right people. In fact, your personality, intelligence and potentials can be detected through the simple ways you express yourself. Even in workplace, communication becomes a tool for success that the level of your breakthrough could ultimately be determined by the level of smartness you exhibit through your communication. This brings about the imp",Google Books,2026-08-30
How To Talk To Anyone At Work,Dave Watson,Dave Watson,2026,,,75,Communication,communication|difficult-conversations|speaking|conversation,none,Education,,https://play.google.com/store/books/details?id=UlfLEQAAQBAJ&source=gbs_api,"What if one skill could transform your career, boost your confidence, and open doors you never imagined? Every day at work, opportunities are won or lost based on one thing: how well you communicate. Whether it’s speaking up in meetings, connecting with colleagues, handling difficult conversations, or impressing your boss—your words matter more than you think. “How To Talk To Anyone At Work – Mastering the Art of Effective Communication in the Workplace” is your ultimate guide to becoming confid",Google Books,2026-08-30
Effective Communication in the Workplace,Anthony Gutierez,Createspace Independent Publishing Platform,2014,,,34,Professional Effectiveness,productivity|success,none,,9781523317967,http://books.google.com/books?id=tJtMjwEACAAJ&dq=communication+skills+workplace&hl=&as_pt=BOOKS&source=gbs_api,"Among the crucial ingredients to a business's success is effective workplace communication. It is, therefore, unfortunate that effective communication does not happen smoothly in many companies. Ineffective communication in the workplace is one of the leading reasons why many businesses lose profits and valuable resources, including excellent employees and clients. Companies can miss important opportunities to grow and expand their business when there is poor communication in the workplace. Whet",Google Books,2026-08-30
Best Way to Improve Communication Skills,David L Lewis,Independently Published,2019,,,258,Communication,communication|listening|speaking|conversation,none,,9781098962418,http://books.google.com/books?id=gJ9oxQEACAAJ&dq=communication+skills+workplace&hl=&as_pt=BOOKS&source=gbs_api,"""Discover the Best Way to Improve Communication Skills in Life, the Workplace and in Love Relationships"" Communications form the core of human relationships. The way you communicate to people in your family, workplace, and society at large goes a long way in determining how they perceive you, and in turn how they relate with you. Each one of us needs to make an effort to master the art of conversation. This book contains proven steps and strategies on how to effectively communicate with others a",Google Books,2026-08-30
Communication In The Workplace,"Lowndes, Leil Carniege",,2020,,,0,Relationship Management,teamwork|trust|relationship,none,,9781914026478,http://books.google.com/books?id=VmNdzwEACAAJ&dq=communication+skills+workplace&hl=&as_pt=BOOKS&source=gbs_api,Do you want to find out how to get better results in the workplace both individually and with your colleagues? Do you Know that communication in the workplace is the key to susses even in everyday life? Communication is an important tool for increasing productivity and promoting great relationships across all levels of an organization. Employers who invest their resources in building an effective communication system will quickly earn their employee's trust which results in increased productivit,Google Books,2026-08-30
How to Speak Workplace English with Confidence: Mastering Communication Skills for Professional Success,Ranjot Singh Chahal,Rana Books Uk ,2024,,,97,Communication,communication|speaking,none,Foreign Language Study,,https://play.google.com/store/books/details?id=a_X-EAAAQBAJ&source=gbs_api,"In today's globalized workforce, effective communication skills in English are essential for professional success. ""How to Speak Workplace English with Confidence: Mastering Communication Skills for Professional Success"" is your comprehensive guide to navigating the intricacies of workplace communication with ease and assurance. This book offers practical strategies and invaluable tips to help you build confidence and fluency in speaking English within the workplace environment. From understandi",Google Books,2026-08-30
Tips to Improve Communication Skills,David L Lewis,Independently Published,2019,,,246,Communication,communication|speaking|conversation,none,,9781097390359,http://books.google.com/books?id=Fl9zxQEACAAJ&dq=communication+skills+workplace&hl=&as_pt=BOOKS&source=gbs_api,"""A Step by Step Guide to Improve Communication Skills at Work and in Relationships"" Communications form the core of human relationships. The way you communicate to people in your family, workplace, and society at large goes a long way in determining how they perceive you, and in turn how they relate with you. Each one of us needs to make an effort to master the art of conversation. This book contains proven steps and strategies on how to effectively communicate with others and how to easily expr",Google Books,2026-08-30
Communication Skills For The Workplace,,August Publishing Sdn Bhd,2008,,,23,Communication,communication,none,Business communication,9789833317219,http://books.google.com/books?id=EzgEGm5Hx5MC&dq=communication+skills+workplace&hl=&as_pt=BOOKS&source=gbs_api,,Google Books,2026-08-30
Listen Up!,"Eunice LeMay, Jane Schwamberger",Papilio Pub,2007,,,127,Communication,communication|listening,none,Business & Economics,9780978805852,http://books.google.com/books?id=0ncMMQAACAAJ&dq=communication+skills+workplace&hl=&as_pt=BOOKS&source=gbs_api,"SUPERANNO Addresses listening as the key to effective communication. Presents easy-to-apply skills that will help readers to communicate more effectively with customers/clients/co-workers/and bosses across gender, cultural, and generational differences. Teaches readers ""how to"" identify their own and others' learning and workplace behavioral styles, which fosters greater teamwork and understanding in the workplace and thereby reduces stress. Includes exercises and Q/A.",Google Books,2026-08-30
Communication In The Workplace,Shirley Cole,Personal Development Publishing,2019,,,242,Communication,communication|public-speaking|nonverbal|speaking,none,,9783903331112,http://books.google.com/books?id=Rm6FyAEACAAJ&dq=communication+skills+workplace&hl=&as_pt=BOOKS&source=gbs_api,"Discover The Power Of Communication And Master The #1 Leadership Skill To Success... Are you 100% aware of your character traits and how they influence your leadership? Have you ever run into miscommunication issues with the team you lead? On a scale from 1-10, how good would you rate your communication skills? If your answer is not 10, you've already left money on the table. Effective communication is an integral element of professional success. No matter if you define success through profit or",Google Books,2026-08-30
65-009 Workplace Communication,,,1994,,,213,Communication,communication,none,Business communication,,http://books.google.com/books?id=3NqBvgAACAAJ&dq=communication+skills+workplace&hl=&as_pt=BOOKS&source=gbs_api,,Google Books,2026-08-30
Workplace Communication Skills,Penny Joyner Waddell,,2026,,,0,Communication,communication,none,,9798319721549,http://books.google.com/books?id=nncN0gEACAAJ&dq=communication+skills+workplace&hl=&as_pt=BOOKS&source=gbs_api,,Google Books,2026-08-30
Effective Communication at Work,Liam Harris,,2021,,,120,Self-Awareness,self-awareness,goleman,,9781802683868,http://books.google.com/books?id=LZ11zgEACAAJ&dq=communication+skills+workplace&hl=&as_pt=BOOKS&source=gbs_api,"Do you want to improve your communication skills and be successful in the workplace? This is the book for you! Lack of communication skills is exactly what ruins most peoples' lives. If you don't know how to communicate properly, you are going to have problems both in your intimate and family relationships. You are going to be ineffective in work and business situations. It's going to be troublesome managing employees or getting what you want from your boss or your clients on a daily basis. ""Eff",Google Books,2026-08-30
Effective Communication at Work,Vicki McLeod,"Sourcebooks, Inc.",2020,,,120,Communication,communication|listening|speaking,none,Business & Economics,9781646115921,https://play.google.com/store/books/details?id=7V4XEQAAQBAJ&source=gbs_api,"Develop effective communication skills for the office—in-person and online In the digital age, as workers increasingly go remote, the ability to communicate clearly and effectively is—now more than ever—a highly desirable skill. Whether you talk, text, or email, Effective Communication at Work has everything you need to help boost your workplace performance and productivity. From honing listening to polishing speaking and writing skills, this essential guide delivers simple, powerful strategies ",Google Books,2026-08-30
Business and Professional Communication,"Kathryn Sue Young, Howard Paul Travis",Waveland Press,2020,,,327,Communication,communication|listening|nonverbal,none,Language Arts & Disciplines,9781478645313,https://play.google.com/store/books/details?id=FRLmDwAAQBAJ&source=gbs_api,"The authors present the fundamentals of business communication in every stage of professional life: writing résumés, preparing for interviews, securing a job, communicating with colleagues and supervisors, working on a team, and advancing into management and leadership positions. Young and Travis encourage people building careers to create an image or brand that employers will recognize as a good fit for their companies. Skills that cement an appealing brand include: proficient use of language (",Google Books,2026-08-30
Instant Manager: Successful Workplace Communication,Phil Baguley,Hodder & Stoughton,2009,,,307,Professional Effectiveness,career|success,none,Business & Economics,9781444149111,http://books.google.com/books?id=zd05AgAAQBAJ&dq=communication+skills+workplace&hl=&as_pt=BOOKS&source=gbs_api,"Whether you are building your career as a manager by taking professional qualifications or you simply want to enhance your management skills this Instant Manager title, based on one of the six UK national occupational standards for managers, is exactly what you need! This is an inexpensive, concise but above all authoritative guide to getting results, particularly in the key areas of finance and sustainability. Based on ten key questions, each chapter ends with a summary and action checklist to ",Google Books,2026-08-30
10 Days to More Confident Public Speaking,Princeton Language Institute,Hachette+ORM,2001,,,149,Communication,public-speaking|speaking,none,Reference,9780759525009,https://play.google.com/store/books/details?id=urNMMJdxC90C&source=gbs_api,"Written by an expert in the field, this book has the tools you need to become a relaxed, effective, and commanding public speaker. A clear, concise, step-by-step approach with dozens of inside tips, 10 Days to More Confident Public Speaking will help you: Overcome nervousness and discover your own natural style Connect with your audience with your very first words Write a speech that builds to an unforgettable conclusion Expertly blend humor and anecdotes into your talks Use proven techniques to",Google Books,2026-08-30
How to Develop Self Confidence and Improve Public Speaking,Dale Carnegie,General Press,2018,,,206,Communication,public-speaking|presentation|speaking,none,,9789387669000,http://books.google.com/books?id=HJvTwwEACAAJ&dq=public+speaking+confidence&hl=&as_pt=BOOKS&source=gbs_api,"From ways to develop self-confidence and become a good public speaker to the secrets of memory power and good delivery, natural laws of remembering and the essential elements in successful speaking, this book discusses the ways of opening and closing a talk and keeping the audience interested. Drawing on Dale Carnegie's years of experience as a business trainer, this book will show you how to overcome the natural fear of public speaking, to become a successful speaker, and even learn to enjoy it",Google Books,2026-08-30
You Deserve to be Heard,Kerry Pienaar,Complete Communication Coach,2022,,,204,Communication,public-speaking|presentation|speaking,none,Language Arts & Disciplines,9780645342734,https://play.google.com/store/books/details?id=XpdrEAAAQBAJ&source=gbs_api,"You Deserve to be Heard celebrates inspirational stories from people who have faced their fears, transformed their thinking and behaviour, and experienced profound and dramatic impacts on their professional and personal lives. Inside you’ll find 101 easy-to-apply tips. Kerry shows you how to: · acknowledge and manage your fears of public speaking · speak with confidence and clarity, both face-to-face and online · prepare for and impress audiences, whether at job interviews, presentations, meetin",Google Books,2026-08-30
How to Master Public Speaking,Peter Andrei,,2019,,,252,Communication,communication|public-speaking|presentation|rhetoric,none,,9781695239623,http://books.google.com/books?id=fgFTygEACAAJ&dq=public+speaking+confidence&hl=&as_pt=BOOKS&source=gbs_api,"No more public speaking anxiety - only bullet-proof confidence. No more blunders - only suave, compelling, persuasive speech. No more scattered clapping - only thundering applause. No more sleeping audiences - only attentive, engaged, and captivated ones. With this new book, you are now guaranteed to instantly (& easily) master speaking. Read more... You have a problem: Weak (or even average) public speaking skills hurt you. They stagnate your career. They limit your potential. They fill you wit",Google Books,2026-08-30
Public Speaking Pro,Noreen R Martin,Independently Published,2024,,,0,Communication,communication|public-speaking|storytelling|presentation,none,Self-Help,9798329064261,http://books.google.com/books?id=IJTP0AEACAAJ&dq=public+speaking+confidence&hl=&as_pt=BOOKS&source=gbs_api,"Are you ready to conquer your fear of public speaking and captivate any audience with confidence and poise? Introducing ""Public Speaking Pro: Speak with Confidence and Poise in 21 Days,"" the ultimate guide to transforming your public speaking skills and becoming the speaker you've always aspired to be. Imagine standing on stage, delivering a powerful presentation that leaves your audience inspired and engaged. This comprehensive 21-day program is designed to take you from a nervous novice to a c",Google Books,2026-08-30
How to Develop Self-Confidence and Influence People by Public Speaking,Dale Carnegie,Simon and Schuster,2017,,,256,Communication,public-speaking|speaking,none,Business & Economics,9781501171987,http://books.google.com/books?id=BsYpDwAAQBAJ&dq=public+speaking+confidence&hl=&as_pt=BOOKS&source=gbs_api,"Drawing on Dale Carnegie's years of experience as a business trainer this book will show you how to overcome the natural fear of public speaking, to become a successful speaker and even learn to enjoy it.",Google Books,2026-08-30
Public Speaking,James W. Williams,Alakai Publishing LLC,2018,,,48,Communication,public-speaking|presentation|speaking,none,Business & Economics,,https://play.google.com/store/books/details?id=A2ScDwAAQBAJ&source=gbs_api,"What if the difference between ""I freeze in front of people"" and ""I own the room"" was 10 specific moves? Have you avoided promotions, presentations, or panels because public speaking terrifies you? Felt your voice shake before you even hit the first slide? Watched someone less qualified get the keynote — because they could speak and you couldn't? Public speaking is a skill. And like any skill, it has methods. Public Speaking: 10 Simple Methods to Build Confidence, Overcome Shyness, Increase Pers",Google Books,2026-08-30
Confidence Public Speaking,"Nelson, Pearson",WCB/McGraw-Hill,1996,,,250,Communication,public-speaking|speaking,none,Language Arts & Disciplines,9780697246363,http://books.google.com/books?id=PcSAB2coRSEC&dq=public+speaking+confidence&hl=&as_pt=BOOKS&source=gbs_api,,Google Books,2026-08-30
How to Build Your Public Speaking Confidence,S G Treasure,Independently Published,2023,,,0,Communication,public-speaking|speaking,none,,9798870175232,http://books.google.com/books?id=gv9i0AEACAAJ&dq=public+speaking+confidence&hl=&as_pt=BOOKS&source=gbs_api,"Lack of public speaking confidence is one social problem that has grounded many careers, dreams, and aspirations. The social problem, also known as 'glossophobia', is not unconnected to the fear of being scrutinised and ridiculed for making speech error(s) in front of a large audience. Yet, the ability to speak confidently in public is one social skill that everyone should and must possess, whether now or later in life. In view of this, the book ""HOW TO BUILD YOUR PUBLIC SPEAKING CONFIDENCE"" has",Google Books,2026-08-30
Public Speaking,Dale Nihill,,2020,,,188,Communication,public-speaking|speaking,none,Education,9781777117191,http://books.google.com/books?id=pnybzQEACAAJ&dq=public+speaking+confidence&hl=&as_pt=BOOKS&source=gbs_api,,Google Books,2026-08-30
Stage Fear to Stage Mastery: A Guide to Public Speaking Confidence,Harper Wren, Harper Wren,2023,,,229,Communication,public-speaking|speaking,none,Law,9798223886600,https://play.google.com/store/books/details?id=9v5TEQAAQBAJ&source=gbs_api,""" ""Unlock the Power of Your Voice: Journey from Stage Fear to Stage Mastery with Confidence Transform your fear into mastery with 'Stage Fear to Stage Mastery: A Guide to Public Speaking Confidence.' This guide is not just a book; it's your passport to a world where your voice commands attention and your message resonates with impact. 🎤 Conquer Your Stage Fear: Say goodbye to nervous jitters and embrace the spotlight. This guide takes you by the hand, leading you through practical strategies tha",Google Books,2026-08-30
Facing Your Fears,Lou Davidson Tillson,,2015,,,118,Uncategorised,,none,Public speaking,9781465274540,http://books.google.com/books?id=jPg7rgEACAAJ&dq=public+speaking+confidence&hl=&as_pt=BOOKS&source=gbs_api,,Google Books,2026-08-30
Public Speaking Skills,Ted Barton,,2020,,,154,Communication,public-speaking|speaking,none,,9798626931815,http://books.google.com/books?id=VS93zQEACAAJ&dq=public+speaking+confidence&hl=&as_pt=BOOKS&source=gbs_api,"Give a Great Speech, and Win the Crowd Do you get nervous when invited to give a speech? Do you feel your fear or phobia hindering you at the thought of speaking publicly? Do you wish to absolutely captivate and delight an audience when you stand before them to give a moving speech? If you answered ""yes"" to any of these questions, then keep reading ... Whatever the case may be, this book will clearly guide you to successfully go through the cycle of preparing and delivering an amazing speech. Ju",Google Books,2026-08-30
Effective Public Speaking,Jhon Keller,Jhon Keller,2021,,,104,Communication,public-speaking|speaking,none,,9781801385060,http://books.google.com/books?id=aBxnzgEACAAJ&dq=public+speaking+confidence&hl=&as_pt=BOOKS&source=gbs_api,"55% off for bookstores! Paperback BW Only for a Limited Time Discounted Retail Price at $29.99 Instead of $37.99 So, what is the wait for? Buy it now Let Your Customers be Grateful to you for the Benefits They Will Get...",Google Books,2026-08-30
Speak Confidently,Cyril Williams,Independently Published,2022,,,0,Communication,communication|public-speaking|presentation|body-language,none,Language Arts & Disciplines,9798364051509,http://books.google.com/books?id=NVqEzwEACAAJ&dq=public+speaking+confidence&hl=&as_pt=BOOKS&source=gbs_api,"Many people worry about public speaking and how hard it is to prepare for a presentation, speaking on Zoom, or interacting with others through public speaking. Fear of judgement and worry about making mistakes can turn the whole process into something that everyone dreads. Just the thought of having an audience spend time staring at you, judging your words and asking questions that you do not know the answers too can be enough to make your head turn. You want to impress, but may question whether",Google Books,2026-08-30
Playground to Podium,Ted McIlvain,Tate Publishing,2007,,,144,Communication,public-speaking|speaking,none,Family & Relationships,9781602474680,http://books.google.com/books?id=ttWMagLsY9sC&dq=public+speaking+confidence&hl=&as_pt=BOOKS&source=gbs_api,"All too often, children approach the podium with hesitation, fearing humiliation from peers and teachers alike. Parents often ask, What can I do to help my child have confidence in the realm of public speaking? Author Ted McIlvain approaches the podium and delivers an informative look into the world of public speaking in Playground to Podium. Urging parents to enhance personal self-esteem while building confidence in their children, Playground to Podium engages the reader by simplifying the tech",Google Books,2026-08-30
Public Speaking Course in English – Beginner to Master । Advance public speaking skills । Public Speaking Skills । public speaking techniques for improving public speaking skills and overcoming fear । public speaking । Advanced public speaking,Jagannath Raidas ,Jagannath Raidas,,,,56,Communication,communication|public-speaking|presentation|speaking,none,Language Arts & Disciplines,,https://play.google.com/store/books/details?id=dNetEQAAQBAJ&source=gbs_api,Do you feel afraid while speaking in front of people? Does your voice shake when you face a crowd? Is lack of confidence holding you back from achieving your goals? This book explains from the very beginning: ✔ Why fear develops inside humans ✔ Practical methods to eliminate fear from the root ✔ Essential skills required to speak confidently in front of people ✔ Daily practices to build strong self-confidence ✔ Real techniques to overcome hesitation while speaking in public If you follow the met,Google Books,2026-08-30
The 5 Pillars of Effective Public Speaking,Kyle Murtagh,,2020,,,159,Communication,public-speaking|presentation|speaking,none,,9798668175857,http://books.google.com/books?id=9OC3zQEACAAJ&dq=public+speaking+confidence&hl=&as_pt=BOOKS&source=gbs_api,"Stop Settling for Mediocre Results from Your Presentations. Be Different, Be Bold & Become Your Own Catalyst in Enhancing Your Public Speaking Confidence. The 5 Pillars of Effective Public Speaking is a comprehensive guide to presentation excellence and developing your public speaking confidence. This is a personal development title with a laser-focus on the 5 Key Skills, or Pillars, which make the greatest public speakers unforgettable, undeniable, and truly impactful. This guide breaks-down th",Google Books,2026-08-30
Confidence in Public Speaking,"Paul Edward Nelson, Judy C. Pearson",Roxbury Publishing Company,2005,,,0,Communication,communication|public-speaking|presentation|speaking,none,Public speaking,9781931719315,http://books.google.com/books?id=ShqcAAAACAAJ&dq=public+speaking+confidence&hl=&as_pt=BOOKS&source=gbs_api,"Product Description: Roxbury is pleased to announce the Eighth Edition of Paul E. Nelson and Judy C. Pearson's CONFIDENCE IN PUBLIC SPEAKING (Telecourse Version). This paperback text offers a clear, straightforward approach on how to prepare, organize, and deliver effective public speeches-balancing theory and research with plentiful real-world examples. Students learn how to reduce anxiety and analyze an audience. The text accompanies GPN Media's SPEAKING WITH CONFIDENCE series, available on vi",Google Books,2026-08-30
The Confident Speaker's Handbook,"Thomas E. Valasek, Valasek, Bud McKinley",,1997,,,196,Uncategorised,,none,Language Arts & Disciplines,9780787241742,http://books.google.com/books?id=j3W2Ho_6MoMC&dq=public+speaking+confidence&hl=&as_pt=BOOKS&source=gbs_api,,Google Books,2026-08-30
Mastering Crucial Conversations,Horller Gentle,Independently Published,2024,,,0,Relationship Management,collaboration|trust|relationship,none,Business & Economics,9798344360591,http://books.google.com/books?id=lf770AEACAAJ&dq=crucial+conversations+difficult&hl=&as_pt=BOOKS&source=gbs_api,"Mastering Crucial Conversations: Practical Tools for Navigating High-Stakes Communication Have you ever walked away from a conversation wishing you had spoken up, handled it better, or avoided conflict altogether? What if you had the power to turn even the most tense and uncomfortable moments into opportunities for understanding, collaboration, and real change? In Mastering Crucial Conversations, you'll discover the practical tools you need to navigate life's most important and high-stakes discu",Google Books,2026-08-30
"Crucial Conversations, Third Edition","Al Switzler, Kerry Patterson, Joseph Grenny, Ron McMillan, Emily Gregory",McGraw-Hill Education,2021,,,288,Communication,communication|crucial-conversations|conversation,none,Business & Economics,9781260474183,http://books.google.com/books?id=w3H1zQEACAAJ&dq=crucial+conversations+difficult&hl=&as_pt=BOOKS&source=gbs_api,"Keep your cool and get the results you want when faced with crucial conversations. This New York Times bestseller and business classic has been fully updated for a world where skilled communication is more important than ever. The book that revolutionized business communications has been updated for today’s workplace. Crucial Conversations provides powerful skills to ensure every conversation—especially difficult ones—leads to the results you want. Written in an engaging and witty style, the boo",Google Books,2026-08-30
Crucial Conversations: Tools F,Patterson,Tata McGraw-Hill Education,2011,,,0,Communication,crucial-conversations|conversation,none,,9780070584792,http://books.google.com/books?id=l-JHzwEACAAJ&dq=crucial+conversations+difficult&hl=&as_pt=BOOKS&source=gbs_api,"When stakes are high, opinions vary, and emotions run strong, you have three choices: Avoid a crucial conversation and suffer the consequences; handle the conversation badly and suffer the consequences; or read Crucial Conversations and discover how to communicate best when it matters most. Crucial Conversations gives you the tools you need to step up to life's most difficult and important conversations, say what's on your mind, and achieve the positive resolutions you want.",Google Books,2026-08-30
Difficult and Crucial Conversations,Andre Koen,,2022,,,0,Social Awareness,empathy|active-listening|compassion|diversity,none,Business & Economics,9781312406988,http://books.google.com/books?id=lrd-0AEACAAJ&dq=crucial+conversations+difficult&hl=&as_pt=BOOKS&source=gbs_api,"In ""Difficult Conversations in the Workplace,"" Andre Koen, an esteemed diversity trainer and expert based in Minnesota, addresses one of the most challenging aspects of professional life - navigating and successfully engaging in difficult conversations. With his wealth of experience and unique insights, Koen provides readers with practical tools and strategies to effectively handle sensitive topics, resolve conflicts, and promote a more inclusive and productive work environment. Workplaces are d",Google Books,2026-08-30
Critical Conversations For Dummies,Christina Tangora Schlachter,John Wiley & Sons,2013,,,341,Communication,communication|difficult-conversations|crucial-conversations|conversation,none,Business & Economics,9781118502471,https://play.google.com/store/books/details?id=9p7x_kHM99EC&source=gbs_api,"The easy way to communicate best when it matters most Most people are aware of the importance of handling critical conversations well. However, when it comes down to actually being in a difficult situation that calls for key communication skills, many do not know how to practically apply their own thoughts. Critical Conversations For Dummies is a step-by-step reference for the variety of crucial conversations life presents in the workforce. It's packed with strategies for preparing for high-stak",Google Books,2026-08-30
The Other Side of the Bar,"Laura E. Reimer, Richard Jochelson",Springer Nature,2025,,,322,Relationship Management,conflict-resolution|conflict-management|relationship,none,Law,9789819697489,https://play.google.com/store/books/details?id=Kn-lEQAAQBAJ&source=gbs_api,"This comprehensive collection offers legal professionals the essential tools to understand, navigate, and transform conflict in all its forms. Blending theory with real-world application, each chapter addresses the specific challenges lawyers face—whether in client relationships, team dynamics, or complex, cross-border disputes. Readers will gain a practical foundation in conflict analysis and a wide range of resolution strategies that extend well beyond litigation. Of particular application are",Google Books,2026-08-30
Optimizing Data and New Methods for Efficient Knowledge Discovery and Information Resources Management: Emerging Research and Opportunities,"Swayze, Susan",IGI Global,2020,,,212,Uncategorised,,none,Computers,9781799822370,https://play.google.com/store/books/details?id=GxLmDwAAQBAJ&source=gbs_api,The fast-paced world created by the accessibility of consumer information through internet-generated data requires improved information-management platforms. The continuous evaluation and evolution of these systems facilitate enhanced data reference and output. Optimizing Data and New Methods for Efficient Knowledge Discovery and Information Resources Management is a critical research publication that provides insight into the varied and rapidly changing fields of knowledge discovery and informa,Google Books,2026-08-30
Difficult Conversations,Tad Harrett,,2020,,,130,Communication,communication|difficult-conversations|presentation|speaking,none,,9798688412208,http://books.google.com/books?id=nOvkzQEACAAJ&dq=crucial+conversations+difficult&hl=&as_pt=BOOKS&source=gbs_api,"Communication and having great conversations is a skill we all should have. Difficult conversations stop us from getting our dream job, finding a partner, dealing with employees at work, and this leads to toxic relationships that are destroying our lives. We care too much about what people think of us, or what they say about us. Meaningful relationships go right out the window, we become cold and impersonal in a hurry, depression, anxiety and nervousness rears its ugly head and there goes out se",Google Books,2026-08-30
Taking Conversations from Difficult to Doable,Lynne Cunningham,,2016,,,0,Communication,difficult-conversations|conversation,none,Communication,9781622180240,http://books.google.com/books?id=DXQejgEACAAJ&dq=crucial+conversations+difficult&hl=&as_pt=BOOKS&source=gbs_api,"Have you ever dreaded holding a tough but necessary conversation with an employee, coworker, or boss? Do you put off such conversations for far too long? Have you ever launched into a difficult conversation without being well prepared, only to have the interaction spiral out of control? Most leaders will probably answer yes to at least one, if not all, of these questions. Taking Conversations from Difficult to Doable: 3 Models to Master Tough Conversations can help you ""bite the bullet"" and say ",Google Books,2026-08-30
Crucial Communication,Gary Peterson,,2021,,,204,Communication,communication|public-speaking|difficult-conversations|listening,goleman,,9798594245280,http://books.google.com/books?id=q4wqzgEACAAJ&dq=crucial+conversations+difficult&hl=&as_pt=BOOKS&source=gbs_api,"Is talking to others your Achilles' Heel? Do you dread having to talk to your boss or show a presentation at a meeting? Is your lack of public speaking skills holding your career back? If so, CRUCIAL COMMUNICATION: Control Difficult Workplace Conversations Using Essential Dialogue Tools to Achieve Positive Results More Often is the right book for you! This book will show you real-life communication techniques so that you feel more comfortable talking to people at work, in different social settin",Google Books,2026-08-30
Crucial Conversations,Dean Mack,Social Skills,2024,,,0,Communication,communication|crucial-conversations|conversation,none,Business & Economics,9798869370044,http://books.google.com/books?id=js-50AEACAAJ&dq=crucial+conversations+difficult&hl=&as_pt=BOOKS&source=gbs_api,"2 Manuscripts in 1 Book, Including: How to Talk to People and How to Influence People Book 1) How to Talk to People: The Right Way - The Only 7 Steps You Need to Master Conversation Skills, Effective Communication and Conversation Tactics Today Do you find yourself stuck in conversations without an obvious escape more often than you'd like? Do you know that you're much more interesting than you appear to other people because you don't exactly know how to share your personality? Don't worry, the ",Google Books,2026-08-30
Crucial Conversations Skills,"Kerry Patterson, Joseph Grenny, Ron McMillan, Al Switzler",McGraw-Hill Professional,2011,,,577,Professional Effectiveness,accountability|performance|focus|success,none,Business & Economics,9780071796262,https://play.google.com/store/books/details?id=iT6gYW2kQNYC&source=gbs_api,"How Do You Communicate When the Stakes Are High? Learn how with these TWO GROUNDBREAKING BOOKS in ONE eBOOK PACKAGE! In any organization, the best laid plans boil down to one simple thing: how well we come together to bring them to fruition. But more often than not, we end up dealing with people who come across as disagreeable, stubborn, or even obstructive. And emotions flare up. The only way to get things done is to step up to the plate . . . by stepping back from our emotions. Written by a te",Google Books,2026-08-30
Mindful Communication For Dealing With Difficult People,Andrew G. Brown,Andrew G. Brown,2020,,,170,Communication,communication|conversation,goleman,Self-Help,,https://play.google.com/store/books/details?id=BCroDwAAQBAJ&source=gbs_api,Are you one of those people who find it difficult to make a conversation with difficult individuals and cope with their volatile and unreasonable behavior in important situations in life? Have you always been awed at the sight of some people who could talk comfortably with the most unpredictable people in the most problematic situations? Look no further than this masterfully created tome that contains everything you need to know about developing an extraordinary conversational intelligence that ,Google Books,2026-08-30
What I Mean to Say,Ian Williams,House of Anansi,2024,,,250,Communication,communication|listening|conversation,none,Social Science,9781487013820,https://play.google.com/store/books/details?id=IUEgEQAAQBAJ&source=gbs_api,"Enough small talk. Let’s get right to it: Why can’t we talk to each other anymore? What makes good communication? And how do we restore the lost art of conversation? In contemporary society, much of our communication exists in a new dimension, the online space, and it’s changing how we regard each other and how we converse. In the digital realm, we can be anonymous, we can make false and hurtful comments yet evade consequences in a hurried scroll of clicks and swipes. But a good conversation tak",Google Books,2026-08-30
Master the Art of Crucial and Difficult Conversations,Naveed Ahmed Hussain,Publishdrive,2025,,,0,Relationship Management,feedback|relationship,none,Business & Economics,9798900709215,http://books.google.com/books?id=L9SZ0QEACAAJ&dq=crucial+conversations+difficult&hl=&as_pt=BOOKS&source=gbs_api,"In our fast-paced world, conversations can be challenging, especially when emotions are high or the stakes are personal. Master the Art of Crucial and Difficult Conversations is here to transform the way you handle these essential interactions, whether they happen in personal relationships, professional settings, or social gatherings. Why This Book is Important This book addresses an essential skill we all need but often avoid: navigating difficult conversations with confidence and empathy. Thes",Google Books,2026-08-30
"Conversation, Containing Thoroughly Practical Suggestions on the Important Subject of what to Say, and Just how and when to Say it",John Pentland Mahaffy,,1908,,,166,Communication,conversation,none,Conversation,,https://play.google.com/store/books/details?id=1yEVAAAAYAAJ&source=gbs_api,,Google Books,2026-08-30
Crucial Conversations ...in 30 Minutes - The Expert Guide to Kerry Patterson's Critically Acclaimed Book,The 30 Minute Expert Series,Garamond Press,2013,,,48,Communication,communication|difficult-conversations|crucial-conversations|presentation,none,Business & Economics,9781623151799,http://books.google.com/books?id=g78gnQEACAAJ&dq=crucial+conversations+difficult&hl=&as_pt=BOOKS&source=gbs_api,"Crucial Conversations-a revolutionary best seller on communication when stakes are high. Crucial Conversations ...in 30 minutes is the essential guide to quickly understanding the important lessons outlined in the best-selling book, Crucial Conversations. Understand the key ideas of Crucial Conversations in a fraction of the time, using this guide's: Concise synopsis, which examines the principles of Crucial Conversations In-depth analysis of key concepts, such as ""Healthy Dialogue,"" ""Creating M",Google Books,2026-08-30
"Negotiate, Influence, Persuade (Updated Edition)",Michael Yardney,,2022,,,0,Relationship Management,influence|persuasion,none,Influence (Psychology),9781922810120,http://books.google.com/books?id=ESU6zwEACAAJ&dq=negotiation+persuasion+influence&hl=&as_pt=BOOKS&source=gbs_api,"Life is one negotiation after another, at home, at work, with family, with customers. Understanding the principles of negotiation, influence and persuasion will help readers get the best deal every time-- whether they are buying or selling. While plenty of books teach sales and negotiation techniques, this one explains the fundamentals and the psychology behind why these techniques work and how to use them most effectively. It's more than just a book about negotiation. It's about persuasion and ",Google Books,2026-08-30
"The Art of Persuasion, Influence and Negotiation Skills for Success",Kelly Miller,,2023,,,0,Relationship Management,influence|persuasion|trust|relationship,goleman,,9798223522560,http://books.google.com/books?id=uSoH0AEACAAJ&dq=negotiation+persuasion+influence&hl=&as_pt=BOOKS&source=gbs_api,"In a world where effective persuasion and negotiation skills can make or break one's success, ""The Art of Persuasion: Influence and Negotiation Skills for Success"" serves as a comprehensive guide for individuals seeking to enhance their abilities in these critical areas. Drawing on years of experience and research, this book provides practical insights, strategies, and techniques that can empower readers to master the art of persuasion.The ability to influence others and negotiate successfully i",Google Books,2026-08-30
How to Win Every Negotiation,Godwin Elijah,Godwin Elijah,,,,159,Relationship Management,conflict-resolution|conflict-management|influence|persuasion,goleman,Business & Economics,,https://play.google.com/store/books/details?id=nzjcEQAAQBAJ&source=gbs_api,"How to Win Every Negotiation is the ultimate practical guide to mastering persuasion, influence, emotional intelligence, conflict resolution, deal-making, sales closing, salary negotiation, and high-stakes communication. Whether you're negotiating a business deal, asking for a raise, closing a sale, handling difficult people, resolving conflict, or simply trying to gain more influence in everyday conversations, the ability to negotiate effectively can change your career, finances, confidence, re",Google Books,2026-08-30
Leading for Health and Wellbeing,Vicki Taylor,Learning Matters,2012,,,225,Relationship Management,persuasion|leadership,none,Medical,9780857252913,https://play.google.com/store/books/details?id=HWqBdIz_29MC&source=gbs_api,"′Building on the core competences for public health, this book focuses on the key areas of leadership and collaborative working to improve health and wellbeing. Aimed at those undertaking Masters courses in public health and health promotion, (as well as those seeking to gain public health registration through the compilation and submission of a portfolio) this book focuses on leadership and collaborative working to improve health and wellbeing. Leadership, building alliances, developing capacit",Google Books,2026-08-30
The Power of Persuasion,Henrik Rodgers,Independently Published,2018,,,114,Communication,communication|storytelling|negotiation|body-language,none,,9781790333547,http://books.google.com/books?id=3E0lvwEACAAJ&dq=negotiation+persuasion+influence&hl=&as_pt=BOOKS&source=gbs_api,"Master the Art of Persuasion, Develop Rich Relationships, Influence Others to Do What You Want and Turbo-charge Your Career and Life! If you want to succeed in life or career; regardless of your industry, profession (not just marketing or sales profession), location, age, gender or any other aspect, you need to become more persuasive, you need to influence people to do what you want them to do. You cannot do it all on your own - you need people to leverage your efforts and get results faster. Pe",Google Books,2026-08-30
Strategic Commercial Management,David Lowe,Taylor & Francis,2025,,,221,Relationship Management,relationship,none,Business & Economics,9781040371374,https://play.google.com/store/books/details?id=2GyNEQAAQBAJ&source=gbs_api,Commercial acumen is a critical skill that underpins the realisation of successful and high-value trading relationships. This concise textbook provides knowledge of the principles of strategic commercial management together with a framework for critically understanding commercial practice within and between organisations. It also examines relevant commercial management best practice and aids the development of the intellectual skills to communicate the rationale behind the strategic commercial d,Google Books,2026-08-30
100 Effective Persuasion Techniques: Improve Your Negotiation Skills and Influence Others,Helen Glasgow,Createspace Independent Publishing Platform,2017,,,80,Relationship Management,influence|persuasion|relationship,none,,9781544670614,http://books.google.com/books?id=UkbnAQAACAAJ&dq=negotiation+persuasion+influence&hl=&as_pt=BOOKS&source=gbs_api,"100 Effective Persuasion Techniques: Improve your negotiation skills and influence others Powerful tools All in One Book. This clear, concise, and effective guide will improve your negotiation skills and help you influence others as you ""climb up the ladder"" of career success! You will learn how to use persuasive speech, body language and savvy negotiation skills that will support you at every level of your career, from entry level positions to Chairman of the Board. When you learn how to manipu",Google Books,2026-08-30
Soft Skills for Engineers & Professionals,"Dr. Vipin Kumar Tyagi,, Dr Babita Tyagi",Blue Rose Publishers,2022,,,233,Uncategorised,,none,Young Adult Nonfiction,,https://play.google.com/store/books/details?id=b5KGEAAAQBAJ&source=gbs_api,"This book is designed with a clear objective to identify the need of the present generation and empower them with the right set of skills, nuances & modes of Speech Delivery to make them employable. Authors are of the view that there is a distinct mismatch between the economy and skills of the graduates, calling for the immediate partnership of academia and industry to fill this vacuum of soft skills in young graduates leading to poor employability. As a result, students have good theoretical kn",Google Books,2026-08-30
Proceedings of the 1987 Academy of Marketing Science (AMS) Annual Conference,"Jon M. Hawes, George B. Glisan",Springer,2015,,,562,Communication,presentation,none,Business & Economics,9783319170527,https://play.google.com/store/books/details?id=b2F1CQAAQBAJ&source=gbs_api,"This volume includes the full proceedings from the 1987 Academy of Marketing Science (AMS) Annual Conference held in Bal Harbour, Florida. It provides a variety of quality research in the fields of marketing theory and practice in areas such as consumer behaviour, marketing management, marketing education, and international marketing, among others. Founded in 1971, the Academy of Marketing Science is an international organization dedicated to promoting timely explorations of phenomena related to",Google Books,2026-08-30
Interdisciplinary Human Nature Studies,Pradeep Kumar,Educohack Press,2026,,,195,Thinking & Deciding,ethics|logic,none,Psychology,9789361527968,https://play.google.com/store/books/details?id=vYjzEQAAQBAJ&source=gbs_api,"Interdisciplinary Human Nature Studies offers comprehensive examination of human nature through integrated perspectives from psychology, philosophy, biology, anthropology, and ethics. The text begins with historical and philosophical foundations, encouraging critical reflection on fundamental questions about human essence, consciousness, morality, and social nature. Through interdisciplinary synthesis, the material demonstrates how multiple scholarly traditions illuminate different facets of hum",Google Books,2026-08-30
The Power of Persuasion,Henrik Rodgers,Independently Published,2019,,,114,Communication,communication|storytelling|negotiation|body-language,none,,9781073098156,http://books.google.com/books?id=3OOxxgEACAAJ&dq=negotiation+persuasion+influence&hl=&as_pt=BOOKS&source=gbs_api,"Master the Art of Persuasion, Develop Rich Relationships, Influence Others to Do What You Want and Turbo-charge Your Career and Life! If you want to succeed in life or career; regardless of your industry, profession (not just marketing or sales profession), location, age, gender or any other aspect, you need to become more persuasive, you need to influence people. You cannot do it all on your own - you need people to leverage your efforts and get results faster. Persuasion is not merely for mark",Google Books,2026-08-30
The Negotiation Sourcebook,"Ira Asherman, Sandy Asherman",,1990,,,452,Communication,negotiation,none,Language Arts & Disciplines,,http://books.google.com/books?id=0vwJAQAAMAAJ&dq=negotiation+persuasion+influence&hl=&as_pt=BOOKS&source=gbs_api,,Google Books,2026-08-30
On the Manner of Negotiating with Princes,"Callières (Monsieur de, François)",,1919,,,174,Uncategorised,,none,Ambassadors,,https://play.google.com/store/books/details?id=P9eYiPxwXPYC&source=gbs_api,,Google Books,2026-08-30
EN–MY Daily Conversation Toolkit,Angelina Bianca De Leon,Angelina Bianca De Leon,2026,,,141,Communication,communication|storytelling|negotiation|body-language,none,Language Study,,https://play.google.com/store/books/details?id=dsbbEQAAQBAJ&source=gbs_api,"In a world increasingly shaped by globalization and multicultural exchange, the ability to communicate effectively across linguistic and cultural boundaries is a vital skill. Nowhere is this more true than in the vibrant, pluralistic environments where English and Malay intersect—whether in bustling Malaysian cities, serene Bruneian villages, dynamic Singaporean neighborhoods, or global professional circles where both languages circulate with fluency and pride. This book, EN–MY Daily Conversatio",Google Books,2026-08-30
Impact of Third-party Payors on Collective Bargaining in the Health Care Industry,George W. Bohlander,"University of California, Institute of Industrial Relations",1980,,,118,Uncategorised,,none,Medical,,http://books.google.com/books?id=0CVIcrjJ28EC&dq=negotiation+persuasion+influence&hl=&as_pt=BOOKS&source=gbs_api,,Google Books,2026-08-30
THE NEGOTIATION ADVANTAGE,Brian Smith,Kelly Matty Publishing,,,,223,Communication,communication|negotiation|difficult-conversations|conversation,none,Business & Economics,,https://play.google.com/store/books/details?id=wITgEQAAQBAJ&source=gbs_api,"Do you struggle to ask for what you want, speak up in difficult conversations, or negotiate without feeling nervous, guilty, or unsure of yourself? Whether you are asking for a raise, discussing a business deal, handling a difficult client, setting boundaries, resolving conflict, or trying to reach a fair agreement, negotiation is a skill you use every day. Yet many people avoid it because they fear rejection, conflict, looking greedy, or saying the wrong thing. As a result, they accept less tha",Google Books,2026-08-30
Persuade,"Andres Lares, Jeff Cochran, Shaun Digan",John Wiley & Sons,2021,,,261,Relationship Management,influence|persuasion,none,Business & Economics,9781119778516,http://books.google.com/books?id=NxkvEAAAQBAJ&dq=negotiation+persuasion+influence&hl=&as_pt=BOOKS&source=gbs_api,"Transform your ability to persuade and negotiate with this practical new resource In Persuade: The 4-Step Process to Influence People and Decisions, accomplished sales, negotiation, and influence experts Andres Lares, Jeff Cochran, and Shaun Digan PhD deliver a concise and insightful take on how to transform your ability to persuade others regardless of the setting. In this important book you'll discover: Original research and scientific studies shedding light on the human decision-making proces",Google Books,2026-08-30
Communication Problem Solving,"Ian McCall, John A. Cousins",Wiley,1990,,,272,Social Awareness,diversity,none,Business & Economics,9780471920267,http://books.google.com/books?id=ru0qu1BClCcC&dq=negotiation+persuasion+influence&hl=&as_pt=BOOKS&source=gbs_api,"Today's organizations and corporations often encompass several different and somewhat independent branches, departments and specialized activities, employing a diversity of people. The coordination of all of the areas is essential to the success of an organization. Shows how to communicate effectively with people on whom managers rely but over whom they may exercise no authority. The problems of communicating within a superior-subordinate relationship and communicating laterally are addressed, a",Google Books,2026-08-30
Instructor's manual for huber leadership and nursing care management,"Diane G. Huber, Jean Nagelkerk",W.B. Saunders Company,1996,,,212,Relationship Management,leadership,none,Medical,9780721665146,http://books.google.com/books?id=bnrlVp8ShywC&dq=negotiation+persuasion+influence&hl=&as_pt=BOOKS&source=gbs_api,,Google Books,2026-08-30
Storytelling in Business,Janis Forman,Stanford University Press,2013,,,305,Communication,communication|storytelling,none,Business & Economics,9780804784955,https://play.google.com/store/books/details?id=emPoR4aI1ocC&source=gbs_api,"Storytelling can be a lifelong and life sustaining habit of mind, a personal inheritance that connects us to our communities. It can also serve as an organizational inheritance—a management tool that helps businesses to develop and thrive. For more than a decade, award-winning author Janis Forman has been helping executives to tell stories in service of their organizational objectives. In Storytelling in Business: The Authentic and Fluent Organization, she teaches readers everywhere how the craf",Google Books,2026-08-30
Business Storytelling For Dummies,"Karen Dietz, Lori L. Silverman",John Wiley & Sons,2013,,,391,Communication,communication|storytelling|presentation,none,Business & Economics,9781118730171,https://play.google.com/store/books/details?id=H3YqAgAAQBAJ&source=gbs_api,"Ready to hone your storytelling skills and craft a compelling business narrative? Professionals of all types -- marketing managers, sales reps, senior leaders, supervisors, creatives, account executives -- have to write. Whether you're writing an internal email or a social media post, a video script or a blog post, being able to tell a good story can help ensure your content resonates with your intended audience. Storytelling is an art, but there’s a method behind it that anyone can learn. Full ",Google Books,2026-08-30
Everyday Business Storytelling,"Janine Kurnoff, Lee Lazarus",John Wiley & Sons,2021,,,291,Communication,communication|storytelling|presentation|conversation,none,Business & Economics,9781119704690,https://play.google.com/store/books/details?id=vfIeEAAAQBAJ&source=gbs_api,"A practical, easy-to-use guide to transform business communications into memorable narratives that drive conversations—and your career—forward In Everyday Business Storytelling: Create, Simplify, and Adapt A Visual Narrative for Any Audience, visual communication and storytelling experts Janine Kurnoff and Lee Lazarus leverage decades of experience helping executives at the world's top brands—including Colgage-Palmolive, Nestlé, T-Mobile, Medtronic and Meta—bring clarity and meaning to their bus",Google Books,2026-08-30
Storytelling In Business,George Diamond,Youcanprint,2021,,,73,Communication,storytelling,none,Business & Economics,9791220366366,https://play.google.com/store/books/details?id=9FlXEAAAQBAJ&source=gbs_api,"You Are About To Discover How To Leverage The Power Of Storytelling To Get Customers To Want To Buy From You, Build Strong Customer Loyalty, Maximize Your Profits And Achieve Much More! Storytelling has been connecting serious brands around the world with serious customers for decades and through it, these businesses been enjoying an ever-increasing engagement, loyalty and profits. Think of the most popular brands around the world – when you look closely, they all have a story that make them res",Google Books,2026-08-30
Storytelling for Small Business,Margaret Rode,,2018,,,112,Relationship Management,relationship,none,,9780692186275,http://books.google.com/books?id=gnqyvAEACAAJ&dq=storytelling+business&hl=&as_pt=BOOKS&source=gbs_api,Storytelling for Small Business is a refreshing and friendly guide to using the power of story-sharing your own stories and inviting those of your audience-to attract and establish relationships with your ideal clients.,Google Books,2026-08-30
Business Storytelling: How To Leverage The Power Of Storytelling In Your Business,Obehi Ewanfoh ,Obehi Ewanfoh,,,,97,Relationship Management,influence,none,Performing Arts,,https://play.google.com/store/books/details?id=fz7BEAAAQBAJ&source=gbs_api,"Are you a small business owner or content creator looking to elevate your brand and stand out from the competition? Look no further than ""Business Storytelling: How To Leverage The Power Of Storytelling In Your Business"" is your best solution. In today's crowded market, it's essential to connect with your audience in a meaningful way. And that's where storytelling comes in. ""Business Storytelling"" is your go-to guide for creating compelling stories that will resonate with your customers, clients",Google Books,2026-08-30
The Leader's Guide to Storytelling,Stephen Denning,John Wiley & Sons,2011,,,373,Relationship Management,leadership,none,Business & Economics,9780470548677,http://books.google.com/books?id=1NA4DwAAQBAJ&dq=storytelling+business&hl=&as_pt=BOOKS&source=gbs_api,"How leaders can use the right story at the right time to inspire change and action This revised and updated edition of the best-selling book A Leader's Guide to Storytelling shows how storytelling is one of the few ways to handle the most important and difficult challenges of leadership: sparking action, getting people to work together, and leading people into the future. Using myriad illustrative examples and filled with how-to techniques, this book clearly explains how you can learn to tell th",Google Books,2026-08-30
Storytelling for Business,Rob Wozny,Practical Inspiration Publishing,2022,,,248,Communication,storytelling,none,Business & Economics,9781788603478,https://play.google.com/store/books/details?id=VWJkEAAAQBAJ&source=gbs_api,"** Business Book Awards 2023 Finalist ** ""Nothing connects people to engage emotionally with your business better than a well-told story – your story.” From mega-large corporations to tiny start-ups, every.... single.... business always has a story to tell. Before people choose to buy your product or service, or respond to a call to action, they need to understand how you will solve their problem or fulfil their needs. Storytelling for Business reveals why storytelling remains the most impactful",Google Books,2026-08-30
Everyday Business Storytelling,"Janine Kurnoff, Lee Lazarus",Wiley,2021,,,288,Communication,communication|storytelling|presentation|conversation,none,Business & Economics,9781119704676,http://books.google.com/books?id=QMKLzgEACAAJ&dq=storytelling+business&hl=&as_pt=BOOKS&source=gbs_api,"A practical, easy-to-use guide to transform business communications into memorable narratives that drive conversations—and your career—forward In Everyday Business Storytelling: Create, Simplify, and Adapt A Visual Narrative for Any Audience, visual communication and storytelling experts Janine Kurnoff and Lee Lazarus leverage decades of experience helping executives at the world's top brands—including Facebook, Nestle, Accenture, and Marriot—bring clarity and meaning to their business communica",Google Books,2026-08-30
How Business Storytelling Works,Sandeep Das,Penguin Random House India Private Limited,2023,,,285,Relationship Management,influence,none,Self-Help,9789354929656,http://books.google.com/books?id=wiTREAAAQBAJ&dq=storytelling+business&hl=&as_pt=BOOKS&source=gbs_api,"Why are you alive today and reading this book? How will you, a corporate professional, be relevant in the future? The #1 answer to both is storytelling. Business storytelling is the #1 skill you need to succeed in your professional lives amidst all the noise, competition and massive technological disruption. In this book, Sandeep looks at human evolution, behavioural psychology and the world of movies to identify the golden principles of storytelling. Whether you are a corporate professional, an",Google Books,2026-08-30
The Importance of Storytelling in Business,Léwis Verdun,Five Minutes Editions,2025,,,30,Relationship Management,persuasion|leadership,none,Business & Economics,9791043402425,https://play.google.com/store/books/details?id=_Bt0EQAAQBAJ&source=gbs_api,"What if a story-sharper than data and louder than ads-could add zeros to your bottom line ? The Importance of Storytelling in Business (collection Business Essentials) reveals how storytelling, business, marketing, brand, emotion, customer, sales, strategy, narrative and leadership intertwine to turn any pitch into measurable persuasion. From Domino's reputation-saving confession to Patagonia's planet-first crusade, this fast-paced guide shows you how to cast your customer as the hero, wield a n",Google Books,2026-08-30
Global Business in the Age of Destruction and Distraction,"Mahesh Joshi, Gaurav Rastogi, J. R. Klein",Oxford University Press,2022,,,220,Social Awareness,equity,none,Business & Economics,9780192662798,https://play.google.com/store/books/details?id=Kh14EAAAQBAJ&source=gbs_api,"When a crisis like a pandemic sweeps through societies, it upends critical structures in health, economics, socioeconomics, institutional cultures, communities, and everyday life. This book examines how a world already stressed by rampant change reacts to a global crisis. It draws on experts that foresee a growing economic inequality as the tech-savvy pull further ahead of those with less access to digital tools, training, or aptitude. Some anticipate big technology firms that will exploit their",Google Books,2026-08-30
The Ultimate Guide to Storytelling in Business,Samir Parikh,John Wiley & Sons,2024,,,239,Communication,storytelling|presentation,none,Business & Economics,9781394234585,https://play.google.com/store/books/details?id=NPj6EAAAQBAJ&source=gbs_api,"A one-stop shop for everything that you need to know about storytelling in business. How often have you had to deliver a pitch, convey a message or empower an audience with only one chance to get it right? Perhaps a job interview, an important sales presentation, or the announcement of major changes within your organization? Have you ever had a powerful idea that was never adopted because your peers didn’t recognize its value? Storytelling is mission-critical to the advancement of our careers an",Google Books,2026-08-30
Successful Storytelling for Business,"50minutes,",50Minutes.com,2017,,,30,Communication,communication|storytelling,none,Business & Economics,9782806269911,https://play.google.com/store/books/details?id=dHJgDgAAQBAJ&source=gbs_api,"Ready to take your career to the next level? Find out everything you need to know about effective storytelling with this practical guide. Storytelling is a skill that can dramatically improve both your personal and professional life. In contexts ranging from job searching to marketing, storytelling is the most effective way to portray your message and win people over. By following the information provided in this summary, you too will be able to construct a spellbinding narrative that will have ",Google Books,2026-08-30
ChatGPT Business Goldmines,Dr. Ope Banwo,Dr Ope Banwo,2024,,,259,Uncategorised,,none,Business & Economics,,https://play.google.com/store/books/details?id=YwPsEAAAQBAJ&source=gbs_api,"20 Profitable Businesses ANYONE Can Start, In 7 Days Or Less, Using ChatGPT, With No Money, And Zero Experience.",Google Books,2026-08-30
Stories for Work,Gabrielle Dolan,John Wiley & Sons,2017,,,192,Communication,storytelling,none,Business & Economics,9780730343288,https://play.google.com/store/books/details?id=cZkXDgAAQBAJ&source=gbs_api,"Learn the science and master the art of telling a great story Stories for Work walks you through the science of storytelling, revealing the secrets behind great storytellers and showing you how to master the art of storytelling in business. Stories hold a unique place in our psyche, and the right story at the right time can be a game-changer in business; whether tragedy, triumph, tension or transition, a good story can captivate the listener and help you achieve your goals. In this book, author ",Google Books,2026-08-30
"Powered by Storytelling: Excavate, Craft, and Present Stories to Transform Business Communication",Murray Nossel,McGraw Hill Professional,2018,,,255,Relationship Management,teamwork|collaboration|feedback,none,Business & Economics,9781260011913,http://books.google.com/books?id=Ha1TDwAAQBAJ&dq=storytelling+business&hl=&as_pt=BOOKS&source=gbs_api,"HARNESS THE UNIVERSAL POWER OF STORYTELLING TO IMPROVE ALL OF YOUR BUSINESS COMMUNICATIONS. What’s your story? It’s a question human beings have been asking each other since we first gathered around a campfire. Millennia later, this human need for storytelling hasn’t changed. We communicate most effectively through our personal stories—and our professional success depends on it. This groundbreaking guide shows you how to tap into the timeless power of storytelling to transform your business. Her",Google Books,2026-08-30
Stories That Stick,Kindra Hall,HarperCollins Leadership,2019,,,240,Communication,storytelling,none,Business & Economics,9781400211944,https://play.google.com/store/books/details?id=5C95DwAAQBAJ&source=gbs_api,"What stories do you need to tell, and how do you tell them? Stories That Stick provides a clear framework of ideals and a concise set of actions for you to take complete control of your own story, utilizing the principles behind the world’s most effective business storytelling strategies. Professional storyteller and nationally-known speaker Kindra Hall reveals the four unique stories you can use to differentiate, captivate, and elevate: The Value Story—convince customers they need what you prov",Google Books,2026-08-30
The Business of Storytelling,Don Yaeger,Simon and Schuster,2026,,,218,Self-Management,habits,none,Business & Economics,9798887509761,http://books.google.com/books?id=QXHXEQAAQBAJ&dq=storytelling+business&hl=&as_pt=BOOKS&source=gbs_api,"THE STORY IS THE STRATEGY Every leader, entrepreneur, and sales professional needs to persuade, inspire, and connect. The ones who do it best all share one skill: they know how to tell a great story. In The Business of Storytelling, thirteen-time New York Times bestselling author Don Yaeger delivers the definitive guide to storytelling as a business tool—practical, research-backed, and built from decades in the field. Key takeaways: Master the Four Universal Truths that govern every great story ",Google Books,2026-08-30
How to Develop an Active Listening Skillset: Q&A for Personal Growth,Visionary Toolkit,BookRix,2024,,,70,Communication,communication|listening|conversation,none,Self-Help,9783755491736,https://play.google.com/store/books/details?id=6uM3EQAAQBAJ&source=gbs_api,"""How to Develop an Active Listening Skillset"" is your guide to mastering the art of truly connecting with others. With clear answers to everyday questions, this book teaches practical techniques to understand people better, handle tough conversations, and strengthen relationships. Whether you're at work or in your personal life, the tips shared here will help make your interactions more meaningful. Packed with relatable examples and straightforward advice, How to Develop an Active Listening Skil",Google Books,2026-08-30
Active Listening Techniques,"Nixaly Leonardo, Lcsw",Rockridge Press,2020,,,,Communication,communication|listening|nonverbal,none,,9781647390648,http://books.google.com/books?id=xidbywEACAAJ&dq=active+listening+skills&hl=&as_pt=BOOKS&source=gbs_api,"30 Essential tools to sharpen your communication skills through active listening To listen actively is to listen with complete attention and an engaged mind and body. And while it may come naturally to some, it's also a skill that can be honed through practice. Active Listening Techniques will help you do just that, so you can ensure the people around you feel respected, understood, and heard--in the workplace and beyond. With 30 practical communication tools grounded in active listening, you'll",Google Books,2026-08-30
The Active Listener,Rodrigo Ortiz Crespo,Lulu.com,2011,,,106,Communication,communication|public-speaking|listening|speaking,none,Self-Help,9781446179963,http://books.google.com/books?id=RhR0AgAAQBAJ&dq=active+listening+skills&hl=&as_pt=BOOKS&source=gbs_api,"Success depends on effective communication. A good communicator dominates public speaking skills and active listening skills. Listening is the key ingredient of effective communication. Listening enables us to improve communication, increase our efficiency at work, develop leadership skills and strengthen relationships with family, partners and friends. Discover the active listening skills to reach success thanks to this book -The Active Listener-.",Google Books,2026-08-30
Active Listening Simplified,Chris Estrada,,2021,,,72,Communication,communication|listening,none,,9798728999195,http://books.google.com/books?id=uahizgEACAAJ&dq=active+listening+skills&hl=&as_pt=BOOKS&source=gbs_api,"Discover the Easy Way to Improve Your Listening Skills and Make Sure That You and the People Around You Feel Heard, Understood, and Respected! Did you know that people spend around 70% of their day engaged in some form of communication, and about 55% of their time is devoted to listening? One of the most crucial life skills to learn is how to communicate effectively. Good communication skills are beneficial in all facets of life, from work to personal life, and everything in between. For example",Google Books,2026-08-30
Active listening,Max Editorial,Editora Bibliomundi,2023,,,29,Communication,communication|listening|body-language,none,Self-Help,9781526032171,https://play.google.com/store/books/details?id=UwkLEAAAQBAJ&source=gbs_api,"LIGHTNING PROMOTION ””””””””””””””””””””””””””” >We can all recall situations where we have utterly failed to listen to what someone else is saying. For various reasons, we are simply not taking in anything useful. How many times have you been introduced to a person by name only to not know what their name is thirty seconds later?The reason this happens is because you have failed to actively listen. By italicizing the word “actively”, it might suggest that actively listening is different to plai",Google Books,2026-08-30
Active Listening,Oliver Hast,,2022,,,0,Communication,communication|listening|nonverbal,none,,9781774858288,http://books.google.com/books?id=cuZkzwEACAAJ&dq=active+listening+skills&hl=&as_pt=BOOKS&source=gbs_api,"The ESSENTIALS for listening are already within you - that is the basic belief expressed in this simple and practical book. Even without knowledge of the techniques of active listening, the reader will be brought to the realization that he/she possesses all that is needed for listening well. Listening is the forgotten communication skill, but arguably, the most significant. It is a crucial part of our ability to engage and communicate with others. Listening actively, however, takes this skillset",Google Books,2026-08-30
"Active Listening: Improve Your Ability to Listen and Lead, Second Edition",Center for Creative Leadership,Center for Creative Leadership,2019,,,38,Relationship Management,leadership|trust|relationship,none,Business & Economics,9781604919387,https://play.google.com/store/books/details?id=wr6tDwAAQBAJ&source=gbs_api,"Listening well is an essential component of good leadership. You can become a more effective listener and leader by learning the skills of active listening. Working relationships become more solid, based on trust, respect, and honesty. Active listening is not an optional component of leadership; it is not a nicety to be used to make others feel good. It is, in fact, a critical component of the tasks facing today’s leaders. In this new edition, we’ve added tips and advice dealing with virtual act",Google Books,2026-08-30
Active Listening,Joseph Sorensen,Joseph Sorensen,2019,,,0,Communication,communication|listening|speaking,none,,9781801187305,http://books.google.com/books?id=o_FbzwEACAAJ&dq=active+listening+skills&hl=&as_pt=BOOKS&source=gbs_api,"Are you looking to improve your skills in the areas of listening and speaking?Are you interested in building successful relationships in your personal and professional life and business? If your answer to any of these questions is to the affirmative, then this book is the perfect solution for you. Active Listening is for those looking for practical tools that they can incorporate that will help them improve on their skill levels in the areas of listening, speaking, and building of relationships.",Google Books,2026-08-30
The Art of Active Listening,Richard Banks,,2021,,,172,Communication,communication|listening|speaking,none,,9798985090420,http://books.google.com/books?id=4jWvzgEACAAJ&dq=active+listening+skills&hl=&as_pt=BOOKS&source=gbs_api,"Do you want to improve your relationships and productivity, all by simply changing your listening habits? Listening is the forgotten communication skill, but arguably, the most significant. It is a crucial part of our ability to engage and communicate with others. Listening actively, however, takes this skillset up a level. Almost everyone sincerely believes that they listen effectively; however, good listening skills are rare. Most of us have never been taught the habits that would make us effe",Google Books,2026-08-30
Practicing Active Listening: Techniques for Improving Your Listening Skills to Enhance Communication,Namaskar Books,Namaskar Books,2024,,,10,Relationship Management,conflict-resolution|collaboration|leadership|feedback,goleman,Self-Help,,https://play.google.com/store/books/details?id=tZ0xEQAAQBAJ&source=gbs_api,"Welcome to """"Practicing Active Listening: Techniques for Improving Your Listening Skills to Enhance Communication,"""" a transformative guide designed to help you master the art of active listening. Whether you're seeking to strengthen personal relationships, excel in your career, or simply become a better communicator, this book offers the essential tools to elevate your listening skills and deepen your connections with others. Active listening is more than just hearing words—it's about truly und",Google Books,2026-08-30
Building Active Listening Skills,Judi Brownell,Prentice Hall,1986,,,348,Social Awareness,active-listening,none,Psychology,,http://books.google.com/books?id=EYVOAAAAYAAJ&dq=active+listening+skills&hl=&as_pt=BOOKS&source=gbs_api,,Google Books,2026-08-30
Active Listening,"Center for Creative Leadership (CCL), Michael H. Hoppe",John Wiley & Sons,2011,,,32,Social Awareness,active-listening,none,Business & Economics,9781118155325,http://books.google.com/books?id=majIoN1cEI8C&dq=active+listening+skills&hl=&as_pt=BOOKS&source=gbs_api,"Active listening is a person’s willingness and ability to hear and understand. At its core, active listening is a state of mind that involves paying full and careful attention to the other person, avoiding premature judgment, reflecting understanding, clarifying information, summarizing, and sharing. By learning and committing to the skills and behaviors of active listening, leaders can become more effective listeners and, over time, improve their ability to lead.",Google Books,2026-08-30
Listening Skills Training,Cole McBride,Cole McBride,,,,76,Communication,listening|conversation,none,Self-Help,,https://play.google.com/store/books/details?id=ddNmEQAAQBAJ&source=gbs_api,"Make People Feel Special and Heard with Effective Listening Techniques We've all been in a conversation where we feel like the other person isn't really listening to us. They're just waiting for their turn to talk. When we don't feel heard, it's easy for us to get defensive or shut down. This can lead to arguments and misunderstandings. You want to make sure that you're giving the other person the space they need to talk, but you also don't want the conversation to die out. Finding the perfect b",Google Books,2026-08-30
Listening,Christian Olsen,Createspace Independent Publishing Platform,2016,,,38,Communication,communication|listening|body-language|conversation,none,,9781523907618,http://books.google.com/books?id=n3CxjwEACAAJ&dq=active+listening+skills&hl=&as_pt=BOOKS&source=gbs_api,"Become better at communicating by enhancing your listening skills. Do you listen to others... Yes? No, I mean, do you REALLY listen to others? If there is room for improvement, then pick up this relatively low-priced book and become more loved in relationships, by coworkers, or become more effective at what you do and how much information you absorb. This book talks about passive listening, active listening, tips to improve, and thoughts that will help you show more interest in others, something",Google Books,2026-08-30
How to Improve Listening Skills:,Jonathan K. Hari,epubli,2025,,,75,Communication,communication|listening|conversation,none,Business & Economics,9783819741470,https://play.google.com/store/books/details?id=PbxnEQAAQBAJ&source=gbs_api,"Master the Art of Listening for Stronger Connections and Success In a world full of distractions, truly listening is a rare skill—one that can transform your relationships, career, and personal growth. This book is your ultimate guide to mastering active listening, helping you connect on a deeper level and communicate with clarity, empathy, and understanding. Inside This Book, You'll Discover: The Difference Between Hearing and Listening Common Barriers to Effective Listening The Psychology of A",Google Books,2026-08-30
How to Improve Your Listening Skills - Effective Strategies for Enhancing Your Active Listening Skills,Meir Liraz,Independently Published,2019,,,26,Communication,communication|listening,none,Business & Economics,9781090104687,http://books.google.com/books?id=qfZOwwEACAAJ&dq=active+listening+skills&hl=&as_pt=BOOKS&source=gbs_api,"Most of us are acquainted with the old riddle that goes: ""If a tree falls in the forest, and no one is in the area to hear it, does it make a noise?"" From a communication point of view, the answer must be a definite ""No."" Even though there are sound waves, there is no sound because no one perceives it. For communication to take place, there must be both a sender and a receiver. This guide is focused on the receiver - the one who provides feedback to the sender. Most people spend roughly 70% of t",Google Books,2026-08-30
Active Listening,Michael Sanders,,2020,,,126,Social Awareness,active-listening,none,Self-Help,9781801255455,http://books.google.com/books?id=5qcezgEACAAJ&dq=active+listening+skills&hl=&as_pt=BOOKS&source=gbs_api,,Google Books,2026-08-30
Listening,Christian Olsen,Vincent Noot,2019,,,34,Social Awareness,active-listening,none,Self-Help,9788832521054,https://play.google.com/store/books/details?id=uMGIDwAAQBAJ&source=gbs_api,"Become better at communicating by enhancing your listening skills. Do you listen to others? Yes? No, I mean, do you really listen to others? If there is room for improvement, then download this relatively low-priced book and become more loved in relationships and by co-workers, or become more effective at what you do and how much information you absorb. This book talks about passive listening, active listening, tips to improve, and thoughts that will help you show more interest in others, someth",Google Books,2026-08-30
Developing Listening Skills,"Debra J. Housel, Debra J. HOUSEL",Teacher Created Resources,2001,,,162,Communication,listening,none,Education,9781576906552,http://books.google.com/books?id=cwbIiSpH8aQC&dq=active+listening+skills&hl=&as_pt=BOOKS&source=gbs_api,,Google Books,2026-08-30
Active Listening Skills for Beginners,RUBY. ALDRIDGE,Little Big Giant,2025,,,0,Thinking & Deciding,problem-solving|decision-making|judgment,none,Self-Help,9798295528101,http://books.google.com/books?id=vRfZ0QEACAAJ&dq=active+listening+skills&hl=&as_pt=BOOKS&source=gbs_api,"This book introduces A/B testing in clear, practical terms for adult readers who want to understand how online experiments drive better decisions in business, product design, and everyday problem solving. Using straightforward examples, it explains how small, controlled changes can answer real questions-such as which headline performs better, which layout increases sign-ups, or which feature improves retention. The focus is on building sound judgment, data literacy, and evidence-based decision m",Google Books,2026-08-30
Critical Thinking Skills,David McKay,,2020,,,134,Thinking & Deciding,critical-thinking|logic,none,,9783949231001,http://books.google.com/books?id=GlQKzgEACAAJ&dq=critical+thinking+problem+solving&hl=&as_pt=BOOKS&source=gbs_api,"Do you struggle when you are faced with an unexpected problem? Does a sudden struggle send shivers running up your spine? If so, keep reading because this book could be for you. Critical thinking is an important skill in today's society. You need to think critically if you hope to have any interactions that are meaningful to others. You need to think critically if you wish to be successful in your career line. You need to think critically if you need to solve any problems that you face in your g",Google Books,2026-08-30
"Beginners Guide to Critical Thinking and Problem Solving: Become a Better Critical Thinker & Problem Solver, by Using Secret Tools & Techniques That Will Boost These Skills & Your Decision Making Now!",Pamela Hughes	,Pamela Hughes,,,,110,Thinking & Deciding,critical-thinking|creativity|problem-solving,none,Philosophy,,https://play.google.com/store/books/details?id=1OELEAAAQBAJ&source=gbs_api,"Master Critical Thinking & Problem Solving for Better Decisions—A Guide for Beginners Are you ready to enhance your critical thinking and problem-solving skills? Discover the secret tools and techniques in the ""Beginners Guide to Critical Thinking and Problem Solving"" designed to help you make informed decisions and navigate complex situations with confidence! In today’s fast-paced world, the ability to think critically and solve problems effectively is more valuable than ever. Whether you're se",Google Books,2026-08-30
Critical Thinking And Problem Solving,Carl Patterson,,2020,,,0,Thinking & Deciding,critical-thinking|problem-solving|decision-making,none,,9781914134449,http://books.google.com/books?id=CxtxzwEACAAJ&dq=critical+thinking+problem+solving&hl=&as_pt=BOOKS&source=gbs_api,"Is your life in the right direction? Are you in control of your destiny? How our lives go depends on how we think? Shoddy thinking usually creates more problems that you don't anticipate. On the other hand, critical thinking is like an avenue for endless possibilities. We use it in managing businesses, budgeting, deciding whether to proceed with plans or not, and even in simple things like knowing the appropriate words to say in a particular situation. Critical thinking brings about excellent re",Google Books,2026-08-30
Problem Solving,Thomas Richards,Createspace Independent Publishing Platform,2015,,,64,Thinking & Deciding,creative-thinking|creativity|problem-solving,none,,9781508915393,http://books.google.com/books?id=O75SrgEACAAJ&dq=critical+thinking+problem+solving&hl=&as_pt=BOOKS&source=gbs_api,Do You Want to Improve Your Problem Solving and Creative Thinking? Do you struggle with solving problems? Would you want to improve your creativity? We have studied some of the best problem solver and creative thinking in the world. Inside we share with you some of their techniques and strategies when it comes to attacking any problems that you may have. After reading this book you will have the tools that will help you solve problems successfully.,Google Books,2026-08-30
Critical Thinking,Scott Lovell,,2020,,,70,Thinking & Deciding,critical-thinking|bias|cognitive,none,Self-Help,9781647483883,http://books.google.com/books?id=4oU9zQEACAAJ&dq=critical+thinking+problem+solving&hl=&as_pt=BOOKS&source=gbs_api,"Critical thinking skills are essential in the new knowledge economy. Jobs require increasing demands of flexible intellectual skills, and the ability to analyze information and integrate diverse sources of knowledge in solving problems. You may even fall victim to several cognitive biases... without even realizing.",Google Books,2026-08-30
How to Solve Problems with Critical Thinking: A Complete Guide for Students ( New Edition ),Ranjot Singh Chahal,SparkWrite Press,2026,,,220,Thinking & Deciding,critical-thinking|problem-solving|decision-making|analytical,none,Education,,https://play.google.com/store/books/details?id=Foy5EQAAQBAJ&source=gbs_api,"How to Solve Problems with Critical Thinking: A Complete Guide for Students ( New Edition ) is a practical and academically grounded guide created to help learners tackle challenges with clarity, logic, and confidence. In an age flooded with information, opinions, and distractions, students need more than memorized facts—they need the ability to question ideas, evaluate evidence, and reason effectively. This book focuses on developing those essential thinking skills that lead to smarter decision",Google Books,2026-08-30
Logitica: Improve Your Critical Thinking and Problem Solving Skills: The Brain Behind the Brain,Neelabh Kumar,,2019,,,330,Thinking & Deciding,critical-thinking|problem-solving|analytical|logic,none,Mathematics,9781793423832,http://books.google.com/books?id=b7YQwQEACAAJ&dq=critical+thinking+problem+solving&hl=&as_pt=BOOKS&source=gbs_api,"Attention: Parents and KIDS: Learn faster in school and life and also retain more of what you learn. This book is a perfect gift for your kids (secondary school and beyond) for improving their Cognitive abilities. Read further below to know the real benefits of reading each chapters in Logitica. Logitica created by an author, who memorized first 1500 digits of Pi (π) and now is ranked among the top 150 on the Pi World Ranking List. LOGITICA stimulates brainpower and can be considered ""The Brain ",Google Books,2026-08-30
Critical Thinking Skills For Beginners,Kid Montoya,,2023,,,0,Thinking & Deciding,critical-thinking|problem-solving|decision-making|logic,none,,9798223293040,http://books.google.com/books?id=5A4o0AEACAAJ&dq=critical+thinking+problem+solving&hl=&as_pt=BOOKS&source=gbs_api,"Critical Thinking Skills For Beginners: The Complete Guide To Critical Thinking, Problem Solving, Decision Making, Better Thinking And Logical Reasoning Have you ever considered how much better your life would be if you had stronger mental skills? Do you think your current thought processes are as effective as they could be? Do you struggle to resolve disputes and other issues in your daily life and at work? You will undoubtedly encounter challenges, discomfort, agony, and wasted time and effort",Google Books,2026-08-30
Critical Thinking Secrets,Kevin Rhodes,,2019,,,232,Thinking & Deciding,critical-thinking|problem-solving|decision-making|bias,none,Self-Help,9781999188368,http://books.google.com/books?id=N3NMxwEACAAJ&dq=critical+thinking+problem+solving&hl=&as_pt=BOOKS&source=gbs_api,"If you want to learn how to develop your Critical Thinking skills and stop yourself making terrible decisions or letting emotions getting the better of you then keep reading... Do you want to finally know the proven way to sharpen your thinking skills? Do you want to learn how to make the best decision every time? Do you want to learn how to stop your emotions and biases clouding your thinking and judgements? We've all been there. Someone asks us even a simple question at times, and we just can'",Google Books,2026-08-30
Master Critical Thinking,Henrik Rodgers,,2019,,,134,Thinking & Deciding,critical-thinking|problem-solving|decision-making|analytical,none,Business & Economics,9781797938608,http://books.google.com/books?id=Q--YwgEACAAJ&dq=critical+thinking+problem+solving&hl=&as_pt=BOOKS&source=gbs_api,"Avoid Sloppy Thinking, Do Thorough Analysis, Improve Your Logic and Arguments and Make Smarter Decisions If you've often struggled in developing deeper thinking and analytical skills; If you're guilty of making decisions based on your gut and regretted later, if you have always wondered if there is some easy to learn step-by-step framework to master critical thinking, then keep reading! Yes, you are about to uncover the secrets of how intelligent thinkers develop this important cognitive skills ",Google Books,2026-08-30
Creative Thinking and Problem Solving for Young Learners,"Jerry D. Flack, Karen Meador",Bloomsbury Publishing USA,1997,,,182,Thinking & Deciding,creative-thinking|creativity|problem-solving,none,Language Arts & Disciplines,9780313079405,https://play.google.com/store/books/details?id=_OTEEAAAQBAJ&source=gbs_api,"Can creativity be taught? Absolutely! And Meador shows you exactly how to nourish creativity and problem-solving abilities in your students. After presenting valid models of creative thinkers appearing in outstanding children's literature, she offers a variety of activities you can use to develop creative processes through fluency, flexibility, and originality. In addition, there are lists for further reading and guidelines for adapting lessons. Grades K-4 (adaptable to other grades).",Google Books,2026-08-30
Lessons Learned,"Spencer Beatty, Mark Gerecht",,2021,,,0,Uncategorised,,none,,9781940370361,http://books.google.com/books?id=6wC30AEACAAJ&dq=critical+thinking+problem+solving&hl=&as_pt=BOOKS&source=gbs_api,,Google Books,2026-08-30
Critical Thinking Problem Solving,"Joy Hayes, Marion M. Sebastian",,1989,,,,Thinking & Deciding,critical-thinking|problem-solving,none,Creative ability in children,,http://books.google.com/books?id=5GeCzQEACAAJ&dq=critical+thinking+problem+solving&hl=&as_pt=BOOKS&source=gbs_api,,Google Books,2026-08-30
Critical Thinking and Problem Solving,,,1998,,,372,Thinking & Deciding,critical-thinking|problem-solving,none,Education,,http://books.google.com/books?id=jWXWAAAAMAAJ&dq=critical+thinking+problem+solving&hl=&as_pt=BOOKS&source=gbs_api,,Google Books,2026-08-30
Problem Solving Through Critical Thinking,"Ronald R. Edwards, Wanda D. Cook",Cuisenaire Company,1990,,,48,Thinking & Deciding,critical-thinking|problem-solving,none,Critical thinking,9780938587132,http://books.google.com/books?id=ypdFAAAACAAJ&dq=critical+thinking+problem+solving&hl=&as_pt=BOOKS&source=gbs_api,,Google Books,2026-08-30
Think Smarter,Michael Kallet,John Wiley & Sons,2014,,,249,Thinking & Deciding,critical-thinking|problem-solving|decision-making,none,Business & Economics,9781118871256,https://play.google.com/store/books/details?id=DMoiAwAAQBAJ&source=gbs_api,"Train your brain for better decisions, problem solving, and innovation Think Smarter: Critical Thinking to Improve Problem-Solving and Decision-Making Skills is the comprehensive guide to training your brain to do more for you. Written by a critical thinking trainer and coach, the book presents a pragmatic set of tools to apply critical thinking techniques to everyday business issues. Think Smarter is filled with real world examples that demonstrate how the tools work in action, in addition to d",Google Books,2026-08-30
10-Minute Critical-Thinking Activities for Math,Hope Martin,Walch Publishing,1998,,,80,Thinking & Deciding,critical-thinking,none,Juvenile Nonfiction,9780825138164,http://books.google.com/books?id=OyOOmxZgMAMC&dq=critical+thinking+problem+solving&hl=&as_pt=BOOKS&source=gbs_api,"Encourage students to use critical thinking skills to evaluate, then solve, a variety of math enrichment problems. Topics include number theory, geometry, mathematical reasoning, sequencing and patterning, order of operations, algebra, spatial visualization, transformations, and more. Includes many open-ended and non-traditoinal problems to boost brain power in math.",Google Books,2026-08-30
Critical Thinking Skills,Garland P Brackins,Han Global Trading Pte Limited,2020,,,102,Thinking & Deciding,critical-thinking|problem-solving,none,,9781702916264,http://books.google.com/books?id=UM4GzgEACAAJ&dq=critical+thinking+problem+solving&hl=&as_pt=BOOKS&source=gbs_api,"Is It Always A Disaster When It Comes To Problem Solving? Finding hard to think right in important situationsDoes your job require lots of thinking?Always regret making the wrong decisions?Discover what is critical thinking? Through emotional techniques, critical thinking, mind mapping, and digging for the root of the problem, you can increase your happiness, enjoyment, contentment, and reduce the amount of problems that you find overwhelming. Getting overwhelmed is a common source of stress and",Google Books,2026-08-30
Problem Solving and Critical Thinking for Computer Science Educators,"Cathleen A. Norris, James L. Poirot",,1991,,,82,Thinking & Deciding,critical-thinking|problem-solving,none,Computer literacy,,http://books.google.com/books?id=1_oZAQAAMAAJ&dq=critical+thinking+problem+solving&hl=&as_pt=BOOKS&source=gbs_api,The eight papers presented in this monograph are a result of the Problem Solving and Critical Thinking Research Workshop that was held in conjunction with the 1990 National Educational Computing Conference (NECC). The intent of the workshop was to provide a unique forum for researchers to share ideas in a special area of educational computing. The monograph provides an overview of the general issues of problem solving and critical thinking in education as well as specialized areas of interest in,Google Books,2026-08-30
Ethical Decision Making for the 21st Century Counselor,"Donna S. Sheperis, Stacy Henning Churovich",Cognella Academic Publishing,2024,,,0,Thinking & Deciding,decision-making,none,,9798823343534,http://books.google.com/books?id=0OSm0QEACAAJ&dq=decision+making+ethics&hl=&as_pt=BOOKS&source=gbs_api,"Ethical practice is an essential aspect of counselor training. In order for counselors to work effectively with clients, they must be well versed in ethical codes, ethical decision making, and legal issues impacting the profession. The second edition of Ethical Decision Making for the 21st Century Counselor provides the fundamentals of ethical practice, with emphasis on ethical decision making and is structured to facilitate the development of these skills. The authors move readers through a dev",Google Books,2026-08-30
Ethical Decision Making: Introduction to Cases and Concepts in Ethics,Lisa Newton,Springer Science & Business Media,2014,,,66,Thinking & Deciding,decision-making|ethics,none,Philosophy,9783319001678,https://play.google.com/store/books/details?id=ynK8BAAAQBAJ&source=gbs_api,"This short introduction to the discipline of Ethics in its practical and professional applications teaches, in simplest form, the discipline's vocabulary and forms of reasoning. It includes illustrative cases, clear explanations of philosophical terminology, and presents decision procedures appropriate to a hierarchy of cases. It is meant to be a foundation for elementary work in Ethics.​",Google Books,2026-08-30
Ethical Decision Making in Nursing and Health Care,"James H. Husted, Gladys Husted",Springer Publishing Company,2007,,,352,Thinking & Deciding,decision-making|ethics,none,Medical,9780826114518,https://play.google.com/store/books/details?id=__77LvmYUB4C&source=gbs_api,"Named a 2013 Doody's Core Title! ""This book provides a systematic approach to bioethical decision making, a process that can help clarify situations where right and wrong are not clearly definedÖ.This should be a valuable book for ethics and theory courses."" Score: 100, 5 stars --Doody's Husted and Husted's classic nursing ethics text provides a systematic approach to bioethical decision making that can help clarify situations where ""right"" and ""wrong"" are not clearly defined. Based on the inter",Google Books,2026-08-30
Business Ethics,O. C. Ferrell,,1990,,,196,Thinking & Deciding,ethics,none,Business & Economics,9780395554227,http://books.google.com/books?id=cbs9ABQOJ7gC&dq=decision+making+ethics&hl=&as_pt=BOOKS&source=gbs_api,,Google Books,2026-08-30
Business Ethics,Mark S. Schwartz,John Wiley & Sons,2017,,,336,Thinking & Deciding,decision-making|ethics|logic,none,Business & Economics,9781118393444,http://books.google.com/books?id=eiUtDgAAQBAJ&dq=decision+making+ethics&hl=&as_pt=BOOKS&source=gbs_api,"Business Ethics: An Ethical Decision-Making Approach presents a practical decision-making framework to aid in the identification, understanding, and resolution of complex ethical dilemmas in the workplace. Focuses exclusively on three basic aspects of ethical decision making and behavior—how it actually takes place, how it should take place, and how it can be improved Uses real-life examples of moral temptations and personal ethical dilemmas faced by employees and managers Discusses the biases, ",Google Books,2026-08-30
Business Ethics,"O. C. Ferrell, John Fraedrich, Linda Ferrell",,2021,,,592,Thinking & Deciding,ethics,none,Business ethics,9780357513446,http://books.google.com/books?id=I7UTzwEACAAJ&dq=decision+making+ethics&hl=&as_pt=BOOKS&source=gbs_api,,Google Books,2026-08-30
The Ethics of Shared Decision Making,John D. Lantos,Oxford University Press,2021,,,217,Thinking & Deciding,decision-making|ethics,none,Medical,9780197598573,http://books.google.com/books?id=nXo_EAAAQBAJ&dq=decision+making+ethics&hl=&as_pt=BOOKS&source=gbs_api,"""There are some paradoxes in the way doctors and patients make medical decisions today. Today's patients are more empowered than were patients in the past. They have the right to see their medical records. The law requires doctors to obtain their informed consent for treatment. Patients are told about the options for treatment and the risks and benefits of each option. Their values and preferences are elucidated in order to guide the treatments that are provided""--",Google Books,2026-08-30
Biomedical Ethics and Decision-Making,Matthew A. Butkus,Gegensatz Press,2022,,,547,Thinking & Deciding,critical-thinking|decision-making|ethical-reasoning|ethics,none,Medical,9781621308010,https://play.google.com/store/books/details?id=ao1eEAAAQBAJ&source=gbs_api,"Drawing from clinical experience, philosophy, psychology, and current health law and policy, Biomedical Ethics and Decision-Making is a detailed survey of persistent issues in health care ethics, emphasizing the complexities and nuances of practical decision-making and yielding a multifaceted and systematic approach to solving problems. As a useful resource for both students and clinicians, it includes references for further exploration of ethical issues as well as provocative questions for disc",Google Books,2026-08-30
Ethics and Deviations in Decision-making,"Gagari Chakrabarti, Tapas Chatterjea",Springer Nature,2019,,,310,Thinking & Deciding,decision-making|ethics,none,Business & Economics,9789811506871,https://play.google.com/store/books/details?id=MsC_DwAAQBAJ&source=gbs_api,"This book explores how the ethically inconsistent behaviour in workplaces can be rooted in moral fibers of the decision-makers, and/or in their varying moral foci depending on the philosophical cornerstones, on which those rest. It explores further whether such decisions may be shaped or modified by contextual factors leading, possibly, to bounded ethicality. Based on a primary survey approaching the academicians, administrators, and other service-holders from India and abroad, it analyses the p",Google Books,2026-08-30
Ethics and Medical Decision-Making,Michael Freeman,Routledge,2017,,,607,Thinking & Deciding,decision-making|ethics,none,Law,9781351807425,https://play.google.com/store/books/details?id=uFoPEAAAQBAJ&source=gbs_api,This title was first published in 2001: Ethical thinking about medical decision-making has roots deep in history. This collection of contemporary essays by leading international scholars traces the development of modern bioethics and explores the theory and current issues surrounding this widely contested field.,Google Books,2026-08-30
Case Studies in Biomedical Ethics,"Robert M. Veatch, Amy Marie Haddad, Dan C. English","Oxford University Press, USA",2010,,,0,Thinking & Deciding,decision-making|ethics,none,Bioethics,9780195309720,http://books.google.com/books?id=-iv-PQAACAAJ&dq=decision+making+ethics&hl=&as_pt=BOOKS&source=gbs_api,"""Case Studies in Biomedical Ethics: Decision-Making, Principles, and Cases explores fundamental ethical questions arising from real situations faced by health professionals, patients, and others. Featuring a wide range of more than 100 case studies drawn from current events, court cases, and physicians' experiences, the book is divided into three parts."" ""Ideal for undergraduate and graduate courses in biomedical ethics, bioethics, and medical ethics, Case Studies in Biomedical Ethics incorporat",Google Books,2026-08-30
Life and Death Decisions in the Clinical Setting,"Paul Walker, Terence Lovat",Springer,2017,,,76,Thinking & Deciding,decision-making|logic,none,Philosophy,9789811043017,https://play.google.com/store/books/details?id=vIxtDgAAQBAJ&source=gbs_api,"This book moves away from the frameworks that have traditionally guided ethical decision-making in the Western clinical setting, towards an inclusive, non-coercive and, reflective dialogic approach to moral decision-making. Inspired in part by Jürgen Habermas’s discourse theory of morality and principles of communicative action, the book offers a proportionist approach as a way of balancing out the wisdom in traditional frameworks, set in the actual reality of the clinical situation at hand. Put",Google Books,2026-08-30
Practical Decision Making in Health Care Ethics,Raymond J. Devettere,,1995,,,520,Thinking & Deciding,decision-making|ethics,none,Medical,,http://books.google.com/books?id=BaPuAAAAMAAJ&dq=decision+making+ethics&hl=&as_pt=BOOKS&source=gbs_api,"""Both a thorough resource & an ideal course book on medical ethics...deeply philosophical & eminently pragmatic.""-Choice.",Google Books,2026-08-30
Ethical Decision Making and Information Technology,"Ernest A. Kallman, John P. Grillo",McGraw-Hill Companies,1993,,,154,Thinking & Deciding,decision-making|ethics,none,Business & Economics,,http://books.google.com/books?id=2YsSAQAAMAAJ&dq=decision+making+ethics&hl=&as_pt=BOOKS&source=gbs_api,"This streamlined discussion of ethical issues in the decision-making process supports and supplements any introduction to CIS or MIS textbook.Chapter One defines ethics. Chapter Two relates ethics to the use of technology. Chapter Three applies a four-step analysis process to an ethical dilemma, illustrating how to reach a defensible decision.The remaining chapters of 18 cases challenge the student to apply the knowledge gained in Chapters 1-3 to recognize, evaluate, and react responsibly to an ",Google Books,2026-08-30
Ethical Beginnings,Waymond Rodgers,iUniverse,2009,,,326,Thinking & Deciding,decision-making|ethics|judgment,none,Education,9780595525799,http://books.google.com/books?id=Otq7tSW29eUC&dq=decision+making+ethics&hl=&as_pt=BOOKS&source=gbs_api,"Waymond Rodgers, PhD, CPA, has worked over fifteen years studying how to combine ethical considerations with a decision-making model of perception, information, and judgment that will foster better decision-making processes, resulting in an overall improvement of daily life. He has presented seminars on ethics at numerous international conferences and also provided ethics presentations to corporations, societies, universities, and other organizations such as Opus Dei. The need for ethics in soci",Google Books,2026-08-30
Ethics for Social Impact,"Femida Handy, Allison R. Russell",Springer,2018,,,254,Thinking & Deciding,decision-making|ethics,none,Business & Economics,9783319750408,https://play.google.com/store/books/details?id=SgRaDwAAQBAJ&source=gbs_api,"This book outlines the various elements involved in ethical decision-making for nonprofit leaders, and whose rights to prioritize when facing complex situations. Nonprofit board members and employees are often placed in difficult situations, with no single stakeholder and an allegiance to mission statements whose outcomes can be difficult to measure. While nonprofit charitable organizations are generally considered more trustworthy than their counterparts in the public or for-profit sector, when",Google Books,2026-08-30
Deciding for Others,"Allen E. Buchanan, Dan W. Brock",Cambridge University Press,1989,,,450,Thinking & Deciding,decision-making|ethics,none,Law,9780521311960,http://books.google.com/books?id=-DMPzauGeDEC&dq=decision+making+ethics&hl=&as_pt=BOOKS&source=gbs_api,This book is the most comprehensive treatment available of one of the most urgent problems in bioethics: decision-making for incompetents.,Google Books,2026-08-30
Values and Ethics in Counseling,"Dana Heller Levitt, Holly J. Hartwig Moorhead",Routledge,2013,,,0,Thinking & Deciding,decision-making|ethics,none,Psychology,9781136599910,http://books.google.com/books?id=bBpezwEACAAJ&dq=decision+making+ethics&hl=&as_pt=BOOKS&source=gbs_api,"Many counselors learn about ethics in graduate school by applying formal, step-by-step ethical decision-making models that require counselors to be aware of their values and refrain from imposing personal values that might harm clients. However, in the real world, counselors often make split-second ethical decisions based upon personal values. Values and Ethics in Counseling illustrates the ways in which ethical decisions are values--but more than that, it guides counselors through the process o",Google Books,2026-08-30
Ethics and Health Administration,Marc D. Hiller,Aupha Press,1986,,,166,Thinking & Deciding,ethics,none,Health services administration,9780910591003,http://books.google.com/books?id=x5ksPQAACAAJ&dq=decision+making+ethics&hl=&as_pt=BOOKS&source=gbs_api,,Google Books,2026-08-30
Creativity for Innovation Management,"Ina Goller, John Bessant",Taylor & Francis,2023,,,383,Relationship Management,collaboration,none,Business & Economics,9781000909029,https://play.google.com/store/books/details?id=U7zHEAAAQBAJ&source=gbs_api,"Creativity for Innovation Management is a rigorous yet applied guide, which illustrates what creativity is, why it matters, and how it can be developed at both individual and group levels. Unlike many technique-oriented books, this book combines theory with practice, drawing on the latest research in psychology, organisational behaviour, innovation and entrepreneurship. The text provides a range of opportunities to explore innovative and creative processes and develop them via activities linked ",Google Books,2026-08-30
The Creative Mindset,"Jeff DeGraff, Staney DeGraff",National Geographic Books,2020,,,0,Thinking & Deciding,creative-thinking|creativity,none,Business & Economics,9781523090150,http://books.google.com/books?id=SrCPEAAAQBAJ&dq=creative+thinking+innovation&hl=&as_pt=BOOKS&source=gbs_api,"""Jeff and Staney emphasize that small acts of creativity can have huge consequences and that ordinary people can do extraordinary things if they can see the opportunities in front of them."" --Mitch Jacobson, Executive Director, Austin Technology Incubator, UT Blackstone LaunchPad, University of Texas at Austin Nearly all of today's major innovation workshops and programs call on organizations to drive innovation. What they miss is that innovation comes from the personal creativity of individuals",Google Books,2026-08-30
Creative Approaches to Problem Solving,"Scott G. Isaksen, K. Brian Dorval, Donald J. Treffinger",SAGE Publications,2010,,,321,Thinking & Deciding,problem-solving,none,Business & Economics,9781483343303,http://books.google.com/books?id=XQkhAQAAQBAJ&dq=creative+thinking+innovation&hl=&as_pt=BOOKS&source=gbs_api,"Everything your students need to solve problems, manage change and deliver innovation using the Creative Problem Solving framework This text is the most comprehensive and contemporary overview and description of Creative Problem Solving (CPS) available today. Friendly and highly practical for a broad base of researchers and practitioners, the book provides a framework, language, guidelines, and set of easy-to-use tools for understanding challenges, generating ideas, and transforming promising id",Google Books,2026-08-30
"Creativity, Innovation, and Quality",Paul E. Plsek,Irwin Professional Publishing,1997,,,336,Thinking & Deciding,creative-thinking|creativity|analytical,none,Business & Economics,,http://books.google.com/books?id=XqkrAAAAYAAJ&dq=creative+thinking+innovation&hl=&as_pt=BOOKS&source=gbs_api,"This book targets the needs of individuals engaged in quality management activities and enables them to incorporate new skills into their daily work. The author presents a serious study of creativity and innovation targeted at the needs of professionals engaged in quality management activities. It will appeal to even the most analytical thinkers in quality. Creativity, Innovation, and Quality clearly articulates five reasons why practitioners of quality management should be interested in innovat",Google Books,2026-08-30
Creativity,Robert W. Weisberg,John Wiley & Sons,2006,,,640,Thinking & Deciding,creativity,none,Psychology,9780471739999,http://books.google.com/books?id=iPOqCgAAQBAJ&dq=creative+thinking+innovation&hl=&as_pt=BOOKS&source=gbs_api,"A name=""DESCRIPTIONP̲ROFESSIONALC̲ATALOG""The big new trend in psychology is to focus on the positive. Experienced expert on creativity Robert Weisberg has written a new book on the theories of creativity for upper-class and graduate-level courses and an educated lay readership.",Google Books,2026-08-30
Creativity and Innovation in Organizational Teams,"Leigh L. Thompson, Hoon- Seok Choi",Psychology Press,2006,,,281,Thinking & Deciding,creativity|cognitive,none,Business & Economics,9781135612382,http://books.google.com/books?id=QlB4AgAAQBAJ&dq=creative+thinking+innovation&hl=&as_pt=BOOKS&source=gbs_api,"This edited volume from a conference held at Northwestern University concerns the latest research on creativity and innovations in groups. It represents research from three different camps: group, cognitive processes, and organizational behavior.",Google Books,2026-08-30
The Creative Mindset,"Jeff Degraff, Staney Degraff",,2020,,,332,Thinking & Deciding,creative-thinking|creativity,none,Business & Economics,9780369343901,http://books.google.com/books?id=ww0czgEACAAJ&dq=creative+thinking+innovation&hl=&as_pt=BOOKS&source=gbs_api,"Jeff and Staney emphasize that small acts of creativity can have huge consequences and that ordinary people can do extraordinary things if they can see the opportunities in front of them."" Mitch Jacobson, Executive Director, Austin Technology Incubator, UT Blackstone LaunchPad, University of Texas at Austin Nearly all of today's major innovation workshops and programs call on organizations to drive innovation. What they miss is that innovation comes from the personal creativity of individuals. A",Google Books,2026-08-30
The Creative Thinking Handbook,"Chris Griffiths, Melina Costi, Caragh Medlicott",Kogan Page Publishers,2022,,,265,Thinking & Deciding,creative-thinking|creativity,none,Business & Economics,9781398607071,https://play.google.com/store/books/details?id=YRWEEAAAQBAJ&source=gbs_api,"Creativity directly impacts results and productivity, yet few of us understand how it happens or how to put it into practice. This book shows you not only how to get things done, but how to do them better and more creatively. The Creative Thinking Handbook provides the correct application for creative thinking and action, by offering clear, practical tools and strategies so that you can develop creative thinking skills and help find brilliant solutions for any professional challenge. Based on re",Google Books,2026-08-30
The Four Lenses of Innovation,,,2017,,,4,Uncategorised,,none,,,http://books.google.com/books?id=ijXezQEACAAJ&dq=creative+thinking+innovation&hl=&as_pt=BOOKS&source=gbs_api,,Google Books,2026-08-30
The Art of Ideas,"William Duggan, Amy Murphy, Laura Dabalsa",Columbia University Press,2019,,,155,Thinking & Deciding,creative-thinking|creativity,none,Business & Economics,9780231551427,https://play.google.com/store/books/details?id=h9KXDwAAQBAJ&source=gbs_api,"Great ideas don’t just happen. Innovation springs from creative thinking—a method of the human mind that we can study and learn. In The Art of Ideas, William Duggan and Amy Murphy bring together business concepts with stories of creativity in art, politics, and history to provide a visual and accessible guide to the art and science of new and useful ideas. In chapters accompanied by charming and inviting illustrations, Duggan and Murphy detail how to spark your own ideas and what to do while wai",Google Books,2026-08-30
Creativity for Innovation Management,"Ina Goller, John Bessant",Taylor & Francis,2017,,,345,Thinking & Deciding,creativity,none,Business & Economics,9781317247470,http://books.google.com/books?id=OiwlDwAAQBAJ&dq=creative+thinking+innovation&hl=&as_pt=BOOKS&source=gbs_api,"Creativity for Innovation Management is a rigorous yet applied guide which illustrates what creativity is, why it matters, and how it can be developed at both individual and group levels. Unlike many technique-oriented books, this book will combine theory and practice, drawing on the latest research in psychology, organizational behaviour, innovation and entrepreneurship. This exciting new text outlines the necessary skills and competences for innovative and creative processes. It provides oppor",Google Books,2026-08-30
How to Innovate,Aristotle,Princeton University Press,2021,,,162,Thinking & Deciding,creative-thinking|logic,none,Philosophy,9780691223599,https://play.google.com/store/books/details?id=os8uEAAAQBAJ&source=gbs_api,"What we can learn about fostering innovation and creative thinking from some of the most inventive people of all times—the ancient Greeks When it comes to innovation and creative thinking, we are still catching up with the ancient Greeks. Between 800 and 300 BCE, they changed the world with astonishing inventions—democracy, the alphabet, philosophy, logic, rhetoric, mathematical proof, rational medicine, coins, architectural canons, drama, lifelike sculpture, and competitive athletics. None of t",Google Books,2026-08-30
Creative Thinking,Charles Thomas,Positively,2023,,,54,Thinking & Deciding,creative-thinking|creativity|logic|bias,none,Self-Help,,https://play.google.com/store/books/details?id=PRTjEAAAQBAJ&source=gbs_api,"Unlock your creative potential and turn innovative thinking into a daily habit. Do you believe that creativity belongs only to a naturally gifted few? In Creative Thinking, health and personal development expert Charles Thomas dismantles this myth, proving that creative genius is a mental muscle waiting to be trained and nurtured within each of us. A Practical Toolkit for Originality This guide isn't just a collection of vague theories. It provides a balanced blend of psychological insights and ",Google Books,2026-08-30
"The Power of Thinking: Positive, Creative and Innovative",Clive M. Harman,Createspace Independent Publishing Platform,2016,,,66,Thinking & Deciding,creative-thinking|creativity,none,,9781539006695,http://books.google.com/books?id=tLkivgAACAAJ&dq=creative+thinking+innovation&hl=&as_pt=BOOKS&source=gbs_api,"Here's The Most Comprehensive Learning Resource For Thinking Positive Thinking - You have probably had someone tell you to think positive when you were in a trying situation. That is because the power of positive thinking is something that is a widely held belief. Most people easily accept that when you give off positive energy, you can infect others with that positive energy and that they will return that energy to you. It is basically the idea that what you put out there will come back to you.",Google Books,2026-08-30
Creativity,Pooja Jain,BoD – Books on Demand,2021,,,189,Thinking & Deciding,creativity|logic,none,Education,9781838810405,http://books.google.com/books?id=7JQtEAAAQBAJ&dq=creative+thinking+innovation&hl=&as_pt=BOOKS&source=gbs_api,"Creativity and innovation go hand in hand. This book presents a plethora of creative interventions in education, culture, expressions, communications, and other areas. Each chapter brings forth a core idea well attested on the scales of creative interventions. It is a collaborative effort to bring forth multidisciplinary creativity in the ever-evolving world of design, communication, and possibilities. There is really no logical order to the book. You do not necessarily have to start at the begi",Google Books,2026-08-30
Creativity +,Paulina Larocca,BIS Publishers,2018,,,156,Thinking & Deciding,creative-thinking|creativity,none,Psychology,9789063694883,http://books.google.com/books?id=UzbrswEACAAJ&dq=creative+thinking+innovation&hl=&as_pt=BOOKS&source=gbs_api,"Creativity+ gives you the keys to unlock your curiosity, questioning skills and creative forces. It is more than a toolkit to help you achieve your aims. It is a philosophy for infusing creative thinking in all aspects of your life, supported by practical tools to bring your ideas to fruition. Divided into the four phases of innovation (Vision, Discovery, Ideation and Momentum), you are provided with the Mindset (attitudes), Skillset (knowledge), Toolset (techniques) and a supporting Case Study ",Google Books,2026-08-30
"Technology for Creativity and Innovation: Tools, Techniques and Applications","Mesquita, Anabela",IGI Global,2011,,,425,Thinking & Deciding,creativity,none,Technology & Engineering,9781609605209,https://play.google.com/store/books/details?id=K3WXN9a2uP0C&source=gbs_api,"""This book provides empirical research findings and best practices on creativity and innovation in business, organizational, and social environments""--Provided by publisher.",Google Books,2026-08-30
Market Oriented Product Innovation,Knut Holt,Springer Science & Business Media,2013,,,421,Thinking & Deciding,logic,none,Business & Economics,9781475757200,https://play.google.com/store/books/details?id=2fMHCAAAQBAJ&source=gbs_api,"Market-Oriented Product Innovation differs from most other titles, written either from a marketing or technical perspective, by giving a holistic view of the product innovation process. It has a product perspective, written from a managerial point of view, recognizing that product innovation, or new product development, is a discipline of its own. It is concerned with managing the products (goods and services) through their life cycle, integrating marketing knowledge and technological expertise,",Google Books,2026-08-30
Creativity and Innovation in Organizations,"Michael D. Mumford, E. Michelle Todd",Routledge,2019,,,540,Relationship Management,influence|leadership,none,Psychology,9781351755542,http://books.google.com/books?id=30i8DwAAQBAJ&dq=creative+thinking+innovation&hl=&as_pt=BOOKS&source=gbs_api,"This volume presents a distinctly multilevel perspective on creativity and innovation that considers individual-level, team-level, and firm-level factors. In illustrating these factors, this volume presents both theoretical and practical implications to guide researchers and practitioners alike in the continued study and advancement of creativity and innovation in organizations. Chapter authors not only discuss the abilities, personality, and motivational attributes that contribute to employee c",Google Books,2026-08-30
Introduction to Systems Thinking,Daniel H. Kim,,1999,,,24,Thinking & Deciding,systems-thinking,none,Business & Economics,,http://books.google.com/books?id=2NTZAAAAMAAJ&dq=systems+thinking&hl=&as_pt=BOOKS&source=gbs_api,,Google Books,2026-08-30
"Systems Thinking, System Dynamics","Kambiz E. Maani, R. Y. Cavana",,2007,,,278,Thinking & Deciding,problem-solving|decision-making|systems-thinking,none,Management,9781877371035,http://books.google.com/books?id=yn0pNAAACAAJ&dq=systems+thinking&hl=&as_pt=BOOKS&source=gbs_api,"Systems Thinking, System Dynamics offers readers a comprehensive introduction to the growing field of systems thinking and dynamic modelling and its applications. The book provides a self-contained and unique blend of qualitative and quantitative tools, step-by-step methodology, numerous examples and mini-cases, as well as extensive real-life case studies. The content mix and presentation style make the otherwise technical tools of systems thinking and system dynamics accessible to a wide range ",Google Books,2026-08-30
Systems Thinking For Social Change,David Peter Stroh,Chelsea Green Publishing,2015,,,257,Thinking & Deciding,problem-solving|decision-making|systems-thinking,none,Business & Economics,9781603585811,https://play.google.com/store/books/details?id=N1uZCgAAQBAJ&source=gbs_api,"“David Stroh has produced an elegant and cogent guide to what works. Research with early learners is showing that children are natural systems thinkers. This book will help to resuscitate these intuitive capabilities and strengthen them in the fire of facing our toughest problems.”—Peter Senge, author of The Fifth Discipline Concrete guidance on how to incorporate systems thinking in problem solving, decision making, and strategic planning—for everyone! Donors, leaders of nonprofits, and public ",Google Books,2026-08-30
Systems thinking: strengthening health systems in practice,"Kara Durski, Karl Blanchet, Aku Kwamie, Maria Del Rocio Saenz",Frontiers Media SA,2023,,,140,Thinking & Deciding,problem-solving|systems-thinking,none,Medical,9782832540664,http://books.google.com/books?id=duDoEAAAQBAJ&dq=systems+thinking&hl=&as_pt=BOOKS&source=gbs_api,"As health systems all over the world not only recover from COVID-19, but learn to adapt to contexts of increasing uncertainty amidst persistent challenges, it is clear that systems thinking has never been needed more. Systems thinking is an approach to problem-solving that views problems as part of a wider dynamic system. It recognizes and prioritizes the understanding of linkages, relationships, interactions and interdependencies among the components of a system that give rise to the system’s o",Google Books,2026-08-30
Systems Thinking for Curious Managers,Russell Ackoff,Triarchy Press,2008,,,106,Relationship Management,influence,none,Business & Economics,9781908009074,https://play.google.com/store/books/details?id=RwImDwAAQBAJ&source=gbs_api,"This gem of a book introduces the extraordinary world of Systems Thinking and its 'Dean', Russell Ackoff, to curious and enquiring managers, teachers, business people - anyone, anywhere who works in an organisation. The book opens the door to a joined up way of thinking about things that has profoundly influenced thinkers and doers in the fields of business, politics, economics, biology, psychology. Although Systems Thinking was 'invented' early in the 20th century, even Peter Senge's best-selli",Google Books,2026-08-30
Health Systems Thinking,"James A. Johnson, Douglas E. Anderson, Caren C. Rossow",Jones & Bartlett Learning,2018,,,130,Thinking & Deciding,systems-thinking,none,Law,9781284180671,https://play.google.com/store/books/details?id=JJFyDwAAQBAJ&source=gbs_api,"This book is a primer focusing on systems thinking as it spans the domains of health administration, public health, and clinical practice. Currently, the accrediting commissions within public health, health administration, and nursing are including systems thinking as part of the core competencies in their respective fields and professions. Meanwhile, academic programs do not have the materials, other than journal articles, to give students the requisite understanding of systems thinking as is e",Google Books,2026-08-30
Systems Concepts in Action,"Bob Williams, Richard Hummelbrunner",Stanford University Press,2010,,,439,Uncategorised,,none,Business & Economics,9780804770637,http://books.google.com/books?id=5p_bWMjWZNUC&dq=systems+thinking&hl=&as_pt=BOOKS&source=gbs_api,"Systems Concepts in Action: A Practitioner's Toolkit offers out a wide range of systems methods to help readers investigate, evaluate and intervene in complex messy situations.",Google Books,2026-08-30
"Systems Thinking, Systems Practice",Peter Checkland,,1999,,,432,Thinking & Deciding,systems-thinking,none,System theory,,http://books.google.com/books?id=R2dQAAAAMAAJ&dq=systems+thinking&hl=&as_pt=BOOKS&source=gbs_api,,Google Books,2026-08-30
The Art of Thinking in Systems,Steven Schuster,Vdz,2019,,,192,Thinking & Deciding,critical-thinking|systems-thinking|logic,none,Science,9781951385231,http://books.google.com/books?id=K5kUyQEACAAJ&dq=systems+thinking&hl=&as_pt=BOOKS&source=gbs_api,"Would you like to have better solutions to your problems? Struggling to understand why things went wrong when you did everything right? The Art Of Thinking In Systems can help you with these problems. You think systems thinking is for politicians, and big company CEO's? Let me tell you this: a small business is a system, your class at school is a system, your family is a system. You are the element of larger systems - your town, your country, the world. These systems have a different dynamic. Th",Google Books,2026-08-30
Systems Approaches to Management,Michael C. Jackson,Springer Science & Business Media,2000,,,455,Thinking & Deciding,systems-thinking,none,Business & Economics,9780306465000,http://books.google.com/books?id=acfKyFOuxO8C&dq=systems+thinking&hl=&as_pt=BOOKS&source=gbs_api,"""Systems Thinking"" is a new paradigm which could revolutionize management practice in the 21st century. This text provides a guide to the application of this paradigm in the field of management.",Google Books,2026-08-30
Critical Systems Thinking and the Management of Complexity,Michael C. Jackson,John Wiley & Sons,2019,,,816,Professional Effectiveness,success|achievement,none,Business & Economics,9781119118398,https://play.google.com/store/books/details?id=1jmNDwAAQBAJ&source=gbs_api,"From the winner of the INCOSE Pioneer Award 2022 The world has become increasingly networked and unpredictable. Decision makers at all levels are required to manage the consequences of complexity every day. They must deal with problems that arise unexpectedly, generate uncertainty, are characterised by interconnectivity, and spread across traditional boundaries. Simple solutions to complex problems are usually inadequate and risk exacerbating the original issues. Leaders of international bodies ",Google Books,2026-08-30
Systemic and Systematic Project Management,Joseph Eli Kasser,CRC Press,2019,,,435,Thinking & Deciding,problem-solving|systems-thinking,none,Technology & Engineering,9780429667466,http://books.google.com/books?id=TOyjDwAAQBAJ&dq=systems+thinking&hl=&as_pt=BOOKS&source=gbs_api,"This book applies systems thinking to treat project management in a systemic and systematic manner from a problem-solving perspective. Considering the project as a system, the book discusses traditional project planning and organizing, as well as some neglected aspects of the project, namely how to prevent cost and schedule escalation, how to deal with change, recognize problems in time to prevent project failure and what to do when things go wrong during the implementation states of a project. ",Google Books,2026-08-30
Managing with Systems Thinking,Michael Ballé,McGraw-Hill Book Company Limited,1994,,,184,Thinking & Deciding,systems-thinking,none,Business & Economics,9780077079512,http://books.google.com/books?id=oXF5QgAACAAJ&dq=systems+thinking&hl=&as_pt=BOOKS&source=gbs_api,"The common scenario when a problem arises in an organization is that management find a solution that is localized and focused on solving that specific problem - if your warehouse is failing to deliver on time, you need to address the failure and put it right. However, the problem may re-occur if the management decisions that allowed the difficulty to arise in the first place are not retraced and examined.",Google Books,2026-08-30
Systems thinking,"N.J.T.A. Kramer, J. de Smit",Springer,2011,,,148,Thinking & Deciding,systems-thinking|logic,none,Business & Economics,9781461342304,http://books.google.com/books?id=NqcIswEACAAJ&dq=systems+thinking&hl=&as_pt=BOOKS&source=gbs_api,"There is no generally accepted, clearly delineated body of know ledge concerning systems thinking. The multiplicity of thinking is well illustrated by the various names such as: (general) systems theory, systems thinking, systems approach, systems analysis, sys tems synthesis, systems engineering, etc. These terms refer to various fields of knowledge that either overlap or are completely different. For this reason we consider it useful to try to develop a common language, a common set of concept",Google Books,2026-08-30
One Health,"Richard Riegelman, Brenda Kirkwood",Jones & Bartlett Learning,2016,,,394,Uncategorised,,none,Medical,9781284066050,https://play.google.com/store/books/details?id=5dmCAwAAQBAJ&source=gbs_api,"One Health: From AIDS to Zika is a short, printed supplement that is ideal as a complement to any introductory Public Health text. One Health: From AIDS to Zika includes test questions, an instructors' manual, and comprehensive PowerPoint Lecture Slides. Designed to address the One Health expectations for graduate as well as undergraduate public health students, this 60 page analysis is also suitable for courses in Nursing, Health Science, and Allied Health. Under the umbrella of One Health, we ",Google Books,2026-08-30
Systems Thinking,"John Boardman, Brian Sauser",CRC Press,2008,,,242,Thinking & Deciding,systems-thinking,none,Business & Economics,9781420054927,http://books.google.com/books?id=UIoXeMC4f6EC&dq=systems+thinking&hl=&as_pt=BOOKS&source=gbs_api,"By examining the links and interactions between elements of a system, systems thinking is becoming increasingly relevant when dealing with global challenges, from terrorism to energy to healthcare. Addressing these seemingly intractable systems problems in our society, Systems Thinking: Coping with 21st Century Problems focuses on the inhere",Google Books,2026-08-30
"The ""thinking"" in Systems Thinking",Barry Richmond,,2000,,,25,Thinking & Deciding,systems-thinking,none,Business & Economics,9781883823481,http://books.google.com/books?id=1pqpAAAACAAJ&dq=systems+thinking&hl=&as_pt=BOOKS&source=gbs_api,,Google Books,2026-08-30
Biased,Henry Priest,Independently Published,2019,,,73,Thinking & Deciding,judgment|logic|bias|cognitive,none,,9781071466452,http://books.google.com/books?id=jkkmxgEACAAJ&dq=cognitive+bias+judgment&hl=&as_pt=BOOKS&source=gbs_api,"The Rational Man? Homo sapiens, the biological name for humans, literally means discerning, wise or sensible human being. But, are humans really sensible or rational? The Biased Brain Research in psychology and economics has shown that human beings are systematically irrational. Not only do they misjudge situations, but they do it in fairly predictable patterns. Powerful Biases This compilation of academic research by eminent psychologists and economists presents 50 most powerful cognitive biase",Google Books,2026-08-30
Biased,Henry Priest,,2019,,,74,Thinking & Deciding,logic|bias,none,,9781097801060,http://books.google.com/books?id=FLZ5xQEACAAJ&dq=cognitive+bias+judgment&hl=&as_pt=BOOKS&source=gbs_api,"Homo sapiens, the biological name for humans, literally means discerning, wise or sensible human beings. But, are humans really sensible or rational?Researchers in psychology and economics have found that human beings are systematically irrational. Not only do they misjudge situations, but they do it in fairly predictable patterns.This compilation of academic research by eminent social psychologists and behavioral economists presents their findings as easy-to-use tools or 'Biases-in-Action' to h",Google Books,2026-08-30
Cognitive Biases In A Nutshell,Thinknetic,Cognitive Biases & Mental Models (Decision Making Mastery),2022,,,188,Thinking & Deciding,bias|cognitive,none,,9781646963898,http://books.google.com/books?id=zEjuzgEACAAJ&dq=cognitive+bias+judgment&hl=&as_pt=BOOKS&source=gbs_api,,Google Books,2026-08-30
Biased,Henry Priest,Independently Published,2019,,,74,Thinking & Deciding,judgment|logic|bias|cognitive,none,,9781070367521,http://books.google.com/books?id=j3LKxQEACAAJ&dq=cognitive+bias+judgment&hl=&as_pt=BOOKS&source=gbs_api,"The Rational Man?Homo sapiens, the biological name for humans, literally means discerning, wise or sensible human being. But, are humans really sensible or rational? The Biased BrainResearch in psychology and economics has shown that human beings are systematically irrational. Not only do they misjudge situations, but they do it in fairly predictable patterns. Famous BiasesThis compilation of academic research by eminent psychologists and economists presents 50 famous cognitive biases that impai",Google Books,2026-08-30
Judgment Under Strategic Pressure,Hollis Parr,epubli,2026,,,192,Thinking & Deciding,decision-making|judgment|bias|cognitive,none,Business & Economics,9783565487868,https://play.google.com/store/books/details?id=oDTkEQAAQBAJ&source=gbs_api,"Leadership decision making often fails before a plan reaches execution. The issue is not intelligence, ambition, or data volume, but the hidden bias patterns that shape what leaders notice, ignore, and defend. This book reframes fast and slow thinking as a management system. It examines how anchoring fixes early assumptions, how loss aversion protects weak initiatives, and how confirmation bias turns meetings into evidence filters. Rather than treating judgment as a personal trait, it shows deci",Google Books,2026-08-30
Biased,Henry Priest,,2019,,,73,Thinking & Deciding,logic|bias,none,,9781099544163,http://books.google.com/books?id=rpWhxQEACAAJ&dq=cognitive+bias+judgment&hl=&as_pt=BOOKS&source=gbs_api,"The Rational Man? Homo sapiens, the biological name for humans, literally means discerning, wise or sensible human beings. But, are humans really sensible or rational? The Biased Brain Researchers in psychology and economics have found that human beings are systematically irrational. Not only do they misjudge situations, but they do it in fairly predictable patterns. Biases-in-Action This compilation of academic research by eminent social psychologists and behavioral economists presents their fi",Google Books,2026-08-30
Assessing Uncertainty in Expert Judgments about Natural Resources,David A. Cleaves,,1994,,,24,Thinking & Deciding,judgment,none,Forest health,,https://play.google.com/store/books/details?id=wPmDbOwREJcC&source=gbs_api,,Google Books,2026-08-30
Cognitive Biases I,Michael Ebeed,Independently Published,2025,,,0,Thinking & Deciding,decision-making|judgment|bias|cognitive,none,Language Arts & Disciplines,9798278618881,http://books.google.com/books?id=w9vH0QEACAAJ&dq=cognitive+bias+judgment&hl=&as_pt=BOOKS&source=gbs_api,"We like to believe our decisions are rational. They are not. Human thinking relies on mental shortcuts that distort judgment, inflate confidence, and create the illusion of certainty. These distortions - known as cognitive biases - influence how we interpret information, evaluate outcomes, and predict the future, often without our awareness. This book is Volume One of the Cognitive Biases Series. It focuses on the core biases that shape first impressions, confidence, and decision-making. Each ch",Google Books,2026-08-30
"Bots, Bias, and Influence","Lynnette Hui Xian Ng, Kathleen M. Carley",Cambridge Scholars Publishing,2026,,,187,Thinking & Deciding,logic|bias,none,Social Science,9781036473112,https://play.google.com/store/books/details?id=dnTtEQAAQBAJ&source=gbs_api,"Digital conversations on social media are more than just human voices. Automated agents called Bots now weave themselves into our conversations and our collective beliefs. This book takes readers on an exploration of how Bots span simple automated scripts to complex agents that mirror, magnify and manipulate human behaviour online. Drawing on rich empirical data, social psychology theories and computational modelling, it traces how Bots operate, coordinate and exert influence through narrative c",Google Books,2026-08-30
Social Behavior and Human Psychology,Prof. Dr. Bilal Semih Bozdemir,Prof. Dr. Bilal Semih Bozdemir,,,,550,Thinking & Deciding,judgment|bias|cognitive,none,Psychology,,https://play.google.com/store/books/details?id=YkUvEQAAQBAJ&source=gbs_api,Social Behavior and Human Psychology Introduction: Understanding the Complexities of Human Interaction The Role of Culture in Shaping Social Behavior The Psychology of Conformity and Group Dynamics Nonverbal Communication and Its Importance Attachment Theory and Its Impact on Social Relationships The Influence of Emotions on Social Behavior Cognitive Biases and Their Impact on Social Judgments Prosocial Behavior: Why We Help Others The Psychology of Interpersonal Attraction The Dark Side of Soci,Google Books,2026-08-30
Encyclopedia of Human Behavior,,Academic Press,2012,,,2475,Thinking & Deciding,logic,none,Psychology,9780080961804,https://play.google.com/store/books/details?id=yASuxMCuhKkC&source=gbs_api,"The Encyclopedia of Human Behavior, Second Edition, Three Voluime Set is an award-winning three-volume reference on human action and reaction, and the thoughts, feelings, and physiological functions behind those actions. Presented alphabetically by title, 300 articles probe both enduring and exciting new topics in physiological psychology, perception, personality, abnormal and clinical psychology, cognition and learning, social psychology, developmental psychology, language, and applied contexts",Google Books,2026-08-30
Nonhuman Primate Welfare,"Lauren M. Robinson, Alexander Weiss",Springer Nature,2023,,,666,Thinking & Deciding,ethics|cognitive,none,Medical,9783030827083,https://play.google.com/store/books/details?id=HXWrEAAAQBAJ&source=gbs_api,"This volume reviews the broad topic of welfare in nonhuman primates under human care. Chapters detail the history of primates in captivity, ethical and legal issues surrounding the use of nonhuman primates as entertainment or in research, the different approaches that welfare are measured, and how housing, enrichment, and other conditions can foster or degrade welfare. Since humans began keeping nonhuman primates we have made vast strides in understanding their cognitive abilities, strong social",Google Books,2026-08-30
Behavioral Economics and Neuroeconomics of Health and Healthcare,"Reddy, K. Jayasankara",IGI Global,2024,,,418,Thinking & Deciding,logic|bias|cognitive,none,Business & Economics,9798369360569,https://play.google.com/store/books/details?id=kughEQAAQBAJ&source=gbs_api,"Given the stress of interacting with healthcare systems, be it a result of fear, expense, or confusion, individuals may make decisions that are not in their best interest. There exists an intricate interplay between behavioral economics, neuro economics, health, and healthcare. Until recently, an examination of these interconnected factors has been nonexistent, even though understanding them is vital for proper healthcare administration and top-level patient care. Behavioral Economics and Neuroe",Google Books,2026-08-30
Cognitive Biases Made Simple,Kimani Upshur M.Ed,"Kimani Upshur, M.Ed.,",2026,,,51,Thinking & Deciding,decision-making|judgment|logic|bias,none,Psychology,,https://play.google.com/store/books/details?id=u-bIEQAAQBAJ&source=gbs_api,"Cognitive Biases Made Simple Human thinking is powerful, but it is not perfect. Our minds rely on shortcuts that help us make quick decisions, but those shortcuts can also lead to systematic errors in judgment. These errors are known as cognitive biases. Cognitive Biases Made Simple explains how these mental shortcuts influence the way we think, interpret information, and make decisions. From everyday choices to complex judgments, cognitive biases shape how we see the world—often without us real",Google Books,2026-08-30
Operational Psychology and National Security,Mark A. Staal,Taylor & Francis,2025,,,218,Thinking & Deciding,decision-making|ethics,none,Political Science,9781040437520,https://play.google.com/store/books/details?id=ma19EQAAQBAJ&source=gbs_api,"This book offers a comprehensive guide to ethical decision-making for practitioners of operational psychology working in national security and defense. The terrorist attacks of 9/11 led to the mass recruitment, training, and employment of psychologists to support national security, national defense, and public safety initiatives. The result was a confluence of advances in the field, alongside highly controversial missteps and calls for greater guidance. This book aims to improve practitioners’ a",Google Books,2026-08-30
Cognitive Biases,"J.-P. Caverni, J.-M. Fabre, M. Gonzalez",Elsevier,1990,,,581,Thinking & Deciding,judgment|bias|cognitive,none,Psychology,9780080867229,https://play.google.com/store/books/details?id=IxSpnmuMgD0C&source=gbs_api,"Many studies in cognitive psychology have provided evidence of systematic deviations in cognitive task performance relative to that dictated by optimality, rationality, or coherency. The texts in this volume present an account of research into the cognitive biases observed on various tasks: reasoning, categorization, evaluation, and probabilistic and confidence judgments. The authors have attempted to discern the contribution of the study of bias to our understanding of the cognitive processes i",Google Books,2026-08-30
"Reasoning, Inference, and Judgment in Clinical Psychology","Dennis C. Turk, Peter Salovey",,1988,,,312,Thinking & Deciding,judgment|bias,none,Medical,,http://books.google.com/books?id=PgXbAAAAMAAJ&dq=cognitive+bias+judgment&hl=&as_pt=BOOKS&source=gbs_api,"In the practice of clinical psychology, professionals rely largely upon knowledge gained from experience, intuition, and the ability to reason soundly from available information. Yet clinicians are, by nature, flawed information processors- personal memories, feelings, and assumptions continually color and shape interpersonal communication. Clinicians are further influenced by theoretical preconceptions that often lead them to make judgements concerning clients even before meeting them. In order",Google Books,2026-08-30
The Art of Deep Work,WeberOzel,WeberOzel,2026,,,117,Professional Effectiveness,productivity|focus|deep-work,none,Self-Help,,https://play.google.com/store/books/details?id=KdjcEQAAQBAJ&source=gbs_api,"In an era where notifications, social media, and endless distractions fragment our attention every waking moment, the ability to focus deeply has become both incredibly rare and extraordinarily valuable. ""The Art of Deep Work"" is your comprehensive guide to reclaiming your cognitive power and transforming the way you work, create, and live. Drawing from cutting-edge neuroscience, timeless productivity principles, and real-world case studies of high performers across industries, author WeberOzel ",Google Books,2026-08-30
The Ultimate Book Niche & Audience Database,Sunny,Sunny ,2026,,,68,Professional Effectiveness,career|focus,none,Reference,,https://play.google.com/store/books/details?id=K0EBEgAAQBAJ&source=gbs_api,"Discover your next book idea with The Ultimate Book Niche & Audience Database. Finding a good book idea is only the beginning. The real opportunity is discovering the right niche, the right audience, and the right problem to solve. This practical database brings together 1,761+ book ideas across 25 major categories, helping authors, aspiring publishers, content creators, entrepreneurs, and researchers explore thousands of potential opportunities. Inside, you will discover: 25 major book categori",Google Books,2026-08-30
Taming The Digital Tiger : Finding Focus and Meaning in a Distracted World,Julia Christopher ,Julia Christopher ,2024,,,101,Professional Effectiveness,productivity|focus|deep-work,none,Antiques & Collectibles,,http://books.google.com/books?id=0zMZEQAAQBAJ&dq=productivity+deep+work+focus&hl=&as_pt=BOOKS&source=gbs_api,"In a world dominated by constant notifications, endless scrolling, and digital overload, finding focus and meaning has become a modern-day challenge. Enter Taming the Digital Tiger, your essential guide to reclaiming control and rediscovering purpose amidst the chaos of the digital age. Are you overwhelmed by the relentless pace of technology? Do you find yourself endlessly distracted, struggling to concentrate on what truly matters? You're not alone. Taming the Digital Tiger offers a transforma",Google Books,2026-08-30
Deep Focus:Techniques for Deep Focus,Jeremy Galdez,Jeremy Galdez,,,,131,Self-Management,resilience|burnout|habits,none,Self-Help,,https://play.google.com/store/books/details?id=jD-yEQAAQBAJ&source=gbs_api,"Deep Focus:Techniques for Deep Focus: Learn to Manage Your Time, Overcome Distractions, and Achieve Success with Proven Strategies: productivity, focus method,deep focus hollow knight ﻿Deep Focus: The Proven Focus Method to Eliminate Distractions and Unlock Your Full Potential Do you sit down to work with good intentions—only to lose focus minutes later? Do distractions, mental fatigue, or even ADHD-related focus struggles leave you feeling frustrated, behind, and overwhelmed? You’re not lazy. Y",Google Books,2026-08-30
The Robo Revolution,Prince Penman,Prince Penman,,,,118,Professional Effectiveness,productivity|time-management|success,none,Self-Help,,https://play.google.com/store/books/details?id=mwVCEQAAQBAJ&source=gbs_api,"Unlock Your Full Potential with AI: The Future of Personal Growth is Now In The Robo Revolution: Embracing AI for Personal Growth, author Prince Penman reveals the transformative power of artificial intelligence in enhancing productivity, mental well-being, and personal development. AI is no longer just a futuristic concept—it's a tool that can accelerate your journey toward success, mindfulness, and clarity. Are you overwhelmed by constant distractions in the digital age? Do you struggle to bal",Google Books,2026-08-30
THE POWER OF CONSISTENCY,MASON BLAKE,Villan Publishing,,,,116,Self-Management,motivation|willpower|habits,none,Self-Help,,https://play.google.com/store/books/details?id=oFL0EQAAQBAJ&source=gbs_api,"We are obsessed with the myth of the monumental leap. We chase the sudden breakthrough, the overnight transformation, and the heroic burst of willpower. But lasting success isn’t an event—it’s a compounding interest rate on your daily habits. When you try to radically overhaul your life in a weekend, you set yourself up for structural failure. You rely on fleeting waves of high motivation to carry you through grueling routines, intense diets, or sudden bursts of creative output. But motivation i",Google Books,2026-08-30
The Psychology of Successful Business,Mukesh Kulshrestha,Mukesh Kulshrestha,2026,,,80,Self-Management,resilience|adaptability|motivation|habits,goleman,Business & Economics,,https://play.google.com/store/books/details?id=MZLsEQAAQBAJ&source=gbs_api,"The Psychology of Successful Business explores the hidden mental frameworks that drive entrepreneurial success, leadership excellence, innovation, decision-making, and long-term business growth. While many business books focus on strategies, marketing, or finance, this book reveals the psychological principles behind successful entrepreneurs, leaders, and organizations. Discover how mindset, emotional intelligence, confidence, resilience, motivation, critical thinking, and leadership influence e",Google Books,2026-08-30
The Remote Worker's Deep Focus System,Kevin Mcfadden,Kevin Mcfadden,2026,,,262,Professional Effectiveness,productivity|focus|deep-work|professional-development,none,Business & Economics,,https://play.google.com/store/books/details?id=iavvEQAAQBAJ&source=gbs_api,"The Remote Worker's Deep Focus System is a detailed, practical guide to The Remote Worker's Productivity System for Deep Focus for readers who want a clear path from understanding the topic to using it confidently in real situations. The book is designed as a structured learning companion rather than a shallow overview: it introduces the core ideas, explains why they matter, then develops them through realistic examples, guided practice, scenario-based explanations, and common mistakes to avoid.",Google Books,2026-08-30
The Remote Work Productivity System,Edgar Austin,Tawsha Large,2026,,,234,Professional Effectiveness,productivity|focus|professional-development,none,Business & Economics,,https://play.google.com/store/books/details?id=mFTvEQAAQBAJ&source=gbs_api,"The Remote Work Productivity System is a detailed, practical guide to The Remote Work Productivity System for readers who want a clear path from understanding the topic to using it confidently in real situations. The book is designed as a structured learning companion rather than a shallow overview: it introduces the core ideas, explains why they matter, then develops them through realistic examples, guided practice, scenario-based explanations, and common mistakes to avoid. Readers are taken st",Google Books,2026-08-30
Digital Balance,"Barrett Williams, ChatGPT",Barrett Williams,2025,,,78,Self-Management,resilience|anxiety|burnout,none,Self-Help,,https://play.google.com/store/books/details?id=E4OaEQAAQBAJ&source=gbs_api,"**Digital Balance Unleash the Power of Mindful Technology Use** In a world oversaturated with digital noise, finding balance has never been more crucial. ""Digital Balance"" invites you on a transformative journey toward mastering the art of digital minimalism and reclaiming control over your tech-laden life. Are you overwhelmed by the constant barrage of notifications, updates, and digital tasks? Begin your exploration with a deep dive into the essence of Digital Minimalism. Discover its evolutio",Google Books,2026-08-30
Artificial Urgency,Arlie V. Janes,epubli,2026,,,219,Thinking & Deciding,logic|bias|cognitive,none,Business & Economics,9783565302147,https://play.google.com/store/books/details?id=uIHHEQAAQBAJ&source=gbs_api,"You sit down to write a novel, build a business plan, or spend quality time with your family. Suddenly, an email notification pops up, a minor deadline looms, or a notification flashes red. Before you know it, the day is gone, filled with trivial tasks, while your true goals remain untouched. The Mere-Urgency Effect is a cognitive bias that forces our brains to prioritize tasks with an immediate deadline, regardless of their actual importance. This book dissects the psychological glitch that mak",Google Books,2026-08-30
The Money Success Formula,Mukesh K,Mukesh Kulshrestha,2026,,,77,Self-Management,motivation|habits,none,Business & Economics,,https://play.google.com/store/books/details?id=O4rZEQAAQBAJ&source=gbs_api,"The Money Success Formula is a powerful guide to building wealth, developing financial discipline, and creating long-term success. This book explores the mindset, habits, money management strategies, and psychological principles that help financially successful people grow their income, manage risks, and achieve financial freedom. Through practical insights and motivational lessons, readers will learn how to shift from scarcity thinking to abundance thinking, master budgeting and investing, buil",Google Books,2026-08-30
Deep Focus: How to Achieve Success in a Distracted World,Joe Spacey,Rupa Publications India,2025,,,0,Professional Effectiveness,productivity|focus|deep-work|success,none,Literary Collections,9789361564031,http://books.google.com/books?id=L6Up0QEACAAJ&dq=productivity+deep+work+focus&hl=&as_pt=BOOKS&source=gbs_api,"Success requires more than ambition -- it requires focus. In Deep Focus: How to Achieve Success in a Distracted World, you'll uncover the keys to cutting through the chaos and regaining control of your attention. In a world buzzing with notifications, emails, endless scrolling, and constant noise, this book shows you how to reclaim your time, sharpen your thinking, and pursue what truly matters. ? Understand the cognitive cost of distractions ? Break the myth of multitasking ? Master deep work a",Google Books,2026-08-30
Deep Work,Gaurav Modi,Gaurav Modi,,,,26,Professional Effectiveness,productivity|focus|deep-work,none,Comics & Graphic Novels,,https://play.google.com/store/books/details?id=6mzJEQAAQBAJ&source=gbs_api,"In a world filled with constant notifications, distractions, and endless digital noise, the ability to focus has become one of the most valuable skills. Yet very few people know how to develop it. Deep Work is a practical guide to building the skill of intense concentration and using it to produce high-quality results in less time. In this book you will learn: • The difference between deep work and shallow work • Why distraction is the biggest barrier to productivity • How focused work accelerat",Google Books,2026-08-30
Deep Work for Distracted Minds,Focus Lab,Independently Published,2026,,,0,Professional Effectiveness,productivity|focus|deep-work,none,Business & Economics,9798196705908,http://books.google.com/books?id=B_YQ0gEACAAJ&dq=productivity+deep+work+focus&hl=&as_pt=BOOKS&source=gbs_api,"You're not distracted because you're broken. You're distracted because nobody taught you how focus actually works. Most productivity books tell you to wake up earlier, work harder, or find more willpower. This one doesn't. Deep Work for Distracted Minds is a science-backed system for people who are genuinely busy, genuinely trying - and genuinely tired of advice that ignores how the real world works. Built across 7 progressive modules, this guide gives you the tools to eliminate the invisible en",Google Books,2026-08-30
The Discipline of Focus,Jordan Cross,,2025,,,0,Professional Effectiveness,productivity|performance|focus|deep-work,none,Psychology,9781690459026,http://books.google.com/books?id=u54d0QEACAAJ&dq=productivity+deep+work+focus&hl=&as_pt=BOOKS&source=gbs_api,"Your mind should be your sharpest tool, not the biggest obstacle to getting things done. Reclaim your focus and take control of your life. If you constantly struggle with distractions, unfinished tasks, and mental clutter, this book is for you. In a world engineered for interruption, mastering focus isn't just an advantage-it's a necessity. You don't need more hours in the day; you need better attention. Deep work is the game-changer that top performers swear by. Now it's your turn. The Discipli",Google Books,2026-08-30
DEEP WORK FOCUS MASTERY,Brian Smith,Kelly Matty Publishing,,,,104,Professional Effectiveness,productivity|performance|focus|deep-work,none,Self-Help,,https://play.google.com/store/books/details?id=tf_xEQAAQBAJ&source=gbs_api,"Your attention is your greatest asset. Are you protecting it—or giving it away? In a world filled with endless notifications, constant interruptions, and digital distractions competing for your focus, the ability to concentrate deeply has become one of the most valuable skills for success. While many people spend their days feeling busy but achieving little, high performers understand a powerful truth: meaningful results come from focused, intentional work. Deep Work Focus Mastery is your practi",Google Books,2026-08-30
The Art of Deep Work in a Distracted World,Brook Jacke,Brook Jacke,2026,,,231,Professional Effectiveness,focus|deep-work|professional-development,none,Business & Economics,,https://play.google.com/store/books/details?id=lVHvEQAAQBAJ&source=gbs_api,"The Art of Deep Work in a Distracted World is a detailed, practical guide to The Art of Deep Work in a Distracted World for readers who want a clear path from understanding the topic to using it confidently in real situations. The book is designed as a structured learning companion rather than a shallow overview: it introduces the core ideas, explains why they matter, then develops them through realistic examples, guided practice, scenario-based explanations, and common mistakes to avoid. Reader",Google Books,2026-08-30
"Atomic Focus: Master Deep Concentration, Eliminate Distraction, and Produce Your Best Work in a World Built to Fracture Attention",Ghulam Hussain ,Ghulam Hussain,2026,,,48,Professional Effectiveness,productivity|focus|deep-work,none,Self-Help,,https://play.google.com/store/books/details?id=FnbxEQAAQBAJ&source=gbs_api,"You sit down to work on something that matters. Within minutes, your phone buzzes. A tab is open with something you meant to check. By the time you notice you've drifted, twenty minutes have evaporated. This is not a personal failing. It is the predictable result of a modern attention economy specifically engineered to fracture your focus. Atomic Focus gives you the science, the systems, and the training to reclaim one of the rarest and most valuable capabilities in the modern economy: undivided",Google Books,2026-08-30
New Time Management Methods for You and Your Staff,R. Alec Mackenzie,,1975,,,370,Professional Effectiveness,time-management|effectiveness,none,Employees,,http://books.google.com/books?id=IRsb4Pcv9_8C&dq=time+management+effectiveness&hl=&as_pt=BOOKS&source=gbs_api,"Abstract: The rationale of time management and its principles are described and discussed for managers and supervisors. It is stressed that, while time allocations can be quantitatively predictable, they are difficult to control. Over 100 reasons are given to illustrate how ""time-wasters"" translate sufficient time (for managing tasks and people) into insufficient time. These time-wasting functions are analyzed, and solutions are developed for their control or elimination. A novel technique is de",Google Books,2026-08-30
How to do time management effective life improvement,Roman Griffin,Roman Griffin,2023,,,308,Professional Effectiveness,productivity|time-management|focus|success,none,Self-Help,9780645876758,https://play.google.com/store/books/details?id=9BTXEAAAQBAJ&source=gbs_api,"""How to do time management effective life improvement"" is a comprehensive guidebook that offers valuable insights, strategies, and techniques to help readers take control of their time, enhance productivity, and achieve their goals. Written with the busy individual in mind, this book delves into the core principles of time management and provides practical tools for maximizing efficiency and maintaining a healthy work-life balance. The book begins by establishing the importance of time managemen",Google Books,2026-08-30
Time Management for Managers,Cybellium,Cybellium Ltd,2024,,,227,Relationship Management,trust,none,Business & Economics,9781836796701,https://play.google.com/store/books/details?id=mmEsEQAAQBAJ&source=gbs_api,"Designed for professionals, students, and enthusiasts alike, our comprehensive books empower you to stay ahead in a rapidly evolving digital world. * Expert Insights: Our books provide deep, actionable insights that bridge the gap between theory and practical application. * Up-to-Date Content: Stay current with the latest advancements, trends, and best practices in IT, Al, Cybersecurity, Business, Economics and Science. Each guide is regularly updated to reflect the newest developments and chall",Google Books,2026-08-30
Data-Centric Business and Applications,"Andriy Semenov, Iryna Yepifanova, Jana Kajanová",Springer Nature,2025,,,431,Thinking & Deciding,decision-making|analytical,none,Computers,9783031815577,https://play.google.com/store/books/details?id=Tr1KEQAAQBAJ&source=gbs_api,"The combination of the latest developments in economic theory with contemporary information technologies may be considered as a powerful instrument for the processing of commercial data. This book employs the Ukrainian economy as a case study to examine the multifaceted aspects of financial and investment processes, as well as the utilization of information technology mechanisms in company and industrial management. The range of industrial sectors that have been investigated facilitates applicat",Google Books,2026-08-30
Making Time Work for You,Harold L. Taylor,,1981,,,168,Uncategorised,,none,Business & Economics,,http://books.google.com/books?id=LOAOAQAAMAAJ&dq=time+management+effectiveness&hl=&as_pt=BOOKS&source=gbs_api,,Google Books,2026-08-30
Book of Answers for a Young CEO,Debasish Sahoo,iUniverse,2007,,,438,Professional Effectiveness,career|success|achievement,none,Business & Economics,9780595446421,http://books.google.com/books?id=rzEsSRKuNvkC&dq=time+management+effectiveness&hl=&as_pt=BOOKS&source=gbs_api,"""When asked about the qualities needed to be an effective CEO, the answers are, to me, quite basic: Respect for, and ability to get along with, many different kinds of people, including those that do not share your views; The will to honor promises that one makes to his family, and the understanding that work and home life must be balanced."" -Gerard J. Arpey, CEO, American Airlines ""Be positive about challenges you encounter, for no matter how successful you are, you will encounter them."" -Willi",Google Books,2026-08-30
Well-being and Cognitive Science in Higher Education: Measures and Intervention,"Prisla Ücker Calvetti, Jorge Leite , Sandra Carvalho",Frontiers Media SA,2026,,,259,Thinking & Deciding,logic|cognitive,none,Science,9782832581650,http://books.google.com/books?id=ervrEQAAQBAJ&dq=time+management+effectiveness&hl=&as_pt=BOOKS&source=gbs_api,"In the evolving landscape of higher education, particularly in a post-pandemic world and amidst ongoing climate crises, health psychology offers invaluable contributions toward the promotion, prevention, and enhancement of student development. The integration of sustainable health and well-being goals within university settings is crucial. There is an imperative need for research that leverages scientific and technological advancements to foster better quality of life, informing policies and act",Google Books,2026-08-30
Understanding Time Management,Adura ADEGBOYE,,2019,,,237,Professional Effectiveness,time-management|focus|success,none,,9781712179208,http://books.google.com/books?id=6l0izAEACAAJ&dq=time+management+effectiveness&hl=&as_pt=BOOKS&source=gbs_api,"""Time is absolutely perishable and can't be saved. The previous days' time is long past forever and will by no means come back. Time is, therefore, usually in exceptionally quick supply. ... time is absolutely irreplaceable."" -Peter Drucker in 'the effective govt' Time Management helps individuals assign correct time slots to activities as per their importance. The right allocation of time to the right task in order to make the best possible use of time refers to time management. Time is limited",Google Books,2026-08-30
Establishing a Performance Index for Construction Project Managers,"Virendra Kumar Paul, Sushil Kumar Solanki, Abhijit Rastogi, Parnika Singh Yadav",Taylor & Francis,2023,,,209,Professional Effectiveness,performance|professional-development|success,none,Architecture,9781000845853,http://books.google.com/books?id=RjSnEAAAQBAJ&dq=time+management+effectiveness&hl=&as_pt=BOOKS&source=gbs_api,"Assessment of professional competence for project managers and the measure of project success is well-trodden ground in the research and professional project management literature. Whilst standards and certifications like PMBOK and the IPMA competence baseline have been developed as a guide for the development of project managers’ competence, the manifestation of these competencies into good performance is neither guaranteed nor always easily ascertainable. This book presents a brand new, compre",Google Books,2026-08-30
Time Management for New Employees,Prakash V. Rao,Packt Publishing Ltd,2015,,,131,Professional Effectiveness,time-management,none,Business & Economics,9781783000531,https://play.google.com/store/books/details?id=BHz6CAAAQBAJ&source=gbs_api,"If you want to make an impact in a new role, effective time management is vital. Packed with exercises and strategies, this book is a reliable resource for anyone who understands the value of exceptional time management.",Google Books,2026-08-30
Understanding Time Management,Adura Gbemi Adegboye,,2020,,,246,Professional Effectiveness,time-management|focus|success,none,,9798624513648,http://books.google.com/books?id=IQduzQEACAAJ&dq=time+management+effectiveness&hl=&as_pt=BOOKS&source=gbs_api,"ABOUT BOOK ""Time is absolutely perishable and can't be saved. The previous days' time is long past forever and will by no means come back. Time is, therefore, usually in exceptionally quick supply. ... time is absolutely irreplaceable."" -Peter Drucker in 'the effective govt' Time Management helps individuals assign correct time slots to activities as per their importance. The right allocation of time to the right task in order to make the best possible use of time refers to time management. Time",Google Books,2026-08-30
Time Management Made Easy,Joshua Strachan,,2018,,,41,Professional Effectiveness,time-management|goal-setting|focus|effectiveness,none,,9781980581987,http://books.google.com/books?id=DRnvzgEACAAJ&dq=time+management+effectiveness&hl=&as_pt=BOOKS&source=gbs_api,The essence of time management is simply the ability to work less and achieve more. People with the right time management skills tend to work smarter instead of harder and usually get stuff done and achieve satisfaction better than ordinary people. Time management also involves organizational skills in which an individual is able to fix tasks within proper time range considering all factors for facilitating a work process. This individual is conscious of the specific task and its importance in r,Google Books,2026-08-30
Maximizing Efficiency,Michael Martin,Martin Press,2025,,,149,Self-Management,burnout|habits,none,Business & Economics,,https://play.google.com/store/books/details?id=I61tEQAAQBAJ&source=gbs_api,"Maximizing Efficiency: A Practical Guide to Achieving More with Less Effort In today's fast-paced world, we are all striving to do more in less time while maintaining a sense of balance and well-being. Maximizing Efficiency is your ultimate guide to achieving productivity without burning out. Whether you're a busy professional, a student, or someone looking to improve their personal life, this book provides you with actionable strategies and proven techniques to take control of your time, boost ",Google Books,2026-08-30
Time management: Effective techniques and productivity strategies,BetterTomorrow,ABetterTomorrow,2024,,,90,Professional Effectiveness,productivity|time-management,none,Business & Economics,,https://play.google.com/store/books/details?id=eREwEQAAQBAJ&source=gbs_api,"Time Management: Effective Techniques and Productivity Strategies” is a guide crafted by a team of experts to help you manage your time effectively and boost productivity. This book presents proven methods like the Pomodoro Technique and strategies to improve planning, avoid distractions, and achieve goals efficiently. It’s an ideal read for anyone looking to organize daily tasks, work more efficiently, and find more time for what truly matters.",Google Books,2026-08-30
Handbook for Effective Department Leadership,Thomas J. Sergiovanni,Allyn & Bacon,1977,,,476,Relationship Management,leadership,none,Education,,http://books.google.com/books?id=kzdLAAAAYAAJ&dq=time+management+effectiveness&hl=&as_pt=BOOKS&source=gbs_api,,Google Books,2026-08-30
Time Management: Strategies for Productivity and Success,Individual Unfold ,Individual Unfold ,,,,27,Professional Effectiveness,productivity|time-management|focus|success,none,Business & Economics,,https://play.google.com/store/books/details?id=TyY7EQAAQBAJ&source=gbs_api,"""Time Management: Strategies for Productivity and Success"" is a comprehensive guide to effective time management techniques and strategies. In this book, readers will learn how to identify their goals and priorities, create a schedule that works for them, and prioritize tasks based on urgency and importance. They will also discover techniques for reducing distractions, staying focused, and maintaining a healthy work-life balance. The book covers a range of time management techniques, including t",Google Books,2026-08-30
Time Management Effectiveness Profile Facilitators Guide,Jon Warner,Human Resource Development,2002,,,156,Professional Effectiveness,time-management|effectiveness,none,Business & Economics,9780874256673,http://books.google.com/books?id=PyXDBwAAQBAJ&dq=time+management+effectiveness&hl=&as_pt=BOOKS&source=gbs_api,,Google Books,2026-08-30
Understanding Executive Presence,Paul Aldo,,2014,,,,Relationship Management,coaching|leadership,none,,9780991572113,http://books.google.com/books?id=zZH2oAEACAAJ&dq=executive+presence+leadership&hl=&as_pt=BOOKS&source=gbs_api,Based on years of observing and coaching leaders--and learning what separates the best from the rest--Dr. Paul Aldo has created a practical guide for understanding exactly what we're looking at when we make judgments about executive presence and how to turn these observations into meaningful development actions. His Executive Presence workshop participants and coaching clients consistently report noticeable gains in their leadership presence and effectiveness from following the simple principles,Google Books,2026-08-30
Executive Presence for the Modern Leader,D A Benton,"Sourcebooks, Inc.",2021,,,165,Professional Effectiveness,career|executive-presence,goleman,Self-Help,9781648769290,https://play.google.com/store/books/details?id=9VsXEQAAQBAJ&source=gbs_api,"Reach your professional goals with strategies for building executive presence Whether you want to land a new job, succeed in your current role, secure a promotion, or change career paths, having up-to-date leadership skills is essential. Executive Presence for the Modern Leader is full of expert guidance and actionable steps for progressing in your career. You'll build the skills necessary to be more memorable, credible, and confident in the workplace. A breakdown of executive presence—Learn wha",Google Books,2026-08-30
Executive Presence,Joel Garfinkle,JAG Press,2022,,,264,Professional Effectiveness,career|executive-presence|success,none,Business & Economics,9798985936612,https://play.google.com/store/books/details?id=CxJ_EAAAQBAJ&source=gbs_api,"Executive presence matters. When 400 CEOs were asked how they choose next-level leaders, 89% of them said they looked for one critical trait-executive presence. This quality is crucial for professional success. In Executive Presence, Joel Garfinkle shows you how to step into your power, convey confidence, and lead with conviction. As you rise in your organization, your executive presence must keep pace with your growth. The higher the stakes, the more you need that power and presence. Using exte",Google Books,2026-08-30
Leadership Material,Diana Jones,Nicholas Brealey,2017,,,308,Social Awareness,empathy|compassion,none,Business & Economics,9781857886900,https://play.google.com/store/books/details?id=5i1VDgAAQBAJ&source=gbs_api,"How do you become influential? What are the qualities that ensure people are drawn to you? And how do you develop these? Personal experience is the raw material for building executive presence. Viewed as ""touchy feely,"" intangible and invisible, most leaders separate their personal lives from their professional ones. Executive coach Diana Jones argues that this is unwise. In fact, the ""soft side"" of leadership - empathy, compassion, and authentic communication derived from personal experience - ",Google Books,2026-08-30
Power Speaking & Executive Presence,"Peter Chee, Aaron Ngui, Edwin Johnson",Itd World Mega Guru Learning,2024,,,0,Communication,communication|listening|presentation|speaking,none,Business & Economics,9789671002124,http://books.google.com/books?id=rsul0AEACAAJ&dq=executive+presence+leadership&hl=&as_pt=BOOKS&source=gbs_api,"Unlock the secrets to impactful communication with ""Power Speaking & Executive Presence,"" a comprehensive guide crafted over three decades of experience in leadership development, coaching, and mentoring. This book addresses a common challenge among professionals: excelling in creative problem-solving but struggling with confident and effective oral presentations. Learn the art of compelling speaking with confidence, clarity, and conviction as the authors guide you through foundational skills to",Google Books,2026-08-30
All the Leader You Can Be: The Science of Achieving Extraordinary Executive Presence,Suzanne Bates,McGraw Hill Professional,2016,,,304,Relationship Management,influence|leadership,none,Business & Economics,9781259585784,https://play.google.com/store/books/details?id=LpuBCwAAQBAJ&source=gbs_api,"The book that cracks the code on executive presence: what it is, why it matters, and how you can achieve it. You know it when you see it. That rare combination of qualities that makes a truly great leader. Until now, executive presence has been hard to define and even harder to develop. But after years of extensive research, executive coach and bestselling author Suzanne Bates and her team have identified the 15 traits you need to be all the leader you can be. Using the research-based, scientifi",Google Books,2026-08-30
Unleash Your BS (Best Self),"Jeff Black, Carol Hamilton, Kimberly Faith Madden",Morgan James Publishing,2014,,,191,Professional Effectiveness,career|executive-presence|performance,none,Business & Economics,9781630473587,https://play.google.com/store/books/details?id=84XGBAAAQBAJ&source=gbs_api,"Guidance on how to strengthen managerial and business communication skills from an executive leadership consultant. Based on a corporate crisis ripped from today's headlines, Unleash Your BS (Best Self) tells the tale of Fortune 500 managers who are suddenly facing a post-merger downsizing. With their careers hanging in the balance, they are dropped into a leadership and communications training program that will either leave them in charge . . . or leave them behind. JT Black, the independent co",Google Books,2026-08-30
Executive Presence,,,2017,,,4,Professional Effectiveness,executive-presence,none,,,http://books.google.com/books?id=bYe3zQEACAAJ&dq=executive+presence+leadership&hl=&as_pt=BOOKS&source=gbs_api,,Google Books,2026-08-30
Executive Presence,Lingo Mango,Lingo Mango,,,,107,Professional Effectiveness,career|executive-presence|focus,goleman,Language Study,,https://play.google.com/store/books/details?id=Ej_VEQAAQBAJ&source=gbs_api,"Do you often feel like your best ideas go unnoticed in meetings, or that your hard work isn’t translating into the career growth you deserve? Executive presence isn't an innate trait reserved for a select few; it is a set of learnable skills that allow you to command respect, project confidence, and influence others effectively. This 30-day guide offers a practical, step-by-step roadmap to help you cultivate the authority needed to advance your career. Rather than relying on outdated corporate t",Google Books,2026-08-30
Executive Presence,Shital Kakkar Mehra,Harper Collins,2020,,,186,Professional Effectiveness,career|executive-presence|success,none,Business & Economics,9789353577247,https://play.google.com/store/books/details?id=ReXtDwAAQBAJ&source=gbs_api,"Shital Kakkar Mehra, India's leading Executive Presence coach and bestselling author, has trained numerous CEOs and star performers over the last two decades. In this book, she has shared her proven POISE formula for success; tools to help you maximize your potential and fast-track your career to the coveted role of a CEO. Executive Presence is the mysterious 'it' factor in leadership. How do you present yourself? Are you assertive? Do you inspire confidence? How do you engage with stakeholders?",Google Books,2026-08-30
Leadership Presence (HBR Emotional Intelligence Series),"Harvard Business Review, Amy J.C. Cuddy, Deborah Tannen, Amy Jen Su, John Beeson",Harvard Business Press,2018,,,91,Relationship Management,leadership,goleman,Business & Economics,9781633696259,https://play.google.com/store/books/details?id=hA5EDwAAQBAJ&source=gbs_api,"Lead with charisma and confidence. Many leaders consider ""executive presence"" a make-or-break factor in high-powered promotions. But what is this elusive quality, and how do you develop it? This book explains how to build the charisma, confidence, and decisiveness that top leaders project. Whether you're delivering a critical presentation or managing a hectic meeting, you'll be inspired to approach the situation with new strength. This volume includes the work of: Deborah Tannen Amy J. C. Cuddy ",Google Books,2026-08-30
Elevate Your Executive Presence: Your Roadmap to Executive Excellence,Gerard Assey,Gerard Assey,2024,,,137,Professional Effectiveness,executive-presence|success,none,Business & Economics,,https://play.google.com/store/books/details?id=cRICEQAAQBAJ&source=gbs_api,"‘Elevate Your Executive Presence: Your Roadmap to Executive Excellence’ is a comprehensive guide to mastering the art of Executive Presence and achieving leadership success. Through practical strategies and real-life examples, this book explores the key components of Executive Presence, including 10 C’s covering: composure, connection, charisma, confidence, credibility, clarity, conciseness and others. Readers will learn how to cultivate authenticity, grace, and poise, and leverage these qualiti",Google Books,2026-08-30
Become the Real Deal,Connie Dieken,John Wiley & Sons,2013,,,244,Relationship Management,influence|leadership,none,Business & Economics,9781118755051,https://play.google.com/store/books/details?id=uZkSAAAAQBAJ&source=gbs_api,"Become the real deal and you’ll become the leader you’re meant to be. If you want to make change in your organization and in your world, and advance your own career, you need to become a person who can effectively influence others to take action. When looking to bring about organizational change of any kind, the main skill required is influence. Nothing will help your cause more than being able to effectively influence others to take action. Become the Real Deal presents a modern and practical a",Google Books,2026-08-30
Become a Leader,Charles Herman,,2017,,,101,Professional Effectiveness,executive-presence|success,none,,9781549655067,http://books.google.com/books?id=-VootAEACAAJ&dq=executive+presence+leadership&hl=&as_pt=BOOKS&source=gbs_api,"How can you inspire confidence, whether you're one-on-one or in a group, even under pressure, or when you're uncertain or caught off guard? How can you stand out in a talented crowd, get heard, and have people wanting to hear more from you? This is what people with executive presence do. It sometimes goes by different names, leadership presence, executive demeanor, professional maturity, gravitas, whatever you call it, you can strengthen it too. I know this because I've researched these quality ",Google Books,2026-08-30
"Become the Real Deal, Enhanced Edition",Connie Dieken,John Wiley & Sons,2013,,,244,Relationship Management,influence|leadership,none,Business & Economics,9781118809709,https://play.google.com/store/books/details?id=QRfzAAAAQBAJ&source=gbs_api,"Become the real deal and you’ll become the leader you’re meant to be. If you want to make change in your organization and in your world, and advance your own career, you need to become a person who can effectively influence others to take action. When looking to bring about organizational change of any kind, the main skill required is influence. Nothing will help your cause more than being able to effectively influence others to take action. Become the Real Deal presents a modern and practical a",Google Books,2026-08-30
Command the Room,Kevin Abdulrahman,Kevin Abdulrahman,2026,,,138,Communication,communication|presentation|speaking|conversation,none,Business & Economics,,https://play.google.com/store/books/details?id=xfO1EQAAQBAJ&source=gbs_api,"Command the Room is not a book about confidence, charisma, or presentation techniques. At senior levels, leadership communication stops being forgiving. Authority is no longer assumed. It is tested in moments of disagreement, pressure, and consequence. Many leaders speak clearly yet fail to move the room. Decisions are understood, acknowledged, even supported. Yet momentum fades once the meeting ends. This is not a confidence problem. It is not a communication breakdown. It is an authority probl",Google Books,2026-08-30
Executive Presence,Sarah Brummitt,Fastprint Publishing,2015,,,320,Professional Effectiveness,executive-presence,none,,9781784562304,http://books.google.com/books?id=oav_sgEACAAJ&dq=executive+presence+leadership&hl=&as_pt=BOOKS&source=gbs_api,"If you have any kind of role, responsibility, requirement or just plain old appetite to persuade, engage, inform, involve, inspire, motivate, coach, counsel, support, encourage, develop, collaborate, manage, lead, sell, advise, consult, direct, mentor, te",Google Books,2026-08-30
The Presence Principle,"Alexa Chilcutt, Carl DuPont",Taylor & Francis,2025,,,168,Relationship Management,influence|leadership,none,Business & Economics,9781040607787,https://play.google.com/store/books/details?id=iDKaEQAAQBAJ&source=gbs_api,"This book is the first executive presence (EP) guide specifically designed for diverse professionals who want to lead authentically while embracing their full selves. It demystifies the often ambiguous concept of EP, offering a clear, actionable roadmap for professionals at every stage of their leadership journey. Whether you’re navigating early career challenges or stepping into senior to C-Suite leadership positions, this book equips you with the tools to lead with confidence and grace. What s",Google Books,2026-08-30
Executive Presence,Andy Neillie,Blooming Twig Books (NY),2015,,,178,Communication,presentation,none,Business & Economics,9781613430972,http://books.google.com/books?id=zOj8rQEACAAJ&dq=executive+presence+leadership&hl=&as_pt=BOOKS&source=gbs_api,"Effective leaders, those who command the room and connect with their audience, make their charismatic talent seem effortless. However, Executive Presence is not a talent one is born with; it is a skill one can learn. Andy Neillie's Executive Presence provides a simple yet substantial toolkit for leaders, and emerging leaders, that need to improve their Executive Presence. Whether you are making a formal presentation, using slides and visuals in front of a room of hundreds, or leading a small mee",Google Books,2026-08-30
Elevate Your Executive Presence,Gerard Assey,Collection Skills,2024,,,0,Professional Effectiveness,executive-presence|success,none,Business & Economics,9788197112119,http://books.google.com/books?id=C2uv0AEACAAJ&dq=executive+presence+leadership&hl=&as_pt=BOOKS&source=gbs_api,"'Elevate Your Executive Presence: Your Roadmap to Executive Excellence' is a comprehensive guide to mastering the art of Executive Presence and achieving leadership success. Through practical strategies and real-life examples, this book explores the key components of Executive Presence, including 10 C's covering: composure, connection, charisma, confidence, credibility, clarity, conciseness and others. Readers will learn how to cultivate authenticity, grace, and poise, and leverage these qualiti",Google Books,2026-08-30
CPD for the Career Development Professional,"Siobhan Neary, Claire Johnson",Crimson Publishing,2016,,,207,Professional Effectiveness,career|professional-development,none,Education,9781844556328,https://play.google.com/store/books/details?id=zB-PDwAAQBAJ&source=gbs_api,"The career development sector is continually evolving in line with changes in society, technology and the needs of clients. Maintaining and developing the skills and knowledge to practise effectively in any part of the sector is a cornerstone of professional practice. Yet in straitened times, the funding and time to undertake Continuous Professional Development can be difficult to find. This unique handbook contextualises CPD for the sector, examines why it is important and to whom, offers pract",Google Books,2026-08-30
The Career Development Handbook,"Tristram Hooley, Gill Frigerio, Rosie Alexander",Crimson Publishing,2024,,,188,Professional Effectiveness,career|focus|success,none,Business & Economics,9781911724278,https://play.google.com/store/books/details?id=29qWEQAAQBAJ&source=gbs_api,"'This book is the one-stop shop for all aspects of understanding and learning about career and career development work - expertly blending the theoretical and the practical.' Martin Edmondson, CEO, Association of Graduate Careers Advisory Services (AGCAS) Unlock the secrets to becoming a successful career development practitioner with this go-to introductory handbook. Many guides to career development practice focus narrowly on specific aspects of career education and guidance, leaving new learn",Google Books,2026-08-30
Career Development : Professional Brief,,,1988,,,,Professional Effectiveness,career,none,,,http://books.google.com/books?id=Rd5QswEACAAJ&dq=career+development+professional&hl=&as_pt=BOOKS&source=gbs_api,,Google Books,2026-08-30
The Career Development Professional's AI Toolkit,"Michael Larbalestier, Marianne Wilson",Trotman Education,2026,,,0,Professional Effectiveness,career,none,Business & Economics,9781911724650,http://books.google.com/books?id=6iTb0QEACAAJ&dq=career+development+professional&hl=&as_pt=BOOKS&source=gbs_api,This invaluable resource explains how career practitioners can exploit AI-powered tools to enhance their work supporting diverse client groups.,Google Books,2026-08-30
Personal Career Development for Professionals,Joseph A. Raelin,Beard Books,2002,,,312,Professional Effectiveness,career,none,Business & Economics,9781587981289,https://play.google.com/store/books/details?id=8o8l3vvW3GIC&source=gbs_api,This is a reprint. Original title was: The Salaried Professional. It is a practical guide to assist a professional working in a large organization to make effective choices about personal career development.,Google Books,2026-08-30
Secrets to Success,Al Coleman (Jr.),,2011,,,101,Professional Effectiveness,success,none,Career development,,http://books.google.com/books?id=on1BzwEACAAJ&dq=career+development+professional&hl=&as_pt=BOOKS&source=gbs_api,,Google Books,2026-08-30
Adult Career Development,"Zandy B. Leibowitz, H. Daniel Lea",American Counseling Association,1986,,,378,Professional Effectiveness,career|focus,none,Business & Economics,,http://books.google.com/books?id=0O8VAQAAMAAJ&dq=career+development+professional&hl=&as_pt=BOOKS&source=gbs_api,"This book of readings on issues related to adult career development was written for anyone who provides career services to adults (career counselors, human resource specialists, or graduate students in the field) and attempts to present ways for such service providers to help adults face and negotiate change. The book is divided into six sections examining: (1) theories and concepts of adult career development; (2) strategies and methods for providing career services to adults; (3) target popula",Google Books,2026-08-30
Obsolescence and Professional Career Development,Harold G. Kaufman,,1974,,,193,Professional Effectiveness,career,none,Business and education,,http://books.google.com/books?id=ilrEoAEACAAJ&dq=career+development+professional&hl=&as_pt=BOOKS&source=gbs_api,,Google Books,2026-08-30
Career Development Interventions in the 21st Century,"Spencer G. Niles, JoAnn Harris-Bowlsbey",Prentice Hall,2009,,,0,Professional Effectiveness,career,none,Career development,9780132254380,http://books.google.com/books?id=ecWpAAAACAAJ&dq=career+development+professional&hl=&as_pt=BOOKS&source=gbs_api,The enclosed DVD presents five video case studies of real clients going through the career counseling process. Career Counseling Work in Progress provides a unique opportunity for viewers to experience the career counseling process from the first counseling session through termination and to see career counseling techniques modeled by experts--Cover of DVD.,Google Books,2026-08-30
Career Development Programs Guide,,,1987,,,30,Professional Effectiveness,career,none,Vocational guidance,,https://play.google.com/store/books/details?id=m2bE6DgfdrEC&source=gbs_api,,Google Books,2026-08-30
The Career Development Professional's Survival Guide,"Jules Benton, Chris Targett",Trotman,2026,,,0,Professional Effectiveness,career|focus|professional-development,none,Business & Economics,9781911759157,http://books.google.com/books?id=-8_p0QEACAAJ&dq=career+development+professional&hl=&as_pt=BOOKS&source=gbs_api,"""This book fills a much-needed gap in the tapestry of support that all new entrants to the profession need ... [and for] experienced professionals, it offers a helpful reminder of how to tackle a multitude of professional dilemmas ... As such, I have no hesitation in recommending it."" Dr Oliver Jenkin PGCE RCDP, NICEC Fellow. CDI Senior Professional Development and Standards Manager, and Editor of the CDI's magazine, Career Matters A practical, accessible and informative guide, aimed at both the",Google Books,2026-08-30
Creative Career Coaching,"Liane Hambly, Ciara Bomford",Routledge,2018,,,292,Relationship Management,coaching,none,Psychology,9781351006408,https://play.google.com/store/books/details?id=LLJ5DwAAQBAJ&source=gbs_api,"Creative Career Coaching: Theory into Practice is an innovative book for career development students and professionals aiming to creatively progress their coaching practice. Without losing sight of fundamental coaching values and practices, it encourages career development professionals to adapt their practice by harnessing imagination, intuition and critical reflection to engage clients. Hambly and Bomford consider the usefulness of creativity alongside traditional coaching models to reach ""har",Google Books,2026-08-30
Portfolio for the Career Development Professional,Alberta Education,"Learning Resources, Incorporated",1999,,,578,Professional Effectiveness,career,none,Career development,9780773217447,http://books.google.com/books?id=nmlBAAAACAAJ&dq=career+development+professional&hl=&as_pt=BOOKS&source=gbs_api,,Google Books,2026-08-30
Connections Between Spirit and Work in Career Development,"Deborah P Bloch, Lee Richmond",Routledge,2015,,,286,Relationship Management,relationship,none,Medical,9781317325123,https://play.google.com/store/books/details?id=ee8vCgAAQBAJ&source=gbs_api,"In an age of organizational restructuring and career uncertainty, with upward mobility becoming less and less attainable, how do people find meaning and fulfilment in their work? This book addresses this critical question, offering valuable, concrete suggestions to career development professionals working with clients who long to infuse their work with values. Featuring the insights of leading counsellors and career development practitioners, educators, psychologists, clergy, and management expe",Google Books,2026-08-30
Handbook of Career Development,"Gideon Arulmani, Anuradha J. Bakshi, Frederick T. L. Leong, A. G. Watts",Springer Science & Business Media,2014,,,780,Professional Effectiveness,career|focus,none,Psychology,9781461494607,https://play.google.com/store/books/details?id=_RS4BAAAQBAJ&source=gbs_api,"This book is focused on work, occupation and career development: themes that are fundamental to a wide range of human activities and relevant across all cultures. Yet theorizing and model building about this most ubiquitous of human activities from international perspectives have not been vigorous. An examination of the literature pertaining to career development, counseling and guidance that has developed over the last fifty years reveals theorizing and model building have been largely dominate",Google Books,2026-08-30
Obsolescence and Professional Career Development,Harold G. Kaufman,,1987,,,207,Professional Effectiveness,career,none,,9780608108674,http://books.google.com/books?id=pG4TAAAACAAJ&dq=career+development+professional&hl=&as_pt=BOOKS&source=gbs_api,,Google Books,2026-08-30
Professional Career Development,Charles A. Creswell,,1989,,,120,Professional Effectiveness,career,none,Career development,,http://books.google.com/books?id=USG5PgAACAAJ&dq=career+development+professional&hl=&as_pt=BOOKS&source=gbs_api,,Google Books,2026-08-30
Career Development and Inclusive Practice,"Chris Targett, Jules Benton",Crimson Publishing,2024,,,150,Professional Effectiveness,career|professional-development|success,none,Education,9781911724292,https://play.google.com/store/books/details?id=C9uWEQAAQBAJ&source=gbs_api,"'This book will increase your confidence in and enhance your understanding of how to engage effectively and ethically with all of the multi-faceted individuals who make our working lives such a privilege.' Claire Johnson, CDI Head of Professional Development and Standards, RCDP and CDI, ICCI and NICEC Fellow Transform your career guidance practice to meet the unique needs of all of your clients. The need for specialised career guidance for individuals with an impairment, health condition, learni",Google Books,2026-08-30
Integrative Life Planning,Lorraine Sundal Hansen,Jossey-Bass,1997,,,392,Professional Effectiveness,career,none,Business & Economics,,http://books.google.com/books?id=mihHAAAAMAAJ&dq=career+development+professional&hl=&as_pt=BOOKS&source=gbs_api,"While counseling professionals recognize the lifestyle complexities of and competing demands on today's adults, their counseling approaches are still based on outdated conceptions of career and life patterns. Sunny Hansen is the acknowledged leader in transforming the field of counseling with her concept of integrative life planning, which connects career planning to the entire life of an individual, including the impact of family, spiritual values, gender, and life stages -- and enables counsel",Google Books,2026-08-30
Responsible Decision Making,Laszlo Zsolnai,Transaction Publishers,2011,,,215,Thinking & Deciding,decision-making|ethics|judgment|analytical,none,Philosophy,9781412812313,https://play.google.com/store/books/details?id=EbfPf3RfzTEC&source=gbs_api,"“What should I do?,” “How should I deal with this?,” “How should I behave?,” “How should I act?” we ask ourselves daily. But, this is only the first part of the sentence, while the full sentence is “What should I do … to achieve such and such?”, for example to complete an assigned task, to do well before my boss or a client, to be pleased with myself, to carry out my plans, to make money in the stock market, to pass an exam, to complete an application, etc. These and similar questions that peopl",Google Books,2026-08-30
Responsible Decision Making,Laszlo Zsolnai,Routledge,2017,,,161,Thinking & Deciding,decision-making|ethics|judgment|analytical,none,Philosophy,9781351493208,https://play.google.com/store/books/details?id=GJguDwAAQBAJ&source=gbs_api,"What should I do?, How should I deal with this?, How should I behave?, How should I act? we ask ourselves daily. But, this is only the first part of the sentence, while the full sentence is What should I do ... to achieve such and such?, for example to complete an assigned task, to do well before my boss or a client, to be pleased with myself, to carry out my plans, to make money in the stock market, to pass an exam, to complete an application, etc. These and similar questions that people ask, c",Google Books,2026-08-30
Global Business Ethics,"Ronald David Francis, Guy Murfey",,2016,,,,Thinking & Deciding,decision-making|ethics,none,BUSINESS & ECONOMICS,9781523103843,http://books.google.com/books?id=GAZ0AQAACAAJ&dq=responsible+decision+making+ethics&hl=&as_pt=BOOKS&source=gbs_api,"""Taking a fresh look at one of the key foundations of business--the need to conduct business responsibly, sustainably, and within a sound ethical framework--Global Business Ethics is a guide for ethical decision making within the international business landscape. Enriched with worked examples of ethical dilemmas and their solutions, this book goes beyond theory to real-world business decisions. It includes a chapter focused solely on legal ethics and discusses ethical gradualism and quantificati",Google Books,2026-08-30
Business Ethics: Decision-Making for Personal Integrity & Social Responsibility,"Laura Hartman, Joseph DesJardins",McGraw-Hill/Irwin,2007,,,516,Thinking & Deciding,decision-making|ethics,none,Business & Economics,,http://books.google.com/books?id=ek8fAQAAIAAJ&dq=responsible+decision+making+ethics&hl=&as_pt=BOOKS&source=gbs_api,"Hartman/DesJardins Business Ethics is designed to prepare the student to apply an ethical decision-making model, not only in this ethics course but throughout her or his business discipline. This model teaches students ethical skills, vocabulary, and tools to apply in everyday business decisions and throughout their business courses. The authors speak in a sophisticated yet accessible manner while teaching the fundamentals of business ethics. Hartman’s professional background in law and her teac",Google Books,2026-08-30
The Ethical Frontier of AI and Data Analysis,"Kumar, Rajeev, Joshi, Ankush, Sharan, Hari Om, Peng, Sheng-Lung, Dudhagara, Chetan R.",IGI Global,2024,,,475,Thinking & Deciding,ethics|logic|bias,none,Computers,9798369329658,https://play.google.com/store/books/details?id=jAj6EAAAQBAJ&source=gbs_api,"In the advancing fields of artificial intelligence (AI) and data science, a pressing ethical dilemma arises. As technology continues its relentless march forward, ethical considerations within these domains become increasingly complex and critical. Bias in algorithms, lack of transparency, data privacy breaches, and the broader societal repercussions of AI applications are demanding urgent attention. This ethical quandary poses a formidable challenge for researchers, academics, and industry prof",Google Books,2026-08-30
Ethics and Administrative Responsibility,John Uhr,,1991,,,86,Thinking & Deciding,ethics,none,Administrative responsibility,,http://books.google.com/books?id=-PvvAAAAMAAJ&dq=responsible+decision+making+ethics&hl=&as_pt=BOOKS&source=gbs_api,,Google Books,2026-08-30
Ethical Decision Making in Marketing,Lawrence B. Chonko,"SAGE Publications, Incorporated",1995,,,332,Thinking & Deciding,decision-making,none,Business & Economics,,http://books.google.com/books?id=KPcJAQAAMAAJ&dq=responsible+decision+making+ethics&hl=&as_pt=BOOKS&source=gbs_api,"Chonko simplifies the presentation of ethical decision making by substituting a ""people are different"" approach to the in-depth theoretical treatment of ethical decision rules. Discussions of various marketing decision areas are included, as are numerous scenarios to help students develop the decision-making skills that will guide them in their careers.",Google Books,2026-08-30
Responsible Leadership and Ethical Decision-Making,"Sunil Savur, Sukhbir Sandhu",Emerald Group Publishing,2017,,,174,Thinking & Deciding,decision-making|ethics,none,Business & Economics,9781787149274,https://play.google.com/store/books/details?id=dgMkDwAAQBAJ&source=gbs_api,"The volume brings to life a number of the conference themes including corporate social responsibility, culture, academic integrity, vulnerability, health, military ethics, education, leadership, sustainability and philosophy and addresses concerns of many leading applied ethicists.",Google Books,2026-08-30
Moral Issues in Military Decision Making,Anthony E. Hartle,,2004,,,288,Thinking & Deciding,decision-making|ethics,none,Business & Economics,,http://books.google.com/books?id=YrQgAQAAIAAJ&dq=responsible+decision+making+ethics&hl=&as_pt=BOOKS&source=gbs_api,"Much has changed in warfare in recent years, with America now dominant on the international scene and terrorism the new enemy. In light of these changes, the need for moral grounding in military actions is a more pressing concern than ever. When it was originally published, Moral Issues in Military Decision Making reflected the concerns posed by nuclear stalemate and the lessons of Vietnam. In that highly-praised work. Anthony Hartle outlined the essential elements of the Professional Military E",Google Books,2026-08-30
Counseling Ethics and Decision Making,"R. Rocco Cottone, Vilia M. Tarvydas",Prentice Hall,2007,,,532,Thinking & Deciding,decision-making|ethics,none,Education,,http://books.google.com/books?id=FSlOAQAAIAAJ&dq=responsible+decision+making+ethics&hl=&as_pt=BOOKS&source=gbs_api,"This book guides helping professionals, using the theme of decision-making as an anchor for the discussion of ethics in professional practice. Providing a thorough presentation of ethical principles and standards, the authors conscientiously examine ethical issues as they manifest themselves within several specialty areas (couple and family, school, mental health, career, group, rehab, additions, etc.) and use compelling case studies to illustrate the connection between ethical decision-making m",Google Books,2026-08-30
Business Ethics and Responsibility,Patricia Ann Bick,Greenwood,1988,,,224,Thinking & Deciding,ethics,none,Business & Economics,,http://books.google.com/books?id=dd4iAQAAIAAJ&dq=responsible+decision+making+ethics&hl=&as_pt=BOOKS&source=gbs_api,,Google Books,2026-08-30
Ethical Decision Making in Social Work,"Wade L. Robison, Linda Cherrey Reeser",Allyn & Bacon,2000,,,296,Thinking & Deciding,decision-making,none,Juvenile Nonfiction,,http://books.google.com/books?id=MDtHAAAAMAAJ&dq=responsible+decision+making+ethics&hl=&as_pt=BOOKS&source=gbs_api,"""This textbook is a valuable part of the learning process; it will help you to acquire the skills and knowledge you will need in an ever-changing global society. Your text will also help you to connect with the latest research and debates in the field; visit our accompanying website at www.abacon.com/socialwork. There you will find additional information or weblinks that will help you make the best use of what you have learned.""--BOOK JACKET.",Google Books,2026-08-30
Ethics of Emerging Technologies,"Thomas F. Budinger, Miriam D. Budinger",John Wiley & Sons,2006,,,520,Thinking & Deciding,decision-making|ethics,none,Philosophy,,http://books.google.com/books?id=LNoeAQAAIAAJ&dq=responsible+decision+making+ethics&hl=&as_pt=BOOKS&source=gbs_api,"An insightful guide to understanding and navigating the ethical issues faced by anyone affected by the ethical dilemmas associated with current and emerging technologies Ethics of Emerging Technologies provides the background, insight, and tools for approaching and solving ethical dilemmas across a broad range of topics. The text discusses ethical problems, using examples and reasoning tools that will aid engineers, scientists, managers, administrators, and the public who wish to understand risk",Google Books,2026-08-30
Bioethical Decision Making for Nurses,"Joyce Beebe Thompson, Henry O. Thompson",,1985,,,276,Thinking & Deciding,decision-making,none,Education,,http://books.google.com/books?id=7BVtAAAAMAAJ&dq=responsible+decision+making+ethics&hl=&as_pt=BOOKS&source=gbs_api,,Google Books,2026-08-30
Ethical Theory and Business,"Tom L. Beauchamp, Norman E. Bowie",,1993,,,678,Thinking & Deciding,ethics,none,Business & Economics,,http://books.google.com/books?id=NKYrAQAAMAAJ&dq=responsible+decision+making+ethics&hl=&as_pt=BOOKS&source=gbs_api,"Book Description: This book presents an anthology of readings, legal perspectives and cases in ethics in business. The new edition features expanded coverage of ethical theory to incorporate more alternative perspectives on normative ethical theory; a new chapter on multinationals and international business; and new material on topics such as sexual harassment, investment risk, plant closing, international justice, suppressing facts in sales, corporate intelligence gathering, drug testing and re",Google Books,2026-08-30
Medical Journal of Australia,,,1914,,,1804,Uncategorised,,none,Medicine,,https://play.google.com/store/books/details?id=h05RAQAAIAAJ&source=gbs_api,,Google Books,2026-08-30
Public Health Issues 30,,,1982,,,180,Uncategorised,,none,,,http://books.google.com/books?id=lbdiyCpYapMC&dq=responsible+decision+making+ethics&hl=&as_pt=BOOKS&source=gbs_api,,Google Books,2026-08-30
Organization Theory and Design,Richard L. Daft,South Western Educational Publishing,2004,,,648,Uncategorised,,none,Business & Economics,,http://books.google.com/books?id=_pMXAQAAMAAJ&dq=responsible+decision+making+ethics&hl=&as_pt=BOOKS&source=gbs_api,"Daft's textbook contains up-to-date information on organizational theory, supported by case studies and workshop exercises.",Google Books,2026-08-30
"Encyclopedia of Science, Technology, and Ethics",Carl Mitcham,MacMillan Reference Library,2005,,,588,Thinking & Deciding,ethics,none,Business & Economics,,http://books.google.com/books?id=TaERAQAAMAAJ&dq=responsible+decision+making+ethics&hl=&as_pt=BOOKS&source=gbs_api,"This encyclopedia considers both the professional ethics of science and technology, and the social, ethical, and political issues raised by science and technology.",Google Books,2026-08-30
Student Television in America,"Tony Silvia, Nancy F. Kaplan",Wiley-Blackwell,1998,,,248,Professional Effectiveness,success,none,Performing Arts,,http://books.google.com/books?id=dtBkAAAAMAAJ&dq=responsible+decision+making+ethics&hl=&as_pt=BOOKS&source=gbs_api,"The book begins with a brief history of student television and then digs into the nuts and bolts, including discussions of basic equipment, staffing needs and production methods. It explains the business end of running a successful student TV station and explores the important topics of troubleshooting, social responsibility and technology of the future. Extensive interviews and case studies provide valuable insights from those already working in the field.",Google Books,2026-08-30
