title,author,age_range,book_type,audience,casel_domain,problem_tags,source,isbn,description,cover_url,rating,ratings_count,goodreads_rating,goodreads_ratings_count,goodreads_url,amazon_url
Brave Every Day,Trudy Ludwig,6-8,children_fiction,children,Self-Management,"anxiety,fear,self-esteem",WeAreTeachers,9798855079876,"Camila is filled with worry and fear, but when she hides during a class field trip to the aquarium, she finds a classmate who is also afraid and needs a friend.",https://books.google.com/books/content?id=9fbR0AEACAAJ&printsec=frontcover&img=1&zoom=1&source=gbs_api,,,4.11,417,https://www.goodreads.com/book/show/57410627-brave-every-day?from_search=true&from_srp=true&qid=smCGusdj4m&rank=1,https://www.amazon.com/s?k=9798855079876
A Case of the Zaps,Alex Boniello & April Lavalle,6-8,children_fiction,children,Self-Management,anxiety,WeAreTeachers,9781647004057,"From Tony Award winners Alex Boniello and April Lavalle, A Case of the Zaps is a charming, heartfelt picture book that will spark a conversation about anxiety and mental health with readers of every generation, illustrated by James Kwan. Meet 3.14159265358979323846264338327950 . . . or Pi, for short. Pi’s just like any other kid robot: They love to listen to music, play with their dog, and hang…",https://books.google.com/books/content?id=w5ldEAAAQBAJ&printsec=frontcover&img=1&zoom=1&edge=curl&source=gbs_api,,,,,,https://www.amazon.com/s?k=9781647004057
The Whatifs,Emily Kilgore,6-8,children_fiction,children,Self-Management,anxiety,WeAreTeachers,9781760509316,"Cora is constantly worrying about everything. Because of this, the Whatifs love her. They sneak up to her and give her all kinds of doubts: big or small, silly or frightening, likely or impossible. What if my dog runs away? What if I forget my homework? What if the sun stops shining? What if my crayon breaks? As Cora prepares for an upcoming piano recital, the Whatifs cling on tighter and drag…",https://books.google.com/books/content?id=7UxrzgEACAAJ&printsec=frontcover&img=1&zoom=1&source=gbs_api,,,,,,https://www.amazon.com/s?k=9781760509316
Jabari Jumps,Gaia Cornwall,6-8,children_fiction,children,Self-Management,"fear,confidence,resilience",WeAreTeachers,9781536220674,"Working up the courage to take a big, important leap is hard, but Jabari is almost absolutely ready to make a giant splash. Jabari is definitely ready to jump off the diving board. He’s finished his swimming lessons and passed his swim test, and he’s a great jumper, so he’s not scared at all. “Looks easy,” says Jabari, watching the other kids take their turns. But when his dad squeezes his hand,…",https://books.google.com/books/content?id=cKr9DwAAQBAJ&printsec=frontcover&img=1&zoom=1&edge=curl&source=gbs_api,,,,,,https://www.amazon.com/s?k=9781536220674
The Book of Mistakes,Corinna Luyken,6-8,children_fiction,children,Self-Management,"perfectionism,growth-mindset",WeAreTeachers,9780605005327,,,,,,,,https://www.amazon.com/s?k=9780605005327
The Invisible Boy,Trudy Ludwig,6-9,children_fiction,children,Social-Awareness,"inclusion,friendship,empathy",WeAreTeachers,9780449818206,"A gentle story that teaches how small acts of kindness can help children feel included and allow them to flourish, from esteemed author and speaker Trudy Ludwig and acclaimed illustrator Patrice Barton. A simple act of kindness can transform an invisible boy into a friend... Meet Brian, the invisible boy. Nobody in class ever seems to notice him or think to include him in their group, game, or…",https://books.google.com/books/content?id=2_pRiQ119b0C&printsec=frontcover&img=1&zoom=1&edge=curl&source=gbs_api,5,1,,,,https://www.amazon.com/s?k=9780449818206
Those Shoes,Maribeth Boelts,6-9,children_fiction,children,Social-Awareness,"empathy,perspective-taking",WeAreTeachers,9780763691486,"But all the kids are wearing them! Any child who has ever craved something out of reach will relate to this warm, refreshingly realistic story. Features an audio read-along. ""I have dreams about those shoes. Black high-tops. Two white stripes."" All Jeremy wants is a pair of those shoes, the ones everyone at school seems to be wearing. But Jeremy’s grandma tells him they don’t have room for…",https://books.google.com/books/content?id=AI4hDQAAQBAJ&printsec=frontcover&img=1&zoom=1&edge=curl&source=gbs_api,,,,,,https://www.amazon.com/s?k=9780763691486
My Very Own Space,Pippa Goodhart & Rebecca Crane,6-8,children_fiction,children,Relationship-Skills,"conflict,social-skills",WeAreTeachers,9781911171126,"A little rabbit is trying to read his book in peace, but there's so much going on around him! Maybe he needs some space just for himself... With minimal text accompanying beautiful and sweet illustrations, this charming picture book explores ideas of personal space and sharing in a way that even very young children can enjoy.",https://books.google.com/books/content?id=sBeREAAAQBAJ&printsec=frontcover&img=1&zoom=1&source=gbs_api,,,,,,https://www.amazon.com/s?k=9781911171126
Eyes That Kiss in the Corners,Joanna Ho,6-8,children_fiction,children,Self-Awareness,"identity,self-acceptance,diversity",WeAreTeachers,9780063082175,"A New York Times Bestseller and #1 Indie Bestseller · A Bank Street Best Children’s Book of the Year · A School Library Journal Best Book of 2021 · Included in NPR’s 2021 Books We Love List · Featured in Forbes, Oprah Daily, The Cut, and Book Riot · Golden Poppy Book Award Winner · Featured in Chicago Public Library’s Best Books of 2021 · 2021 Nerdy Award Winner · A Kirkus Children's Best Book of…",https://books.google.com/books/content?id=P3_2DwAAQBAJ&printsec=frontcover&img=1&zoom=1&edge=curl&source=gbs_api,,,,,,https://www.amazon.com/s?k=9780063082175
I Love Strawberries!,Shannon Anderson,6-9,children_fiction,children,Responsible-Decision-Making,"responsibility,growth-mindset",WeAreTeachers,9781948898065,"Jolie LOVES strawberries! She loves them so much she's determined to grow her very own plants. But her parents aren't sure she's ready. Jolie and her faithful rabbit, Munchy, find out just how fun - and complicated - it can be to grow your own food in this delicious story.",https://books.google.com/books/content?id=yMyNzgEACAAJ&printsec=frontcover&img=1&zoom=1&source=gbs_api,,,,,,https://www.amazon.com/s?k=9781948898065
Argyle Fox,Marie Letourneau,6-8,children_fiction,children,Self-Management,"resilience,growth-mindset",WeAreTeachers,9781939100108,"Argyle Fox, with his signature style, wants to play outside on a springtime day, but the wind is wreaking havoc with his fun and games. As soon as he builds a card tower, climbs into a giant spider web, or takes up his pirate sword, here comes the wind: Woosh! Mama Fox tells grumpy Argyle that if he thinks long enough, he will come up with something to do. Following his mother's suggestion and…",https://books.google.com/books/content?id=BY4pDwAAQBAJ&printsec=frontcover&img=1&zoom=1&edge=curl&source=gbs_api,,,,,,https://www.amazon.com/s?k=9781939100108
A Small Kindness,Stacy McAnulty,6-8,children_fiction,children,Social-Awareness,"kindness,empathy",WeAreTeachers,9780762495238,"Teach the importance of goodwill with this impactful picture book with a solid pay-it-forward message to encourage kindness in young children—from the award-winning author of Excellent Ed and Sun! One In a Billion. It was like a game of tag, with one small act of kindness spreading throughout a small community of kids and teachers alike. Award-winning children's book author Stacy McAnulty packs a…",https://books.google.com/books/content?id=PCHqDwAAQBAJ&printsec=frontcover&img=1&zoom=1&edge=curl&source=gbs_api,,,,,,https://www.amazon.com/s?k=9780762495238
Evelyn Del Rey Is Moving Away,Meg Medina,6-8,children_fiction,children,Self-Management,"moving,friendship,loss",WeAreTeachers,9781536207040,The 2020 Jumpstart Read for the Record Selection (2.24 million readers) * An American Library Association Notable Children’s Book * A Publisher’s Weekly Best Children’s Book of the Year * A Kirkus Reviews Best Picture Book of the Year * A School Library Journal Best Book of the Year From Newbery Medalist and New York Times best-selling author Meg Medina comes the bittersweet story of two girls…,https://books.google.com/books/content?id=cePbDwAAQBAJ&printsec=frontcover&img=1&zoom=1&edge=curl&source=gbs_api,,,,,,https://www.amazon.com/s?k=9781536207040
The Circles in the Sky,Karl James Mountford,6-9,children_fiction,children,Self-Management,"grief,loss",WeAreTeachers,9781529515060,,https://books.google.com/books/content?id=G9-izwEACAAJ&printsec=frontcover&img=1&zoom=1&source=gbs_api,,,,,,https://www.amazon.com/s?k=9781529515060
Big Feelings,Alexandra Penfold,6-8,children_fiction,children,Self-Awareness,"emotions,emotional-literacy,resilience",WeAreTeachers,9780525579762,"The newest picture book from the creators of All Are Welcome to help children navigate BIG FEELINGS! In their bestselling picture book All Are Welcome, Alexandra Penfold and Suzanne Kaufman celebrate kindness, inclusivity, and diversity. Now with Big Feelings, they help children navigate the emotional challenges they face in their daily lives. What should we do when things don't go to plan? We…",https://books.google.com/books/content?id=StDtDwAAQBAJ&printsec=frontcover&img=1&zoom=1&edge=curl&source=gbs_api,,,,,,https://www.amazon.com/s?k=9780525579762
Cranky Right Now,Julie Berry,6-8,children_fiction,children,Self-Management,"anger,emotions",WeAreTeachers,9781683646655,"Sometimes we’re all cranky, and that’s okay! Cranky Right Now shows kids how to deal with those cranky days. Cranky Right Now brings a much-needed message to kids: sometimes we’re all cranky. Maybe we’re tired, we’re hungry, or we’re just feeling grumpy. Dealing with emotions can be hard. Cranky Right Now is a fun and funny ride through the ups and downs of being cranky, helping kids process…",https://books.google.com/books/content?id=tZOvEAAAQBAJ&printsec=frontcover&img=1&zoom=1&edge=curl&source=gbs_api,,,,,,https://www.amazon.com/s?k=9781683646655
Ruthie and the (Not So) Teeny Tiny Lie,Laura Rankin,6-8,children_fiction,children,Responsible-Decision-Making,honesty,WeAreTeachers,9780545080682,"Ruthie loves tiny things and when she finds a tiny camera on the playground she is very happy, but after she lies and says the camera belongs to her, nothing seems to go right.",https://books.google.com/books/content?id=wl36JQafdPMC&printsec=frontcover&img=1&zoom=1&source=gbs_api,,,,,,https://www.amazon.com/s?k=9780545080682
Stop and Smell the Cookies,Gibson Frazier,6-8,children_fiction,children,Self-Management,"impulse-control,mindfulness",WeAreTeachers,9780525517146,"A picture book about a rambunctious boy who learns to manage his big feelings. Sometimes Dash gets so excited that his chest feels warm and fuzzy, his toes dance, and his fingertips tickle the air. When that starts, he can’t seem to control what he does next, and often, trouble follows. Luckily, with a little help, Dash finds a way to slow himself down when big feelings threaten to take over.…",https://books.google.com/books/content?id=gkN2EAAAQBAJ&printsec=frontcover&img=1&zoom=1&edge=curl&source=gbs_api,,,,,,https://www.amazon.com/s?k=9780525517146
My Mouth Is a Volcano!,Julia Cook,6-9,children_fiction,children,Self-Management,"impulse-control,communication",WeAreTeachers,9781484438602,"This story provides parents, teachers, and counselors with an entertaining way to teach children the value of respecting others by listening and waiting for their turn to speak.",https://books.google.com/books/content?id=jnqBzwEACAAJ&printsec=frontcover&img=1&zoom=1&source=gbs_api,,,,,,https://www.amazon.com/s?k=9781484438602
You Will Be My Friend!,Peter Brown,6-8,children_fiction,children,Relationship-Skills,"friendship,social-skills",WeAreTeachers,9781549127601,"Lucy, a young bear, starts her day determined to make a new friend but her enthusiasm leads to all sorts of problems until, just as she is about to give up, an unexpected friend finds her.",https://books.google.com/books/content?id=sGgLyAEACAAJ&printsec=frontcover&img=1&zoom=1&source=gbs_api,,,,,,https://www.amazon.com/s?k=9781549127601
The Rough Patch,Brian Lies,6-9,children_fiction,children,Self-Management,"grief,resilience",WeAreTeachers,9780062671271,"A Caldecott Honor Book An ALA Notable Book A breathtakingly beautiful and luminescent book that is pitch-perfect for anyone of any age who has experienced any type of loss or disappointment, from New York Times–bestselling picture book creator Brian Lies. New York Times–bestselling author-illustrator Brian Lies has created a beautiful, accessible, and deeply personal story about friendship, loss,…",https://books.google.com/books/content?id=wgm2swEACAAJ&printsec=frontcover&img=1&zoom=1&source=gbs_api,,,,,,https://www.amazon.com/s?k=9780062671271
The Drama Llama,Rachel Morrisroe,6-8,children_fiction,children,Self-Management,"anxiety,social-skills",WeAreTeachers,9781728283142,"One day a WORRY comes to stay and simply will not go away! ""Whenever he was worried or whenever there was drama, Alex Allen's brain produced . . . A living breathing Llama!"" Alex Allen, like lots of children, sometimes worries about things—like dancing badly or getting an answer wrong in class. But unlike lots of children, every time he worries a real-life llama appears! And the more Alex…",https://books.google.com/books/content?id=KFS2EAAAQBAJ&printsec=frontcover&img=1&zoom=1&edge=curl&source=gbs_api,,,,,,https://www.amazon.com/s?k=9781728283142
Finding Grateful,Dianne White,6-8,children_fiction,children,Social-Awareness,"gratitude,mindfulness",WeAreTeachers,9781797220536,"""This sweet, soft focus meditation on being gratefully present is a relaxing read-aloud for both parent and child."" —The New York Times A heartfelt picture book that celebrates embracing the moment and finding gratitude right here, right now. What does grateful look like? How does it feel? How do you find it? Even in the face of a challenge, you don’t need a map: You just need to pay attention to…",https://books.google.com/books/content?id=h4zPEAAAQBAJ&printsec=frontcover&img=1&zoom=1&edge=curl&source=gbs_api,,,,,,https://www.amazon.com/s?k=9781797220536
The Rabbit Listened,Cori Doerrfeld,6-8,children_fiction,children,Self-Management,"grief,empathy,emotions",WeAreTeachers,9780735229358,"NEW YORK TIMES BESTSELLER • A moving and universal picture book about the power of listening to show empathy and kindness, sure to soothe heartaches big and small. ONE OF THE BEST CHILDREN’S BOOKS OF THE YEAR: The New York Times Book Review, Time, The Wall Street Journal, New York Public Library, Chicago Public Library, Kirkus Reviews, Publishers Weekly When something sad happens, Taylor doesn't…",https://books.google.com/books/content?id=gYtIDwAAQBAJ&printsec=frontcover&img=1&zoom=1&edge=curl&source=gbs_api,,,,,,https://www.amazon.com/s?k=9780735229358
A Sick Day for Amos McGee,Philip C. Stead,6-8,children_fiction,children,Relationship-Skills,"friendship,kindness,empathy",WeAreTeachers,9781626721050,"A sumptuous new gift edition of the Caldecott Medal winning classic, which includes a cloth-bound slipcase and book. THE BEST SICK DAY EVER and the animals in the zoo feature in this striking picture book debut. Friends come in all sorts of shapes and sizes. In Amos McGee's case, all sorts of species, too! Every day he spends a little bit of time with each of his friends at the zoo, running races…",https://books.google.com/books/content?id=Hh_GwQEACAAJ&printsec=frontcover&img=1&zoom=1&source=gbs_api,,,,,,https://www.amazon.com/s?k=9781626721050
Silver Linings,Fiona Woodcock,6-8,children_fiction,children,Self-Management,"resilience,empathy",WeAreTeachers,9780062995902,,https://books.google.com/books/content?id=9iIuzwEACAAJ&printsec=frontcover&img=1&zoom=1&source=gbs_api,,,,,,https://www.amazon.com/s?k=9780062995902
Lola and the Troll,Connie Schultz,6-9,children_fiction,children,Social-Awareness,"bullying,self-esteem",WeAreTeachers,9780593527658,"A debut picture book by Pulitzer Prize winning journalist and New York Times bestselling author Connie Schultz, about a young girl named Lola who decides to be brave and stand up to a bully. Lola is a happy kid who loves recess and her imaginary dog, Tank. There’s just one problem: the neighborhood bully. He hides behind a troll costume and says mean things to everyone who walks by, including…",https://books.google.com/books/content?id=ise9EAAAQBAJ&printsec=frontcover&img=1&zoom=1&edge=curl&source=gbs_api,,,,,,https://www.amazon.com/s?k=9780593527658
Daisy,Jessixa Bagley,6-8,children_fiction,children,Social-Awareness,"bullying,self-esteem",WeAreTeachers,9780823446506,"When Daisy the warthog's classmates tease her, she finds comfort collecting lost and forgotten things. She knows they're special - and soon she meets a friend who knows it too. ""Daisies seem so simple on the surface, but when you look closely you see their hidden beauty."" That's what Daisy the warthog's mom always says, and it's the reason she got her name. But when Daisy goes to school, she…",https://books.google.com/books/content?id=BhkSEAAAQBAJ&printsec=frontcover&img=1&zoom=1&edge=curl&source=gbs_api,,,,,,https://www.amazon.com/s?k=9780823446506
Rulers of the Playground,Joseph Kuefler,6-8,children_fiction,children,Relationship-Skills,"friendship,social-skills,conflict",WeAreTeachers,9780062424327,"A stunning picture book about sharing, friendship, and kindness in a playground setting from Joseph Kuefler, the author/illustrator of Beyond the Pond. Perfect for fans of Jon Klassen and Oliver Jeffers. One morning, Jonah decided to become ruler of the playground. Everyone agreed to obey his rules to play in King Jonah’s kingdom . . . Everyone except for Lennox . . . because she wanted to rule…",https://books.google.com/books/content?id=voi6DAEACAAJ&printsec=frontcover&img=1&zoom=1&source=gbs_api,,,,,,https://www.amazon.com/s?k=9780062424327
A Friend for Henry,Jenn Bailey,6-8,children_fiction,children,Relationship-Skills,"friendship,inclusion,diversity",WeAreTeachers,9781452168296,"In Classroom Six, second left down the hall, Henry has been on the lookout for a friend. A friend who shares. A friend who listens. Maybe even a friend who likes things to stay the same and all in order, as Henry does. But on a day full of too close and too loud, when nothing seems to go right, will Henry ever find a friend—or will a friend find him? With insight and warmth, this heartfelt story…",https://books.google.com/books/content?id=GV5xDwAAQBAJ&printsec=frontcover&img=1&zoom=1&edge=curl&source=gbs_api,,,,,,https://www.amazon.com/s?k=9781452168296
Milo Imagines the World,Matt de la Peña,6-9,children_fiction,children,Social-Awareness,"empathy,perspective-taking",WeAreTeachers,9780399549090,"The team behind the Newbery Medal winner and Caldecott Honor book Last Stop on Market Street and the award-winning New York Times bestseller Carmela Full of Wishes once again delivers a poignant and timely picture book that's sure to become an instant classic. Milo is on a long subway ride with his older sister. To pass the time, he studies the faces around him and makes pictures of their lives.…",https://books.google.com/books/content?id=3AzhDwAAQBAJ&printsec=frontcover&img=1&zoom=1&edge=curl&source=gbs_api,4,1,,,,https://www.amazon.com/s?k=9780399549090
I Am a Thundercloud,Leah Moser,6-8,children_fiction,children,Self-Management,"anger,emotions,emotional-literacy",WeAreTeachers,9780762484690,"Big feelings are hard to manage, especially when you’re a small person trying to understand yourself and the world. For those confusing stormy days, I Am a Thundercloud helps readers relate to their feelings through the sounds, sensations and colors of nature, making them feel comfortable and lighter. Having emotions, even angry ones, is a part of being human. In Leah Moser’s I Am a Thundercloud…",https://books.google.com/books/content?id=zmfPEAAAQBAJ&printsec=frontcover&img=1&zoom=1&edge=curl&source=gbs_api,,,,,,https://www.amazon.com/s?k=9780762484690
Be Kind,Pat Zietlow Miller,6-8,children_fiction,children,Social-Awareness,"kindness,empathy,inclusion",WeAreTeachers/MacKids,9781626723214,"A thoughtful picture book illustrating the power of small acts of kindness, from the award-winning author of Sophie's Squash.",https://books.google.com/books/content?id=ARNFDwAAQBAJ&printsec=frontcover&img=1&zoom=1&edge=curl&source=gbs_api,,,,,,https://www.amazon.com/s?k=9781626723214
What to Do When You Worry Too Much: A Kid's Guide to Overcoming Anxiety,Dawn Huebner,6-12,children_nonfiction,"children,educators",Self-Management,anxiety,Child Mind Institute,9781433844898,"Can kids learn to shrink their worries? Yes—and this workbook shows them how! Worries can feel like weeds—once they start growing, they can take over everything. For kids, those worries can seem impossible to control. But with the right tools, they can learn to stop feeding their fears and start feeling calm and confident again. This updated edition of What to Do When You Worry Too Much is a…",https://books.google.com/books/content?id=wZxuEQAAQBAJ&printsec=frontcover&img=1&zoom=1&edge=curl&source=gbs_api,,,,,,https://www.amazon.com/s?k=9781433844898
The Fix-It Friends: Have No Fear!,Nicole C. Kear,7-10,children_fiction,children,Self-Management,"anxiety,fear",Child Mind Institute,9781250115775,"Seven-year-old Veronica, who's good at solving problems, starts the Fix-It Friends after she and her brother and their friends help her new classmate get over her fear of spiders. Includes notes for children and their parents.",https://books.google.com/books/content?id=XAKgDgAAQBAJ&printsec=frontcover&img=1&zoom=1&edge=curl&source=gbs_api,,,,,,https://www.amazon.com/s?k=9781250115775
How Big Are Your Worries Little Bear?,Jayneen Sanders,6-10,children_fiction,children,Self-Management,anxiety,Child Mind Institute,9781925089202,"Little Bear is a worrier. He worries about everything! But with Mama Bear's help, he soon learns his worries are not so big after all. Through this engaging story children will learn that everyday worries and fears can be overcome. Discussion questions and extra hints to help children manage anxiety are included.",https://books.google.com/books/content?id=vchvswEACAAJ&printsec=frontcover&img=1&zoom=1&source=gbs_api,,,,,,https://www.amazon.com/s?k=9781925089202
Ruby Finds a Worry,Tom Percival,6-8,children_fiction,children,Self-Management,anxiety,Child Mind Institute,9781663635464,,https://books.google.com/books/content?id=94mwzgEACAAJ&printsec=frontcover&img=1&zoom=1&source=gbs_api,,,,,,https://www.amazon.com/s?k=9781663635464
Hattie Harmony: Worry Detective,Elizabeth Olsen & Robbie Arnett,6-8,children_fiction,children,Self-Management,"anxiety,school-anxiety",Child Mind Institute,9780593351451,"An instant #1 New York Times bestseller! Award-winning actress Elizabeth Olsen and esteemed musician Robbie Arnett have created a fresh approach to wellness in a new series that shows children ways to manage anxiety. A perfect back-to-school read! Meet Hattie Harmony, Worry Detective. She’s always there to help her friends when they need her. And the first day of school can cause a lot of…",https://books.google.com/books/content?id=3npQEAAAQBAJ&printsec=frontcover&img=1&zoom=1&edge=curl&source=gbs_api,,,,,,https://www.amazon.com/s?k=9780593351451
Don't Feed the WorryBug,Andi Green,6-8,children_fiction,children,Self-Management,anxiety,Child Mind Institute,9780979286070,"Meet Wince, The Monster of Worry, and his number one nemesis, the WorryBug! In this engaging follow-up to The Monster Who Couldn't Decide, Andi Green has created a whimsical adventure that brings another emotion to life. Join Wince as he discovers the secret to keeping his worries from getting monstrous. Using unique drawings and clever rhymes, Don't Feed The WorryBug carries an insightful…",,,,,,,https://www.amazon.com/s?k=9780979286070
Invisible Isabel,Sally J. Pla,8-12,children_fiction,children,Self-Management,"anxiety,school-anxiety",Child Mind Institute,9780063268869,"From award-winning author Sally J. Pla comes an illustrated middle grade novel about introverted Isabel Beane, who learns to speak up to quiet her worries. This thoughtful, earnest story is perfect for fans of Elana K. Arnold and Leslie Connor. Isabel Beane is a shy girl who lives in a home full of havoc and hubbub and hullabaloo. With five siblings, there is always too much too much-ness. At…",https://books.google.com/books/content?id=qjncEAAAQBAJ&printsec=frontcover&img=1&zoom=1&edge=curl&source=gbs_api,,,,,,https://www.amazon.com/s?k=9780063268869
The Worry Monster,Dr. Catherine Cook-Cottone,6-8,children_fiction,children,Self-Management,anxiety,Child Mind Institute,9780593567937,"Give kids tools to calm their inner worry monster with this interactive, vibrantly illustrated book! Tried-and-true methods from a child pscyhologist will have little ones mindfully breathing, practicing gratitude, and gracefully surfing their worry waves. “We all have a worry monster, but Dr. Catherine Cook-Cottone teaches us how we can tame it with a bunch of strategies in her adorable The…",https://books.google.com/books/content?id=CfL4EAAAQBAJ&printsec=frontcover&img=1&zoom=1&edge=curl&source=gbs_api,,,,,,https://www.amazon.com/s?k=9780593567937
Cory Stories: A Kid's Book About Living With ADHD,Jeanne Kraus,6-11,children_fiction,children,Self-Management,adhd,Child Mind Institute,9781591471486,A young boy named Corey explains what it feels like to have attention-deficit hyperactivity disorder and how his parents and his doctor have helped him learn to adjust to it.,https://books.google.com/books/content?id=2QTaJgAACAAJ&printsec=frontcover&img=1&zoom=1&source=gbs_api,1,1,,,,https://www.amazon.com/s?k=9781591471486
That Always Happens Sometimes,Kiley Frank,6-8,children_fiction,children,Self-Management,adhd,Child Mind Institute,9781984852434,"Max is not exactly a perfect kid. From sunup through his school day and right until bedtime, he’s goofy, disorganized, and generally uncontainable—much to the frustration of those around him. But when a little enthusiasm and creativity are in order, you can count on Max to save the day! A BOOKLIST BEST BOOK OF THE YEAR Do you have a list of things to do every morning before school, but you…",https://books.google.com/books/content?id=VeziEAAAQBAJ&printsec=frontcover&img=1&zoom=1&edge=curl&source=gbs_api,,,,,,https://www.amazon.com/s?k=9781984852434
Wonder,R.J. Palacio,8-12,children_fiction,children,Social-Awareness,"bullying,inclusion,empathy",Child Mind Institute,9781524720193,"Auggie Pullman, who was born with extreme facial abnormalities, goes from being home-schooled to entering fifth grade at a private middle school in Manhattan, which entails enduring the taunting and fear of his classmates.",https://books.google.com/books/content?id=p5ozDwAAQBAJ&printsec=frontcover&img=1&zoom=1&edge=curl&source=gbs_api,4,6,,,,https://www.amazon.com/s?k=9781524720193
Tease Monster: A Book About Teasing vs. Bullying,Julia Cook,6-10,children_fiction,children,Social-Awareness,bullying,Child Mind Institute,9781934490471,"Part of the Building Relationships series by Julia Cook, this quirky tale teaches K-6 readers the difference between friendly teasing and mean teasing. Understanding the difference can help develop friendship skills and advance social emotional learning. Youngsters will learn how to react to both types of teasing -- when to laugh along with it, ignore it, or get help from a trusted adult when it…",https://books.google.com/books/content?id=IqcbBAAAQBAJ&printsec=frontcover&img=1&zoom=1&edge=curl&source=gbs_api,,,,,,https://www.amazon.com/s?k=9781934490471
Am I a Bully?,Hope Gilchrist,6-9,children_fiction,children,Social-Awareness,bullying,Child Mind Institute,9781718839946,This book was written to bring awareness to bullying with young children. It helps explain the different ways bullying can be displayed. It also helps show that people can change their behavior at anytime.,,,,,,,https://www.amazon.com/s?k=9781718839946
Warp Speed,Lisa Yee,8-12,children_fiction,children,Social-Awareness,"bullying,resilience",Child Mind Institute,9780545543422,"Lisa Yee returns to her core strength in older middle-grade fiction and the characters that made her famous in this ""Diary of a Wimpy Trekkie."" Entering 7th grade is no big deal for Marley Sandelski: Same old boring classes, same old boring life. The only thing he has to look forward to is the upcoming Star Trek convention. But when he inadvertently draws the attention of Digger Ronster, the…",https://books.google.com/books/content?id=mh_Rh_TBr1YC&printsec=frontcover&img=1&zoom=1&edge=curl&source=gbs_api,,,,,,https://www.amazon.com/s?k=9780545543422
Chrysanthemum,Kevin Henkes,6-8,children_fiction,children,Social-Awareness,"bullying,self-esteem",Child Mind Institute,9780440848127,"Chrysanthemum loves her name, until she starts going to school and the other children make fun of it.",https://books.google.com/books/content?id=5lPDVQNIWDoC&printsec=frontcover&img=1&zoom=1&source=gbs_api,,,,,,https://www.amazon.com/s?k=9780440848127
I Miss You: A First Look at Death,Pat Thomas,6-8,children_nonfiction,"children,educators",Self-Management,"grief,loss",Child Mind Institute,9781438083896,"When a close friend or family member dies, it can be sad for kids and difficult for them to express the big feelings they are experiencing. This book will help explain in a gentle way that death is a natural complement to life and that grief and a sense of loss are normal feelings to have following the death of a loved one. Parents, teachers, and gift givers will find: language that is simple,…",https://books.google.com/books/content?id=W2pnEAAAQBAJ&printsec=frontcover&img=1&zoom=1&edge=curl&source=gbs_api,,,,,,https://www.amazon.com/s?k=9781438083896
The Invisible String,Patrice Karst,6-8,children_fiction,children,Self-Management,"grief,loss,anxiety",Child Mind Institute,9780316570879,"Parents, educators, therapists, and social workers alike have declared The Invisible String the perfect tool for coping with all kinds of separation anxiety, loss, and grief. In this relatable and reassuring contemporary classic, a mother tells her two children that they're all connected by an invisible string. ""That's impossible!"" the children insist, but still they want to know more: ""What kind…",https://books.google.com/books/content?id=l4K6zwEACAAJ&printsec=frontcover&img=1&zoom=1&source=gbs_api,,,,,,https://www.amazon.com/s?k=9780316570879
When Dinosaurs Die,Laurie Krasny Brown & Marc Brown,6-9,children_nonfiction,"children,educators",Self-Management,"grief,loss",Child Mind Institute,9780545055116,"Dinosaurs were the biggest, most powerful animals that ever walked the earth. Now they are all gone. How did they become extinct?--Cover p. [4].",,,,,,,https://www.amazon.com/s?k=9780545055116
One Wave at a Time,Holly Thompson,6-8,children_fiction,children,Self-Management,"grief,loss",Child Mind Institute,9781791104603,"After his father dies, Kai experiences all kinds of emotions: sadness, anger, fear, guilt. Sometimes they crash and mix together. Other times, there are no emotions at all—just flatness. As Kai and his family adjust to life without Dad, the waves still roll in. But with the help of friends and one another, they learn to cope—and, eventually, heal. A lyrical story about grieving for anyone…",https://books.google.com/books/content?id=Fci2DwAAQBAJ&printsec=frontcover&img=1&zoom=1&edge=curl&source=gbs_api,,,,,,https://www.amazon.com/s?k=9781791104603
Mr. Worry: A Story About OCD,Holly L. Niner,7-12,children_fiction,children,Self-Management,"anxiety,perfectionism",Child Mind Institute,9780807594728,"Kevin can't get to sleep at night until he does many things. He checks under his bed for a light he knows isn't there, and then, a minute later, he checks again. Kevin wants to stop, but the worry thoughts keep coming.",https://books.google.com/books/content?id=I043EAAAQBAJ&printsec=frontcover&img=1&zoom=1&edge=curl&source=gbs_api,,,,,,https://www.amazon.com/s?k=9780807594728
Up and Down the Worry Hill,Aureen Pinto Wagner,7-10,children_nonfiction,"children,educators",Self-Management,"anxiety,perfectionism",Child Mind Institute,9780967734705,"Over one million children and adolescents in the US suffer from Obsessive-Compulsive Disorder (OCD), a baffling illness that can be debilitating for the child in school, with friends and family. Help is now available! Cognitive-Behavioral Therapy (CBT) is the gold standard of treatment for OCD, and offers youngsters and their families the path to mastery over OCD. In this uniquely creative and…",https://books.google.com/books/content?id=oaNlPwAACAAJ&printsec=frontcover&img=1&zoom=1&source=gbs_api,,,,,,https://www.amazon.com/s?k=9780967734705
Finding Perfect,Elly Swartz,9-12,children_fiction,children,Self-Management,"perfectionism,anxiety",Child Mind Institute,9781663635235,,https://books.google.com/books/content?id=1WSyzgEACAAJ&printsec=frontcover&img=1&zoom=1&source=gbs_api,,,,,,https://www.amazon.com/s?k=9781663635235
Fish in a Tree,Lynda Mullaly Hunt,8-12,children_fiction,children,Self-Awareness,"self-esteem,confidence,friendship",Child Mind Institute,9780399162596,"A New York Times Bestseller • An emotionally-charged, uplifting novel that will speak to anyone who’s ever thought there was something wrong with them because they didn’t fit in. ""Fans of R.J. Palacio’s Wonder will appreciate this feel-good story of friendship and unconventional smarts.” —Kirkus Reviews “Everybody is smart in different ways. But if you judge a fish by its ability to climb a tree,…",https://books.google.com/books/content?id=l-hvDwAAQBAJ&printsec=frontcover&img=1&zoom=1&edge=curl&source=gbs_api,4.5,4,,,,https://www.amazon.com/s?k=9780399162596
In My Heart: A Book of Feelings,Jo Witek,6-8,children_fiction,children,Self-Awareness,"emotions,emotional-literacy",Child Mind Institute,9781647008284,"New York Times Bestseller! “A must-have for any storytime.” ―Kirkus Reviews “Childlike drawings evoke each feeling with a playful style.” ―Publishers Weekly “Evocative imagery, popping with bright colors.” —School Library Journal Happiness, sadness, bravery, anger, shyness . . . celebrate feelings in all their shapes and sizes in this full-color picture book from the Growing Hearts series! Our…",https://books.google.com/books/content?id=WkpVEAAAQBAJ&printsec=frontcover&img=1&zoom=1&edge=curl&source=gbs_api,,,,,,https://www.amazon.com/s?k=9781647008284
When Sophie Gets Angry,Molly Bang,6-8,children_fiction,children,Self-Management,"anger,emotional-literacy",Child Mind Institute,9780545380195,A young girl is upset and doesn't know how to manage her anger but takes the time to cool off and regain her composure.,https://books.google.com/books/content?id=_YN2rgEACAAJ&printsec=frontcover&img=1&zoom=1&source=gbs_api,,,,,,https://www.amazon.com/s?k=9780545380195
When Sadness Is at Your Door,Eva Eland,6-8,children_fiction,children,Self-Management,"sadness,emotions",Child Mind Institute,9780525707196,"A comforting primer in emotional literacy and mindfulness that suggests we approach the feeling of sadness as if it is our guest. Sadness can be scary and confusing at any age! When we feel sad, especially for long periods of time, it can seem as if the sadness is a part of who we are--an overwhelming, invisible, and scary sensation. In When Sadness Is at Your Door, Eva Eland brilliantly…",https://books.google.com/books/content?id=_ztgDwAAQBAJ&printsec=frontcover&img=1&zoom=1&edge=curl&source=gbs_api,,,,,,https://www.amazon.com/s?k=9780525707196
A Terrible Thing Happened,Margaret M. Holmes,6-9,children_fiction,children,Self-Management,"stress,grief",Child Mind Institute,9781433834776,"A Gentle Story to Help Children Talk About Difficult Feelings After a Traumatic or Confusing Event Some experiences are hard to talk about, especially for children. A Terrible Thing Happened is a comforting picture book that helps kids make sense of big emotions after something upsetting has happened. Without naming the event, the story follows Sherman, a young raccoon who begins to feel worried,…",https://books.google.com/books/content?id=2DWdEQAAQBAJ&printsec=frontcover&img=1&zoom=1&edge=curl&source=gbs_api,,,,,,https://www.amazon.com/s?k=9781433834776
The War That Saved My Life,Kimberly Brubaker Bradley,9-12,children_fiction,children,Self-Management,"grief,resilience,stress",Child Mind Institute,9780147510488,"*Newbery Honor book *Winner of the Schneider Family Book Award *Forbes 25 Top Historical Fiction Books Of All Time selection﻿ This #1 New York Times bestseller is an exceptionally moving story of triumph against all odds set during World War II, from the acclaimed author of Fighting Words, and for fans of Fish in a Tree and Sarah, Plain and Tall. Ten-year-old Ada has never left her one-room…",https://books.google.com/books/content?id=Vx5hDQAAQBAJ&printsec=frontcover&img=1&zoom=1&edge=curl&source=gbs_api,5,9,,,,https://www.amazon.com/s?k=9780147510488
Red: A Crayon's Story,Michael Hall,6-9,children_fiction,children,Self-Awareness,"identity,self-acceptance",Child Mind Institute,9780062371805,"A blue crayon mistakenly labeled as ""red"" suffers an identity crisis in this picture book by the New York Times–bestselling creator of My Heart Is Like a Zoo. This funny, heartwarming, colorful picture book about finding the courage to be true to your inner self can be read on multiple levels, and it offers something for everyone. Funny, insightful, and colorful, Red: A Crayon's Story is about…",https://books.google.com/books/content?id=P6HXBAAAQBAJ&printsec=frontcover&img=1&zoom=1&edge=curl&source=gbs_api,5,3,,,,https://www.amazon.com/s?k=9780062371805
Lola's Words Disappeared,Elaheh Bos,6-8,children_fiction,children,Self-Management,"anxiety,social-skills",Child Mind Institute,9781482674989,"As Lola starts school, something strange happens. Her words disappear! Now Lola must find new ways to give her words the courage to come back. This is the companion book to Lola's Words Disappeared Book written to help children with selective mutism. This activity book and journal takes learning into the practical phase by providing questions that generate personal awareness. It reinforces key…",https://books.google.com/books/content?id=fxiKnQEACAAJ&printsec=frontcover&img=1&zoom=1&source=gbs_api,,,,,,https://www.amazon.com/s?k=9781482674989
A Boy Called Bat,Elana K. Arnold,6-10,children_fiction,children,Social-Awareness,"diversity,friendship,inclusion",Child Mind Institute,9781338274561,"""For Bixby Alexander Tam (nicknamed Bat), life tends to be full of surprises -- some of them good, some not so good. Today, though, is a good-surprise day. Bat's mom, a veterinarian, has brought home a baby skunk, which she needs to take care of until she can hand him over to a wild-animal shelter. But the minute Bat meets the kit, he knows they belong together. And he's got one month to show his…",https://books.google.com/books/content?id=1tQgvwEACAAJ&printsec=frontcover&img=1&zoom=1&source=gbs_api,,,,,,https://www.amazon.com/s?k=9781338274561
Good Different,Meg Eden Kuyatt,8-12,children_fiction,children,Social-Awareness,"diversity,self-acceptance,inclusion",Child Mind Institute,9781338816129,"A Schneider Family Book Award Honor Book An extraordinary novel-in-verse for fans of Starfish and A Kind of Spark about a neurodivergent girl who comes to understand and celebrate her difference. Selah knows her rules for being normal. She always, always sticks to them. This means keeping her feelings locked tightly inside, despite the way they build up inside her as each school day goes on, so…",https://books.google.com/books/content?id=dXpuEAAAQBAJ&printsec=frontcover&img=1&zoom=1&edge=curl&source=gbs_api,5,1,,,,https://www.amazon.com/s?k=9781338816129
A Whole New Ballgame,Phil Bildner,8-12,children_fiction,children,Social-Awareness,"diversity,friendship",Child Mind Institute,9780374301309,"A school, sports, and friendship story perfect for fans of Mike Lupica's Comeback Kids.",https://books.google.com/books/content?id=1HoCCgAAQBAJ&printsec=frontcover&img=1&zoom=1&edge=curl&source=gbs_api,,,,,,https://www.amazon.com/s?k=9780374301309
What to Do When Your Temper Flares,Dawn Huebner,6-12,children_nonfiction,"children,educators",Self-Management,"anger,impulse-control",Magination Press,9781433845147,"An updated edition of the classic interactive self-help book What to Do When Your Temper Flares pairs everything that worked so well in the original—the conversational tone, interactive elements, clear and actionable strategies—with new mindfulness tools, reordered step-by-step instructions, and updated advice for modern issues. This book arms kids with a set of ""anger dousing"" methods aimed at…",https://books.google.com/books/content?id=G2lkEQAAQBAJ&printsec=frontcover&img=1&zoom=1&edge=curl&source=gbs_api,,,,,,https://www.amazon.com/s?k=9781433845147
What to Do When Mistakes Make You Quake,Claire A.B. Freeland & Jacqueline B. Toner,8-12,children_nonfiction,"children,educators",Self-Management,"perfectionism,resilience",Magination Press,9781433819308,"Explorers investigate places they have never been before. These explorers might take a while to make their discoveries. They might have trouble understanding their maps. They might make wrong turns. They might need to start their expedition all over again! If explorers could not accept their mistakes and keep going, they might never make any discoveries! Does this sound like you? If you have…",https://books.google.com/books/content?id=xAgSogEACAAJ&printsec=frontcover&img=1&zoom=1&source=gbs_api,,,,,,https://www.amazon.com/s?k=9781433819308
What to Do When You Feel Too Shy,Claire A.B. Freeland & Jacqueline B. Toner,6-12,children_nonfiction,"children,educators",Self-Management,"anxiety,social-skills,confidence",Magination Press,9789864513338,"The circus clown performed some tricks to make us laugh. They wear brightly colored clothes, big shoes, assorted wigs and colorful hats. Have you noticed that they seem to enjoy people looking at them and laughing at them? Many kids feel shy when they feel noticed, but some kids are super uncomfortable in the spotlight. Do you have this situation? If you feel too shy or nervous all too often, or…",https://books.google.com/books/content?id=A7F20AEACAAJ&printsec=frontcover&img=1&zoom=1&source=gbs_api,,,,,,https://www.amazon.com/s?k=9789864513338
What to Do When It's Not Fair,Jacqueline B. Toner & Claire A.B. Freeland,6-12,children_nonfiction,"children,educators",Self-Awareness,"emotions,conflict",Magination Press,9781433848858,"A practical, kid-friendly workbook to help children manage envy, jealousy, and ""it's not fair"" feelings Feeling jealous or thinking ""it’s not fair"" is a normal part of growing up, but when these emotions start to cause distress, conflict, or frustration, children may need extra support. This engaging workbook helps kids understand envy and jealousy, why these feelings show up, and how they can…",https://books.google.com/books/content?id=adOMEQAAQBAJ&printsec=frontcover&img=1&zoom=1&edge=curl&source=gbs_api,,,,,,https://www.amazon.com/s?k=9781433848858
What to Do When You Grumble Too Much,Dawn Huebner,6-12,children_nonfiction,"children,educators",Self-Awareness,"emotions,resilience,growth-mindset",Magination Press,9781591474500,"Did you know that life is like an obstacle course? It's exciting and fun, but full of tricky spots to get through. If you're a kid who feels so frustrated by those tricky spots that it's hard to enjoy the good things in life, this book is for you. What to Do When You Grumble Too Much guides children and their parents through the cognitive-behavioral techniques used to treat negative thinking.…",https://books.google.com/books/content?id=zmBkEQAAQBAJ&printsec=frontcover&img=1&zoom=1&edge=curl&source=gbs_api,,,,,,https://www.amazon.com/s?k=9781591474500
What to Do When You Don't Want to Be Apart,Kristen Lavallee & Sheryl Hendry,6-12,children_nonfiction,"children,educators",Self-Management,"anxiety,fear",Magination Press,9781433827136,"Hot air balloon pilots have wonderful adventures, where they get to see things they have never seen before and learn all about the world outside. Flying a hot air balloon sounds like a lot of fun to some kids. But for other kids, the idea of flying off on their own, away from their parents or homes, doesn't sound like fun at all. If you feel scared when you do something alone or away from your…",https://books.google.com/books/content?id=b2pkEQAAQBAJ&printsec=frontcover&img=1&zoom=1&edge=curl&source=gbs_api,,,,,,https://www.amazon.com/s?k=9781433827136
A Feel Better Book for Little Worriers,Holly Brochmann & Leah Bowen,6-8,children_nonfiction,"children,educators",Self-Management,anxiety,Magination Press,9781433827181,"The rhyming narration helps little kids to identify a worry and provides them with helpful tools to reduce and cope with worries. Worries can feel like a BIG problem to a LITTLE kid! A Feel Better Book for Little Worriers assures kids that having some worries is normal—everyone has them, even adults! The rhyming narration helps little kids to identify a worry and where it might come from, as well…",https://books.google.com/books/content?id=eWpkEQAAQBAJ&printsec=frontcover&img=1&zoom=1&edge=curl&source=gbs_api,,,,,,https://www.amazon.com/s?k=9781433827181
A Feel Better Book for Little Tempers,Holly Brochmann & Leah Bowen,6-8,children_nonfiction,"children,educators",Self-Management,anger,Magination Press,9781433828171,"Sometimes the littlest kids can have the biggest tempers! This book assures kids that anger is normal—everyone gets angry sometimes, even adults! The rhyming narration helps kids to identify anger and provides them with helpful tools to manage and move past it. Included is a Note to Parents and Caregivers with more information on how you can help your little one manage their little (or…",https://books.google.com/books/content?id=Y2pkEQAAQBAJ&printsec=frontcover&img=1&zoom=1&edge=curl&source=gbs_api,,,,,,https://www.amazon.com/s?k=9781433828171
Shield Up! How Upstanding Bystanders Stop Bullying,Marcella Marino Craver,8-12,children_nonfiction,"children,educators",Social-Awareness,bullying,Magination Press,9781433816512,"CJ, Eva, Zoe, Jax, and Ryan are all thrilled to be working on the school play...until CJ turns on Eva! CJ's diva-fied behavior makes Eva's life miserable, and her friends uncomfortable. With the help of their school counselor, CJ's friends discover that they have the power to stand up to CJ's bullying. Together they learn how to be upstanding bystanders -- and transform their school environment…",https://books.google.com/books/content?id=QVmKngEACAAJ&printsec=frontcover&img=1&zoom=1&source=gbs_api,,,,,,https://www.amazon.com/s?k=9781433816512
Ouch Moments: When Words Are Used in Hurtful Ways,Michael Genhart,6-8,children_fiction,"children,educators",Social-Awareness,"bullying,empathy",Magination Press,9781433819612,"Explains ""ouch moments"" in kid-friendly terms, offers practical strategies for what kids can do to help, and empowers kids to stand up to mean and hurtful language. Microaggressions or “ouch moments,” as they are referred to in the story, are brief exchanges where an indignity, insult, or slight is expressed—whether intentionally or not—from one person to another. For instance, when children use…",https://books.google.com/books/content?id=EGtkEQAAQBAJ&printsec=frontcover&img=1&zoom=1&edge=curl&source=gbs_api,,,,,,https://www.amazon.com/s?k=9781433819612
Visiting Feelings,Lauren Rubenstein,6-8,children_fiction,"children,educators",Self-Awareness,"emotions,mindfulness",Magination Press,9781433816093,"Gold Medal, 2013 Mom's Choice Awards Silver Medal, 2014 Nautilus Awards Visiting Feelings invites children to sense, explore, and befriend any feeling with acceptance and equanimity. Includes a Note to Parents. Do you have a feeling that's visiting today? Can you open your door and invite it to play? Visiting Feelings harnesses a young child’s innate capacity to fully experience the present…",https://books.google.com/books/content?id=OTadEQAAQBAJ&printsec=frontcover&img=1&zoom=1&edge=curl&source=gbs_api,,,,,,https://www.amazon.com/s?k=9781433816093
Bee Still: An Invitation to Meditation,Frank J. Sileo,6-8,children_fiction,"children,educators",Self-Management,"mindfulness,anxiety",Magination Press,9781433829673,"Jack the bee is always buzzing around, but sometimes he needs to slow down. This mindfulness picture book gently teaches children how to pause, breathe, and find calm through simple meditation techniques.",https://covers.openlibrary.org/b/isbn/9781433829673-M.jpg,4.4,,,,,https://www.amazon.com/s?k=9781433829673
A World of Pausabilities,Frank J. Sileo,6-8,children_fiction,"children,educators",Self-Management,mindfulness,Magination Press,9781433823244,,,,,,,,https://www.amazon.com/s?k=9781433823244
Something Happened In Our Town,Marianne Celano et al.,6-8,children_fiction,"children,educators",Social-Awareness,"diversity,inclusion,empathy",Magination Press,9781433834684,A Minneapolis Children’s Theatre Company Original World Premiere Production A NEW YORK TIMES and #1 INDIEBOUND BEST SELLER American Library Association's Office of Intellectual Freedom's Top 10 Most Challenged Books A Little Free Library Action Book Club Selection National Parenting Product Award Winner (NAPPA) Emma and Josh heard that something happened in their town. A Black man was shot by the…,https://books.google.com/books/content?id=9DWdEQAAQBAJ&printsec=frontcover&img=1&zoom=1&edge=curl&source=gbs_api,,,,,,https://www.amazon.com/s?k=9781433834684
Danny and the Blue Cloud,James M. Foley,6-9,children_fiction,"children,educators",Self-Management,sadness,Magination Press,9781433821035,"Danny the bear was born under a blue cloud that makes him feel unhappy and lose interest in playing with his friends. Danny was born under a blue cloud. He didn't know why, but sometimes the cloud made him cry. Some days he didn't want to get out of bed. Some days he was one big GROWL! With the help of Barnaby the rabbit, Danny learns to think more helpful thoughts, feel better about himself, and…",https://books.google.com/books/content?id=tmpkEQAAQBAJ&printsec=frontcover&img=1&zoom=1&edge=curl&source=gbs_api,,,,,,https://www.amazon.com/s?k=9781433821035
Grow Happy,Jon Lasser & Sage Foster-Lasser,6-8,children_fiction,"children,educators",Social-Awareness,"gratitude,resilience",Magination Press,9781433823312,"My name is Kiko. I'm a gardener. I grow happy. Let me show you how. Kiko shows the reader how she grows happiness: by making good choices, taking care of her body and mind, paying attention to her feelings, problem solving, and spending time with family and friends. Kids will learn that they can play a pivotal role in creating their own happiness, just like Kiko. A Note to Parents and Other…",https://books.google.com/books/content?id=gWpkEQAAQBAJ&printsec=frontcover&img=1&zoom=1&edge=curl&source=gbs_api,,,,,,https://www.amazon.com/s?k=9781433823312
Grow Grateful,Sage Foster-Lasser & Jon Lasser,6-8,children_fiction,"children,educators",Social-Awareness,gratitude,Magination Press,9781433829031,"Kiko goes on a camping trip with her class and learns about gratitude! Throughout the trip, Kiko discovers different things she appreciates about her family, friends, and opportunities. This story is based on the “theory of mind,” which is the ability to take the perspective of others and recognize that each person has their own thoughts, feelings, and perspectives. Growing gratitude leads to…",https://books.google.com/books/content?id=VWpkEQAAQBAJ&printsec=frontcover&img=1&zoom=1&edge=curl&source=gbs_api,,,,,,https://www.amazon.com/s?k=9781433829031
"Stand Tall, Molly Lou Melon",Patty Lovell,6-8,children_fiction,children,Self-Awareness,"self-esteem,bullying,confidence",Goodreads,9781101653876,"Be yourself like Molly Lou Melon no matter what a bully may do. Molly Lou Melon is short and clumsy, has buck teeth, and has a voice that sounds like a bullfrog being squeezed by a boa constrictor. She doesn't mind. Her grandmother has always told her to walk proud, smile big, and sing loud, and she takes that advice to heart. But then Molly Lou has to start in a new school. A horrible bully…",https://books.google.com/books/content?id=8gal4IYy_xMC&printsec=frontcover&img=1&zoom=1&edge=curl&source=gbs_api,,,,,,https://www.amazon.com/s?k=9781101653876
The Most Magnificent Thing,Ashley Spires,6-8,children_fiction,children,Self-Management,"perfectionism,growth-mindset,resilience",Goodreads,9781554537044,"A little girl and her canine assistant set out to make the most magnificent thing. But after much hard work, the end result is not what the girl had in mind. Frustrated, she quits. Her assistant suggests a long walk, and as they walk, it slowly becomes clear what the girl needs to do to succeed. A charming story that will give kids the most magnificent thing: perspective!",https://books.google.com/books/content?id=YymAAgAAQBAJ&printsec=frontcover&img=1&zoom=1&edge=curl&source=gbs_api,,,,,,https://www.amazon.com/s?k=9781554537044
I Like Myself!,Karen Beaumont,6-8,children_fiction,children,Self-Awareness,"self-esteem,self-acceptance",Goodreads,9780152020132,"In rhyming text, a little girl expresses confidence and joy in her uniqueness, no matter her outward appearance.",https://books.google.com/books/content?id=unDjl1ipLVkC&printsec=frontcover&img=1&zoom=1&edge=curl&source=gbs_api,4,4,,,,https://www.amazon.com/s?k=9780152020132
"Alexander and the Terrible, Horrible, No Good, Very Bad Day",Judith Viorst,6-9,children_fiction,children,Self-Awareness,"emotions,resilience",Goodreads,9780689711732,"Alexander knew it was going to be a terrible day when he woke up with gum in this hair. And it got worse... His best friend deserted him. There was no dessert in his lunch bag. And, on top of all that, there were lima beans for dinner and kissing on TV! This handsome new edition of Judith Viorst's classic picture book is sure to charm readers of all ages.",https://books.google.com/books/content?id=tzk1AwAAQBAJ&printsec=frontcover&img=1&zoom=1&edge=curl&source=gbs_api,,,,,,https://www.amazon.com/s?k=9780689711732
The Huge Bag of Worries,Virginia Ironside,6-8,children_fiction,children,Self-Management,anxiety,Goodreads,9780750026390,"Perfect for a thought-provoking assembly (particularly for those children with exams coming up ). A compelling picture book which can be used as a spring board into what worries children today. The lively, comic-style pictures and the general nature of the worries make this excellent for any number of problems. The message of the book is clear--find someone who will listen and talk about your…",,,,,,,https://www.amazon.com/s?k=9780750026390
What Do You Do With a Problem?,Kobi Yamada,6-9,children_fiction,children,Self-Management,"resilience,growth-mindset",Goodreads,9781952183805,"This is the story of a persistent problem and the child who isn't so sure what to make of it. The longer the problem is avoided, the bigger it seems to get. But when the child finally musters up the courage to face it, the problem turns out to be something quite different than it appeared. What Do You Do With a Problem? is a story for anyone, at any age, who has ever had a problem that they…",https://books.google.com/books/content?id=weZhzgEACAAJ&printsec=frontcover&img=1&zoom=1&source=gbs_api,,,,,,https://www.amazon.com/s?k=9781952183805
Sometimes I'm Bombaloo,Rachel Vail,6-8,children_fiction,children,Self-Management,"anger,impulse-control",Goodreads,9780545550666,"A tender story that explores BIG feelings and includes a wise take on tantrums and learning how to feel like yourself again! Katie Honors is a really good kid -- most of the time. But sometimes... well, sometimes, say when her little brother knocks down her beautiful castle after she told him not to touch it and she knows she'll never be able to make it look that good again... sometimes Katie…",https://books.google.com/books/content?id=772gCwAAQBAJ&printsec=frontcover&img=1&zoom=1&edge=curl&source=gbs_api,,,,,,https://www.amazon.com/s?k=9780545550666
Friendship is Like a Seesaw,Shona Innes,6-9,children_fiction,children,Relationship-Skills,"friendship,conflict",Goodreads,9781743586396,"Friendship is a very special thing. It’s great to have a friend, and being a friend to someone else is a good feeling, too. Sometimes getting along with your friends is easy, and other times it can be a little trickier, but there are lots of ways to keep your friendships balanced and fun for everyone. This series deals with emotive issues that children face in direct and gentle terms, allowing…",https://books.google.com/books/content?id=7nSSDwAAQBAJ&printsec=frontcover&img=1&zoom=1&edge=curl&source=gbs_api,,,,,,https://www.amazon.com/s?k=9781743586396
Do Unto Otters: A Book About Manners,Laurie Keller,6-8,children_fiction,children,Relationship-Skills,"social-skills,kindness",Goodreads,9781429916899,"""Do not do to others that which would anger you if others did it to you.""—Socrates (the Greek philosopher), circa 470-399 B.C. Mr. Rabbit's new neighbors are Otters. OTTERS! But he doesn't know anything about otters. Will they get along? Will they be friends? Just treat otters the same way you'd like them to treat you, advises Mr. Owl. In her smart, playful style Laurie Keller highlights how to…",https://books.google.com/books/content?id=-EgTAgAAQBAJ&printsec=frontcover&img=1&zoom=1&edge=curl&source=gbs_api,,,,,,https://www.amazon.com/s?k=9781429916899
The Hating Book,Charlotte Zolotow,6-8,children_fiction,children,Relationship-Skills,"friendship,conflict,communication",Goodreads,,A little girl knew her friend hated her but she didn't know why until she finally got up courage to ask why they were being so rotten to each other.,https://books.google.com/books/content?id=i0rhAAAAMAAJ&printsec=frontcover&img=1&zoom=1&source=gbs_api,,,,,,https://www.amazon.com/s?k=The+Hating+Book+Charlotte+Zolotow&i=stripbooks
The Colors of Us,Karen Katz,6-8,children_fiction,children,Social-Awareness,"diversity,inclusion,identity",Goodreads,9780805071634,"Seven-year-old Lena and her mother observe the variations in the color of their friends' skin, viewed in terms of foods and things found in nature.",https://books.google.com/books/content?id=5JJjx48CpQUC&printsec=frontcover&img=1&zoom=1&edge=curl&source=gbs_api,,,,,,https://www.amazon.com/s?k=9780805071634
Zach Gets Frustrated,William Mulcahy,6-8,children_fiction,children,Self-Management,"anger,emotions",Goodreads,9781575426693,"Zach and his family go to the beach, but Zach is having a lousy day. First, he dropped his toothbrush in the toilet. Then his best friend went to someone else’s birthday party instead of joining him. But most frustrating of all, he can’t get his kite to fly! Zach kicks sand, yells angry words, and asks his dad if they can just go home. Instead, his dad teaches him a simple, three-step approach to…",https://books.google.com/books/content?id=gjAKQOjWzSkC&printsec=frontcover&img=1&zoom=1&edge=curl&source=gbs_api,,,,,,https://www.amazon.com/s?k=9781575426693
Ruby's Worry,Tom Percival,6-8,children_fiction,"children,educators",Self-Management,anxiety,TeachingExpertise,9781408892145,"A reassuring and sensitive book – the perfect springboard for talking to children about sharing their hidden worries. From the Big Bright Feelings series by Tom Percival Be open, be honest, be you! Big Bright Feelings for little people. 'If your child has a worry - and all children do have worries - this is the ideal book to encourage them to talk about it' Parents In Touch Ruby loves being Ruby.…",https://books.google.com/books/content?id=PYxaDwAAQBAJ&printsec=frontcover&img=1&zoom=1&edge=curl&source=gbs_api,5,1,,,,https://www.amazon.com/s?k=9781408892145
The Proudest Blue,Ibtihaj Muhammad,6-9,children_fiction,"children,educators",Self-Awareness,"identity,diversity,self-esteem",TeachingExpertise,9780316518987,"THE INSTANT NEW YORK TIMES BESTSELLER! A powerful, vibrantly illustrated story about the first day of school--and two sisters on one's first day of hijab--by Olympic medalist and social justice activist Ibtihaj Muhammad. With her new backpack and light-up shoes, Faizah knows the first day of school is going to be special. It's the start of a brand new year and, best of all, it's her older sister…",https://books.google.com/books/content?id=i4aGDwAAQBAJ&printsec=frontcover&img=1&zoom=1&edge=curl&source=gbs_api,3,2,,,,https://www.amazon.com/s?k=9780316518987
The Boy At the Back of the Class,Onjali Rauf,8-12,children_fiction,"children,educators",Social-Awareness,"empathy,diversity,inclusion",TeachingExpertise,9781663620712,,,,,,,,https://www.amazon.com/s?k=9781663620712
Have You Filled a Bucket Today?,Carol McCloud,6-9,children_fiction,"children,educators",Social-Awareness,"kindness,social-skills",TeachingExpertise,9780997486452,"This heartwarming book encourages positive behavior by using the concept of an invisible bucket to show children how easy and rewarding it is to express kindness, appreciation, and love by ""filling buckets."" Updated and revised, this 10th anniversary edition will help readers better understand that ""bucket dipping"" is a negative behavior, not a permanent label. It also explains that it's possible…",https://books.google.com/books/content?id=uHu6DgAAQBAJ&printsec=frontcover&img=1&zoom=1&edge=curl&source=gbs_api,,,,,,https://www.amazon.com/s?k=9780997486452
The Boy Who Made the World Disappear,Ben Miller,6-9,children_fiction,"children,educators",Self-Management,"anger,impulse-control",TeachingExpertise,9781471172687,"‘A sheer delight for all kids both big AND small’ Ruth Jones on The Night I Met Father Christmas 'Bubbles with warmth and mischievous humour . . . irresistible' Alexander Armstrong on The Night I Met Father Christmas 'Wonderful, funny, magical' Chris Evans on How I Became a Dog Called Midnight Enter a world of wonder with an instant classic from comedian, actor and bestselling children's author,…",https://books.google.com/books/content?id=6m2GDwAAQBAJ&printsec=frontcover&img=1&zoom=1&edge=curl&source=gbs_api,,,,,,https://www.amazon.com/s?k=9781471172687
Train Your Angry Dragon,Steve Herman,6-9,children_fiction,"children,educators",Self-Management,anger,TeachingExpertise,9781948040822,"Having a pet dragon is very fun. But what do you do if he gets angry or upset? What do you do when your dragon lost his cool and wants to burn everything to the ground? Get this book and learn how to train your angry dragon! A must have book for children and parents to teach kids about emotions and anger management. Fun, cute and entertaining with beautiful illustrations, this playful book will…",https://books.google.com/books/content?id=dJuRDwAAQBAJ&printsec=frontcover&img=1&zoom=1&edge=curl&source=gbs_api,,,,,,https://www.amazon.com/s?k=9781948040822
Teach Your Dragon to Make Friends,Steve Herman,6-9,children_fiction,"children,educators",Relationship-Skills,"friendship,social-skills",TeachingExpertise,9781948040433,Drew helps his pet dragon Diggory Doo with social skills to make friends.,https://books.google.com/books/content?id=96xyugEACAAJ&printsec=frontcover&img=1&zoom=1&source=gbs_api,,,,,,https://www.amazon.com/s?k=9781948040433
My Body Sends a Signal,Natalia Maguire,6-9,children_fiction,"children,educators",Self-Awareness,"emotional-literacy,emotions",TeachingExpertise,9783982142838,,https://books.google.com/books/content?id=xPGczQEACAAJ&printsec=frontcover&img=1&zoom=1&source=gbs_api,,,,,,https://www.amazon.com/s?k=9783982142838
Kindness is my Superpower,Alicia Ortego,6-8,children_fiction,"children,educators",Social-Awareness,"kindness,empathy",TeachingExpertise,9781735974101,"Teach your children the power of Kindness, one of the most important skills a child can learn. Are you one of 90 percent of parents, saying that their top priorities for their kids is to be caring? This makes sense: Kindness and concern for others are held as moral virtues in nearly every society and every major religion. The best social-emotional learning (SEL) book for raising kind children.…",https://books.google.com/books/content?id=tS_0zQEACAAJ&printsec=frontcover&img=1&zoom=1&source=gbs_api,,,,,,https://www.amazon.com/s?k=9781735974101
Enemy Pie,Derek Munson,6-9,children_fiction,"children,educators",Relationship-Skills,"conflict,friendship,empathy",TeachingExpertise,9798855094350,"Hoping that the enemy pie which his father makes will help him get rid of his enemy, a little boy finds that instead it helps make a new friend.",https://books.google.com/books/content?id=7BbS0AEACAAJ&printsec=frontcover&img=1&zoom=1&source=gbs_api,,,,,,https://www.amazon.com/s?k=9798855094350
The Way I Feel,Janan Cain,6-8,children_fiction,"children,educators",Self-Awareness,"emotions,emotional-literacy",TeachingExpertise,9781641602495,"Through illustrations, text, color, and font to describe happy, disappointed, angry, jealous, and other feelings that kids experience, this book uses words and situations familiar to children to describe a wide variety of emotions, some seldom attributed to kids. The language is nonjudgmental, and free of bias and slang, and there are whimsical characters that appeal to both boys and girls.",https://books.google.com/books/content?id=nKOgEQAAQBAJ&printsec=frontcover&img=1&zoom=1&edge=curl&source=gbs_api,,,,,,https://www.amazon.com/s?k=9781641602495
"The Boy with Big, Big Feelings",Britney Winn Lee,6-8,children_fiction,"children,educators",Self-Management,"anxiety,emotions,emotional-literacy",TeachingExpertise,9781506480220,"An instant classic in the world of Social-Emotional Learning, this bestselling picture book tells the story of one little boy with some big, big emotions -- and how he learns to see them for the gifts they are. The Boy with Big, Big Feelings is relatable for any child -- especially for a child experiencing anxiety, extreme emotions, a child identified as a Highly Sensitive Person, or a child on…",https://books.google.com/books/content?id=Sz0iEAAAQBAJ&printsec=frontcover&img=1&zoom=1&edge=curl&source=gbs_api,,,,,,https://www.amazon.com/s?k=9781506480220
The Crayons' Book of Feelings,Drew Daywalt,6-8,children_fiction,"children,educators",Self-Awareness,"emotions,emotional-literacy",TeachingExpertise,9780593404676,"The crayons are back in this board book all about feelings from the creators of the #1 New York Times bestselling The Day Crayons Quit and The Day the Crayons Came Home! Everyone knows the crayons love to color, but did you know that crayons have feelings too? Sometimes they are happy and sometimes they feel downright blue. From the creative minds behind the The Day the Crayons Quit and The Day…",https://books.google.com/books/content?id=vEEKEAAAQBAJ&printsec=frontcover&img=1&zoom=1&edge=curl&source=gbs_api,,,,,,https://www.amazon.com/s?k=9780593404676
Be Brave,Poppy O'Neill,6-9,children_nonfiction,"children,educators",Self-Management,"anxiety,confidence",TeachingExpertise,9781787836990,Does your child appear nervous and isolated in social settings? Perhaps they find it difficult to approach other children or make friends? Do they seem to avoid engaging in hobbies and activities? These could all be signs that your child is struggling with shyness. This practical guide combines cognitive behavioural therapy and mindfulness methods with simple activities to help your child…,https://books.google.com/books/content?id=x1oNzgEACAAJ&printsec=frontcover&img=1&zoom=1&source=gbs_api,,,,,,https://www.amazon.com/s?k=9781787836990
Listen Like an Elephant,Kira Willey,6-8,children_fiction,"children,educators",Self-Management,"mindfulness,communication",TeachingExpertise,9780593119983,"Part of the Mindfulness Moments for Kids series, this mindful meditation exercise featuring a colorful elephant helps kids feel focused, wherever they are. With Listen Like an Elephant, kids learn to slow down, listen to the world around them, and focus their minds--no matter how messy life becomes. Best of all, the exercise can be performed anywhere: in the backseat of a car, at home, or even at…",https://books.google.com/books/content?id=fk-FDwAAQBAJ&printsec=frontcover&img=1&zoom=1&edge=curl&source=gbs_api,,,,,,https://www.amazon.com/s?k=9780593119983
Interrupting Chicken,David Ezra Stein,6-8,children_fiction,"children,educators",Self-Management,"impulse-control,communication",TeachingExpertise,9781536225709,"In her latest star turn, the little red chicken from the Caldecott Honor Book Interrupting Chicken is hungry—and sillier than ever. It’s bright and early on a Saturday morning, and the little red chicken wants cookies for breakfast. What better way to persuade Papa than by jarring him awake and gleefully interjecting cookies—and herself!—into every nursery rhyme they read together? Though the Old…",https://books.google.com/books/content?id=r1oyEAAAQBAJ&printsec=frontcover&img=1&zoom=1&edge=curl&source=gbs_api,,,,,,https://www.amazon.com/s?k=9781536225709
Say Something,Peter H. Reynolds,6-9,children_fiction,"children,educators",Self-Awareness,"confidence,bullying",TeachingExpertise,9781338355031,"From the creator of the New York Times bestseller The Word Collector comes an empowering story about finding your voice, and using it to make the world a better place. The world needs your voice. If you have a brilliant idea... say something! If you see an injustice... say something!In this empowering new picture book, beloved author Peter H. Reynolds explores the many ways that a single voice…",https://books.google.com/books/content?id=fx2FDwAAQBAJ&printsec=frontcover&img=1&zoom=1&edge=curl&source=gbs_api,,,,,,https://www.amazon.com/s?k=9781338355031
The Gray,Chris Baron,9-12,children_fiction,children,Self-Management,"anxiety,bullying,resilience",MacKids,9781250864727,"The Gray is a sensitively told middle grade story from Chris Baron about living with anxiety and finding ways to cope. It's been a tough year for Sasha—he's been bullied at his middle school and his anxiety, which he calls the Gray, is growing. Sasha's dad tells him to ""toughen up""—and he does, but with unfortunate, hurtful results. His parents and therapist agree that a summer in the country…",https://books.google.com/books/content?id=KKJ7EAAAQBAJ&printsec=frontcover&img=1&zoom=1&edge=curl&source=gbs_api,,,,,,https://www.amazon.com/s?k=9781250864727
Friends Forever,Shannon Hale,9-12,children_fiction,children,Relationship-Skills,"friendship,self-acceptance,identity",MacKids,9781250849861,"Following up their mega-bestselling Real Friends and Best Friends graphic memoirs, Shannon Hale and LeUyen Pham are back with Friends Forever, a story about learning to love yourself exactly as you are. ● Over 2 million copies of the Real Friends series sold! ● Shannon is in eighth grade, and life is more complicated than ever. Everything keeps changing, her classmates are starting to date each…",https://books.google.com/books/content?id=6Pc4EAAAQBAJ&printsec=frontcover&img=1&zoom=1&edge=curl&source=gbs_api,3,3,,,,https://www.amazon.com/s?k=9781250849861
Maybe It's a Sign,E. L. Shen,9-12,children_fiction,children,Self-Management,"grief,loss,self-acceptance",MacKids,9780374390785,"An uplifting middle-grade novel about loss, luck . . . and deep-dish chocolate chip cookies—perfect for fans of King and the Dragonflies and The Remarkable Journey of Coyote Sunrise. Seventh-grader Freya June Sun has always believed in the Chinese superstitions spoon-fed to her since birth. Ever since her dad’s death a year ago, she’s become obsessed with them, and believes that her father is…",https://books.google.com/books/content?id=nF6wEAAAQBAJ&printsec=frontcover&img=1&zoom=1&edge=curl&source=gbs_api,,,,,,https://www.amazon.com/s?k=9780374390785
Weirdo,Tony Weaver Jr.,9-12,children_fiction,children,Social-Awareness,"bullying,identity,confidence",MacKids,9781250401564,"From rising star Tony Weaver, Jr. comes a middle-grade graphic novel memoir about an awkward preteen who loves all things geeky but struggles with mental health issues and self-doubt, perfect for fans of Jerry Craft's New Kid. Eleven-year-old Tony Weaver, Jr. loves comic books, anime, and video games, and idolizes the heroic, larger-than-life characters he finds there. But his new classmates all…",https://books.google.com/books/content?id=ILwXEQAAQBAJ&printsec=frontcover&img=1&zoom=1&edge=curl&source=gbs_api,,,,,,https://www.amazon.com/s?k=9781250401564
Frizzy,Claribel A. Ortega,9-12,children_fiction,children,Self-Awareness,"self-acceptance,identity,diversity",MacKids,9781250905345,"Winner of the Pura Belpré Award for Children's Text Winner of the Eisner for Best Publication for Kids Indie Bestseller New York Times-bestselling author Claribel A. Ortega and star debut artist Rose Bousamra's Frizzy is about Marlene, a young Dominican girl whose greatest enemy is the hair salon! Through her struggles and triumphs, this heartwarming and gorgeous middle-grade graphic novel shows…",https://books.google.com/books/content?id=sAmKEAAAQBAJ&printsec=frontcover&img=1&zoom=1&edge=curl&source=gbs_api,5,1,,,,https://www.amazon.com/s?k=9781250905345
Uprooted,Ruth Chan,9-12,children_fiction,children,Self-Management,"moving,identity,friendship",MacKids,9781250408945,"Perfect for fans of New Kid and A First Time for Everything, a joyful and tearful debut middle grade graphic memoir about one girl being uprooted when she moves to Hong Kong, a place where her family fits in but, for her, it's nothing like home. Ruth Chan loves her hometown in Toronto, hanging out with her best friends for life, and snacking on ketchup flavored potato chips, which are the best.…",https://books.google.com/books/content?id=LMAnEQAAQBAJ&printsec=frontcover&img=1&zoom=1&edge=curl&source=gbs_api,,,,,,https://www.amazon.com/s?k=9781250408945
The Worst Day of My Life Ever!,Julia Cook,6-9,children_fiction,"children,educators",Self-Management,"impulse-control,responsibility,social-skills",Free Spirit Publishing,9781545721742,"With his mother’s help, RJ learns that his problems happen because he doesn’t listen or pay attention to directions from her, his school principal, teachers, or even his friends. Author Julia Cook’s book shows RJ as well as all K-6 readers the steps to the fundamental social skills of listening and following instructions. When RJ learns to use these skills the right way, he has the best day of…",https://books.google.com/books/content?id=jn9IDwAAQBAJ&printsec=frontcover&img=1&zoom=1&edge=curl&source=gbs_api,,,,,,https://www.amazon.com/s?k=9781545721742
I Just Don't Like the Sound of No!,Julia Cook,6-9,children_fiction,"children,educators",Self-Management,"impulse-control,anger",Free Spirit Publishing,9781545721483,"‘NO’ is RJ’s least favorite word . . . and he tries his best to convince his dad, his mom, and his teacher to turn “No” into “Maybe” or “We’ll see” or “Later” or “I’ll think about it.” Author Julia Cook helps K-6 readers laugh and learn along with RJ as he understands the benefits of demonstrating the social skills of accepting “No” for an answer and disagreeing appropriately. Tips for parents…",https://books.google.com/books/content?id=4n5IDwAAQBAJ&printsec=frontcover&img=1&zoom=1&edge=curl&source=gbs_api,,,,,,https://www.amazon.com/s?k=9781545721483
"Sorry, I Forgot to Ask!",Julia Cook,6-9,children_fiction,"children,educators",Responsible-Decision-Making,"responsibility,communication",Free Spirit Publishing,9781545721599,"My Story about Asking for Permission and Making an Apology! RJ feels a lot happier when he says he’s sorry, and he learns that asking for permission will mean fewer trips to the time-out chair!",https://books.google.com/books/content?id=Cn9IDwAAQBAJ&printsec=frontcover&img=1&zoom=1&edge=curl&source=gbs_api,,,,,,https://www.amazon.com/s?k=9781545721599
"Teamwork Isn't My Thing, and I Don't Like to Share!",Julia Cook,6-9,children_fiction,"children,educators",Relationship-Skills,"cooperation,sharing",Free Spirit Publishing,9781545721612,RJ has another tough day at school and again at home but learns that sharing and teamwork are two beneficial skills. Includes audio book read by award-winning author Julia Cook.,https://books.google.com/books/content?id=Dn9IDwAAQBAJ&printsec=frontcover&img=1&zoom=1&edge=curl&source=gbs_api,,,,,,https://www.amazon.com/s?k=9781545721612
I Just Want to Do It My Way!,Julia Cook,6-9,children_fiction,"children,educators",Self-Management,"impulse-control,cooperation",Free Spirit Publishing,9781934490457,"Are you searching for creative ways to teach students the right time and way to ask for help? Would your students benefit from learning how to stay on task so they get their work done? Use the ideas in this guide to help your students master the social skills of ""Staying on Task"" and ""Asking for Help."" The book provides teacher instructions, lists of materials when needed, and activity sheets for…",https://books.google.com/books/content?id=CSjBBAAAQBAJ&printsec=frontcover&img=1&zoom=1&edge=curl&source=gbs_api,,,,,,https://www.amazon.com/s?k=9781934490457
Thanks for the Feedback...(I Think!),Julia Cook,6-9,children_fiction,"children,educators",Self-Management,"resilience,growth-mindset,emotions",Free Spirit Publishing,9781545721636,"It doesn't matter is RJ hears compliments or constructive feedback, he is never sure how to respond. With guidance from his family, RJ learns why feedback, even when it's difficult to accept, is information he can use to become a better person.",https://books.google.com/books/content?id=DH9IDwAAQBAJ&printsec=frontcover&img=1&zoom=1&edge=curl&source=gbs_api,,,,,,https://www.amazon.com/s?k=9781545721636
I Can't Believe You Said That!,Julia Cook,6-9,children_fiction,"children,educators",Relationship-Skills,"communication,impulse-control",Free Spirit Publishing,9781545721476,"RJ's mouth is getting him into a lot of trouble. A rude comment at school earned him a detention, and an incensitive remark at home earned him a scholding and made his sister cry. It's time RJ starts using a social filter when he speaks. He soon realizes he doesn't have to verbalize every thought that pops into his head. In fact, the less said the better!",https://books.google.com/books/content?id=4H5IDwAAQBAJ&printsec=frontcover&img=1&zoom=1&edge=curl&source=gbs_api,,,,,,https://www.amazon.com/s?k=9781545721476
Making Friends Is an Art!,Julia Cook,6-9,children_fiction,"children,educators",Relationship-Skills,"friendship,social-skills",Free Spirit Publishing,9781934490303,"Meet Brown, the least used pencil in the box. He discovers that in order to have friends, he needs to be a good friend. If Brown learns to use all of the friendship skills the other pencils have, he can make friends and have fun, too.",https://books.google.com/books/content?id=uhgY0AEACAAJ&printsec=frontcover&img=1&zoom=1&source=gbs_api,,,,,,https://www.amazon.com/s?k=9781934490303
Cliques Just Don't Make Cents,Julia Cook,6-10,children_fiction,"children,educators",Relationship-Skills,"friendship,inclusion,social-skills",Free Spirit Publishing,9781934490396,"Penny feels like she doesn't fit in with the others, but when she meets a beautiful gold coin named Dollar, she learns how special and valuable she is with Dollar's help.",https://books.google.com/books/content?id=-LJJqSEWxncC&printsec=frontcover&img=1&zoom=1&edge=curl&source=gbs_api,,,,,,https://www.amazon.com/s?k=9781934490396
Peer Pressure Gauge,Julia Cook,8-12,children_fiction,"children,educators",Responsible-Decision-Making,"peer-pressure,choices,responsibility",Free Spirit Publishing,9781934490488,"Norbert the “namuh” is challenged by his classmates to participate in an activity he knows not to do. He risks being insulted and losing his friends. Norbert’s imaginative descriptions of how it feels to have your peer pressure gauge continue to rise will draw readers in, while they witness his internal deliberation as he tries to let his inner voice shine! Peer Pressure Gauge is the fourth…",https://books.google.com/books/content?id=D60bBAAAQBAJ&printsec=frontcover&img=1&zoom=1&edge=curl&source=gbs_api,,,,,,https://www.amazon.com/s?k=9781934490488
Hygiene...You Stink!,Julia Cook,6-10,children_fiction,"children,educators",Relationship-Skills,"social-skills,self-esteem",Free Spirit Publishing,9781934490624,"How do you make young children understand the importance of bathing and brushing? In this ingenious tale, young readers are sure to get the message that good hygiene will improve their health and their relationships. The story centers around a fork named Jean who hates taking baths in the sink and detests showering in the dishwasher. It's a clever fable with a timeless message.",https://books.google.com/books/content?id=Bpk9CQAAQBAJ&printsec=frontcover&img=1&zoom=1&edge=curl&source=gbs_api,,,,,,https://www.amazon.com/s?k=9781934490624
I Want to Be the Only Dog,Julia Cook,6-8,children_fiction,"children,educators",Relationship-Skills,"new-sibling,sharing,cooperation",Free Spirit Publishing,9781934490860,"“I had it first!” “That’s not fair!” All parents and Educators know one thing – when you get more than one child in a room, there’s bound to be at least a couple of them arguing over something. Award-winning author Julia Cook tells the funny and relatable story of how her three dogs view their “siblings.” Each pooch would like to be the only dog in the family, have all the attention, and not have…",https://books.google.com/books/content?id=P2aNDwAAQBAJ&printsec=frontcover&img=1&zoom=1&edge=curl&source=gbs_api,,,,,,https://www.amazon.com/s?k=9781934490860
Table Talk,Julia Cook,6-9,children_fiction,"children,educators",Relationship-Skills,"social-skills,communication,manners",Free Spirit Publishing,9781545721605,"Written from the table's point of view, this humorous tale helps kids understand that table manners are about much more than what fork to use. Good table manners are about being respectful, kind and considerate to others.",https://books.google.com/books/content?id=_H5IDwAAQBAJ&printsec=frontcover&img=1&zoom=1&edge=curl&source=gbs_api,,,,,,https://www.amazon.com/s?k=9781545721605
The Judgmental Flower,Julia Cook,6-9,children_fiction,"children,educators",Social-Awareness,"empathy,perspective-taking,diversity",Free Spirit Publishing,9781944882051,"Award-winning author Julia Cook's tale about diversity and prejudice comes to life inside a flower bed where Blues and Purples learn a valuable lesson about acceptance, understanding and friendship.",https://books.google.com/books/content?id=vPr0jwEACAAJ&printsec=frontcover&img=1&zoom=1&source=gbs_api,,,,,,https://www.amazon.com/s?k=9781944882051
Rumor Has It,Julia Cook,8-12,children_fiction,"children,educators",Responsible-Decision-Making,"honesty,communication,friendship",Free Spirit Publishing,9781944882242,"Whether we’ve been the subject of a rumor or the one spreading a rumor about someone else, most of us have been involved with rumors somehow. But how many people really stop to think about the damaging effects? Fortunately, award-winning author Julia Cook does, and cleverly brings this serious subject to light in an entertaining and funny, but cautionary, tale about the importance of NOT starting…",https://books.google.com/books/content?id=cgqwDwAAQBAJ&printsec=frontcover&img=1&zoom=1&edge=curl&source=gbs_api,,,,,,https://www.amazon.com/s?k=9781944882242
"Well, I Can Top That",Julia Cook,6-9,children_fiction,"children,educators",Self-Management,"impulse-control,communication,social-skills",Free Spirit Publishing,9781545721728,"Brad is a ""one-upper."" Any time someone makes a comment, he chimes in with his own story…but it's always more extreme. In this imaginative story, young readers learn how to avoid being a ""one-upper"" and instead be a ""pull-upper.""",https://books.google.com/books/content?id=hn9IDwAAQBAJ&printsec=frontcover&img=1&zoom=1&edge=curl&source=gbs_api,,,,,,https://www.amazon.com/s?k=9781545721728
Decibella and Her 6-Inch Voice,Julia Cook,6-9,children_fiction,"children,educators",Relationship-Skills,"communication,impulse-control",Free Spirit Publishing,9781545757031,"Decibella is a loud talker. A really loud talker. She’s so loud, she’s hurting ears, startling wait staff, disrupting classmates, and annoying moviegoers. She doesn’t realize different environments and situations sometimes demand a softer, quieter voice. That is until a caring teacher introduces her to the silly-sounding word “Slurpadoodle” and the five volumes of voice (Whisper, 6-inch, Table…",https://books.google.com/books/content?id=9mniEAAAQBAJ&printsec=frontcover&img=1&zoom=1&edge=curl&source=gbs_api,,,,,,https://www.amazon.com/s?k=9781545757031
Gas Happens!,Julia Cook,6-9,children_fiction,"children,educators",Relationship-Skills,"social-skills,self-esteem",Free Spirit Publishing,9781545721452,"Everyone passes gas. If it's so natural, why do we struggle with teaching children how to respond appropriately when it happens? Join Gus as he and his classmates learn a brief biology lesson behind why we all pass gas, and the right way to handle it.",https://books.google.com/books/content?id=2n5IDwAAQBAJ&printsec=frontcover&img=1&zoom=1&edge=curl&source=gbs_api,,,,,,https://www.amazon.com/s?k=9781545721452
Technology Tail,Julia Cook,6-10,children_fiction,"children,educators",Responsible-Decision-Making,"technology,responsibility,communication",Free Spirit Publishing,9781545743997,"A cute, creative story about children and their texts, tweets, posts and pics. Don’t be mean and irresponsible! That’s the straight-to-the-point advice “Screen” has for young readers who are active on social media. Whether tapping out messages on their computers, tablets or phones, Screen wants kids to know their words – the kind and the cruel – will follow them for life, creating a digital trail…",https://books.google.com/books/content?id=amKPDwAAQBAJ&printsec=frontcover&img=1&zoom=1&edge=curl&source=gbs_api,,,,,,https://www.amazon.com/s?k=9781545743997
But It's Not My Fault!,Julia Cook,6-10,children_fiction,"children,educators",Responsible-Decision-Making,"responsibility,choices",Free Spirit Publishing,9781545721414,"It just isn't Noodle's fault that his mom forgot to remind him to turn in his library book. Or that he didn't finish his homework. Luckily he learns not to blame others, but instead to take responsibility for his actions.",https://books.google.com/books/content?id=1n5IDwAAQBAJ&printsec=frontcover&img=1&zoom=1&edge=curl&source=gbs_api,,,,,,https://www.amazon.com/s?k=9781545721414
Battitude!,Julia Cook,6-10,children_fiction,"children,educators",Self-Management,"anger,resilience,growth-mindset",Free Spirit Publishing,9781631983658,"When RJ has a bad attitude, his mom helps him understand how his mood affects everyone around him. Part of the Best Me I Can Be! series by Julia Cook, this story helps kids recognize and shift their own attitude.",https://covers.openlibrary.org/b/isbn/9781631983658-M.jpg,4.2,,,,,https://www.amazon.com/s?k=9781631983658
But That Rule Doesn't Apply to Me,Julia Cook,6-10,children_fiction,"children,educators",Responsible-Decision-Making,"responsibility,choices",Free Spirit Publishing,9781931636568,RJ thinks rules are for everyone else but him — until he learns how rules keep things fair and safe for everyone. A Julia Cook classic from the Best Me I Can Be! series about responsibility and fairness.,https://covers.openlibrary.org/b/isbn/9781931636568-M.jpg,4.3,,,,,https://www.amazon.com/s?k=9781931636568
Cheaters Never Prosper,Julia Cook,8-12,children_fiction,"children,educators",Responsible-Decision-Making,"honesty,choices,integrity",Free Spirit Publishing,9781545743973,"Noodle's really done it this time! What should have been a friendly competition among classmates turns sour after Noodle cheats his way to victory. He says he didn't really want to cheat but everyone has to once in a while, so what's the harm? Will Noodle get burned by his own deception, or will he muster the courage to confess to his trickery? Young readers will learn a valuable lesson about the…",https://books.google.com/books/content?id=bGKPDwAAQBAJ&printsec=frontcover&img=1&zoom=1&edge=curl&source=gbs_api,,,,,,https://www.amazon.com/s?k=9781545743973
The Procrastinator,Julia Cook,8-12,children_fiction,"children,educators",Responsible-Decision-Making,"responsibility,organization,stress",Free Spirit Publishing,9781944882099,"Noodle always chooses to do the things he wants to do while never getting around to doing the things he NEEDS to do! Luckily, he learns simple strategies to help him complete his chores and still have time for fun. This is the fifth title in the Responsible Me! sries by Julia Cook.--Publisher.",https://books.google.com/books/content?id=5K6MDwAAQBAJ&printsec=frontcover&img=1&zoom=1&edge=curl&source=gbs_api,,,,,,https://www.amazon.com/s?k=9781944882099
What's in It for Me?,Julia Cook,8-12,children_fiction,"children,educators",Responsible-Decision-Making,"responsibility,kindness,choices",Free Spirit Publishing,9781545747841,"Noodle is always being told what to do. Pull the weeds. Make his bed. Kick the ball a certain way in soccer. Ugh! But he wonders, why? What's in it for him? Luckily, the adults in Noodle's life are there to teach him the importance of moving 'need tos' into 'I did its!' Join Noodle as he learns the value of practicing small chores now, so he'll be ready for life's big challenges later.",https://books.google.com/books/content?id=X1-yDwAAQBAJ&printsec=frontcover&img=1&zoom=1&edge=curl&source=gbs_api,,,,,,https://www.amazon.com/s?k=9781545747841
"Herman Jiggle, Say Hello!",Julia Cook,6-8,children_fiction,"children,educators",Relationship-Skills,"social-skills,friendship,anxiety",Free Spirit Publishing,9781545751015,Herman needs to figure out how to stop his tummy from doing flip-flops and his words from getting stuck so he can try to make new friends. This humorous story teaches kids the important skill of introducing themselves. Children ages 5 to 10 will laugh as Herman tries to calm his nerves and introduce himself to new people. Part of the Socially Skilled Kids book series.,https://books.google.com/books/content?id=J1PTDwAAQBAJ&printsec=frontcover&img=1&zoom=1&edge=curl&source=gbs_api,,,,,,https://www.amazon.com/s?k=9781545751015
"Herman Jiggle, Go to Sleep",Julia Cook,6-8,children_fiction,"children,educators",Self-Management,"anxiety,fear",Free Spirit Publishing,9781944882587,"﻿Why is it that when bedtime arrives, THAT’S the time children’s curiosity seems to peak? Well, at least that’s the case with Herman Jiggle. It’s bedtime, and as Mom helps Herman get ready, he has countless questions, like Why does the sun go away? Where does honey come from? Or, I have a best friend Charlie who can blow big bubbles. How do you make bubble gum? Mom’s patience is on point as she…",https://books.google.com/books/content?id=e5fyDwAAQBAJ&printsec=frontcover&img=1&zoom=1&edge=curl&source=gbs_api,,,,,,https://www.amazon.com/s?k=9781944882587
It's My Way or the Highway,Julia Cook,8-12,children_fiction,"children,educators",Relationship-Skills,"cooperation,conflict,impulse-control",Free Spirit Publishing,9781545747919,"Cora June is B-O-S-S-Y! Will anyone put the breaks on her outlandish demands? And will Cora June ever realize that she can be a leader, but still be flexible?",https://books.google.com/books/content?id=bV-yDwAAQBAJ&printsec=frontcover&img=1&zoom=1&edge=curl&source=gbs_api,,,,,,https://www.amazon.com/s?k=9781545747919
The Great Compromise,Julia Cook,8-12,children_fiction,"children,educators",Relationship-Skills,"cooperation,conflict,communication",Free Spirit Publishing,9781944882440,"Cora June is very lucky – she knows exactly what she wants! And she often gets it! But when classmate Wilson challenges Cora June’s insistence on certain things, it’s time they learn how to compromise! With help from their teacher, Cora June and Wilson are introduced to different ways to compromise – and even encouraged to come up with some on their own! Will these two leaders-in-the-making learn…",https://books.google.com/books/content?id=_H7PDwAAQBAJ&printsec=frontcover&img=1&zoom=1&edge=curl&source=gbs_api,,,,,,https://www.amazon.com/s?k=9781944882440
The I in Integrity,Julia Cook,8-12,children_fiction,"children,educators",Responsible-Decision-Making,"integrity,honesty,responsibility",Free Spirit Publishing,9781545753460,"Cora June is back, and this time she’s learning a thing or two about doing the right thing – even when no one is looking! When Cora June half-heartedly cleans her room by taking a shortcut, Mom is quick to ask her about her integrity. Not really knowing what it means, Cora June assumes it’s probably hidden under her bed, or in her closet. She continues to school, where she cheats on a spelling…",https://books.google.com/books/content?id=bCkKEAAAQBAJ&printsec=frontcover&img=1&zoom=1&edge=curl&source=gbs_api,,,,,,https://www.amazon.com/s?k=9781545753460
Cool Down and Work Through Anger,Cheri J. Meiners,6-8,children_nonfiction,"children,educators",Self-Management,"anger,impulse-control",Free Spirit Publishing,9798885541978,"Reassuring and supportive, this read-along ebook helps preschool and primary children learn concrete social skills for anger management and discover that when they cool down and work through anger, they can feel peaceful again. The English-Spanish editions from the popular Learning to Get Along series help children learn, understand, and practice basic social and emotional skills. Real-life…",https://books.google.com/books/content?id=0IT0EAAAQBAJ&printsec=frontcover&img=1&zoom=1&edge=curl&source=gbs_api,,,,,,https://www.amazon.com/s?k=9798885541978
Accept and Value Each Person,Cheri J. Meiners,6-8,children_nonfiction,"children,educators",Social-Awareness,"diversity,inclusion,empathy",Free Spirit Publishing,9781575428062,"The world is becoming more diverse, and so are the daily lives of our children. Accepting and valuing people and groups who are different from oneself and one's immediate family is a critical social skill. Accept and Value Each Person introduces diversity and related concepts: respecting differences, being inclusive, and appreciating people just the way they are. Includes questions, activities,…",https://books.google.com/books/content?id=f70GqNjWpI0C&printsec=frontcover&img=1&zoom=1&edge=curl&source=gbs_api,,,,,,https://www.amazon.com/s?k=9781575428062
Be Honest and Tell the Truth,Cheri J. Meiners,6-8,children_nonfiction,"children,educators",Responsible-Decision-Making,honesty,Free Spirit Publishing,9781631982293,"Teach children that being honest in words and actions builds trust and self-confidence, and that telling the truth can take courage and tact.",https://books.google.com/books/content?id=qVByEQAAQBAJ&printsec=frontcover&img=1&zoom=1&edge=curl&source=gbs_api,,,,,,https://www.amazon.com/s?k=9781631982293
Reach Out and Give,Cheri J. Meiners,6-8,children_nonfiction,"children,educators",Social-Awareness,"kindness,empathy",Free Spirit Publishing,9781631982323,"Introduce children to gratitude and philanthropy, and show them how they can contribute to their community in simple, meaningful ways.",https://books.google.com/books/content?id=v1ByEQAAQBAJ&printsec=frontcover&img=1&zoom=1&edge=curl&source=gbs_api,,,,,,https://www.amazon.com/s?k=9781631982323
When I Feel Afraid,Cheri J. Meiners,6-8,children_nonfiction,"children,educators",Self-Management,"fear,anxiety",Free Spirit Publishing,9781631982361,Help children understand their fears and teach them simple coping skills.,https://books.google.com/books/content?id=jVByEQAAQBAJ&printsec=frontcover&img=1&zoom=1&edge=curl&source=gbs_api,,,,,,https://www.amazon.com/s?k=9781631982361
Understand and Care,Cheri J. Meiners,6-8,children_nonfiction,"children,educators",Social-Awareness,"empathy,perspective-taking",Free Spirit Publishing,9781631982354,Build empathy in children and guide them to show they care by listening to others and respecting their feelings.,https://books.google.com/books/content?id=slByEQAAQBAJ&printsec=frontcover&img=1&zoom=1&edge=curl&source=gbs_api,,,,,,https://www.amazon.com/s?k=9781631982354
Try and Stick With It,Cheri J. Meiners,6-8,children_nonfiction,"children,educators",Self-Management,"resilience,growth-mindset",Free Spirit Publishing,9781631982347,"Introduce children to flexibility, stick-to-it-iveness (perseverance), and the benefits of trying something new.",https://books.google.com/books/content?id=klByEQAAQBAJ&printsec=frontcover&img=1&zoom=1&edge=curl&source=gbs_api,,,,,,https://www.amazon.com/s?k=9781631982347
Talk and Work It Out,Cheri J. Meiners,6-8,children_nonfiction,"children,educators",Relationship-Skills,"conflict,communication",Free Spirit Publishing,9781575427966,"What’s the best way to solve problems between people? By talking them over and working them out. It’s never too soon for children to learn the process of peaceful conflict resolution. This book distills it into clear, simple language and supporting illustrations. Children learn to calm themselves, state the problem, listen, think of solutions, try one, evaluate results, and even agree to disagree…",https://books.google.com/books/content?id=G1n-uCl_e7IC&printsec=frontcover&img=1&zoom=1&edge=curl&source=gbs_api,,,,,,https://www.amazon.com/s?k=9781575427966
Share and Take Turns,Cheri J. Meiners,6-8,children_nonfiction,"children,educators",Relationship-Skills,"sharing,cooperation",Free Spirit Publishing,9781631980176,"Help children practice sharing, understand how and why to share, and realize the benefits of sharing.",https://books.google.com/books/content?id=xFByEQAAQBAJ&printsec=frontcover&img=1&zoom=1&edge=curl&source=gbs_api,,,,,,https://www.amazon.com/s?k=9781631980176
Respect and Take Care of Things,Cheri J. Meiners,6-8,children_nonfiction,"children,educators",Responsible-Decision-Making,responsibility,Free Spirit Publishing,9781415576502,"Talks about picking up after yourself, putting things back where they belong, and asking permission to use other people's things.",https://books.google.com/books/content?id=Q4tzswEACAAJ&printsec=frontcover&img=1&zoom=1&source=gbs_api,,,,,,https://www.amazon.com/s?k=9781415576502
Listen and Learn,Cheri J. Meiners,6-8,children_nonfiction,"children,educators",Relationship-Skills,"communication,social-skills",Free Spirit Publishing,9798885542005,"Knowing how to listen is essential to learning, growing, and getting along with others. This gentle, encouraging book introduces and explains what listening means, why it’s important, and how to listen well. Realistic examples and inviting full-color illustrations bring the concepts to life. The focus throughout is on the positive results of being a good listener. Made to be read aloud, this book…",https://books.google.com/books/content?id=XIL0EAAAQBAJ&printsec=frontcover&img=1&zoom=1&edge=curl&source=gbs_api,,,,,,https://www.amazon.com/s?k=9798885542005
Know and Follow Rules,Cheri J. Meiners,6-8,children_nonfiction,"children,educators",Responsible-Decision-Making,"responsibility,choices",Free Spirit Publishing,9798885541992,"A child who isn’t following the rules is a child who’s always in trouble. This book starts with simple reasons why we have rules: to help us stay safe, learn, be fair, and get along. Then it presents just four basic rules: “Listen,” “Best Work,” “Hands and Body to Myself,” and “Please and Thank You.” The focus throughout is on the positive sense of pride that comes with learning to follow rules.…",https://books.google.com/books/content?id=QoX0EAAAQBAJ&printsec=frontcover&img=1&zoom=1&edge=curl&source=gbs_api,,,,,,https://www.amazon.com/s?k=9798885541992
Join In and Play,Cheri J. Meiners,6-8,children_nonfiction,"children,educators",Relationship-Skills,"friendship,social-skills",Free Spirit Publishing,9781631982316,"Teach the basics of cooperation, getting along, making friends, and being a friend.",https://books.google.com/books/content?id=llByEQAAQBAJ&printsec=frontcover&img=1&zoom=1&edge=curl&source=gbs_api,,,,,,https://www.amazon.com/s?k=9781631982316
Be Polite and Kind,Cheri J. Meiners,6-8,children_nonfiction,"children,educators",Social-Awareness,"kindness,manners,social-skills",Free Spirit Publishing,9781575428031,"When children are kind, courteous, and respectful, people enjoy being around them and reciprocate with the same behavior. This book helps kids understand the importance of showing politeness, speaking kindly, using basic courtesies (“please,” “thank you,” “excuse me”), and respecting the feelings of others. Scenarios and role-play activities help adults reinforce the book's lessons.",https://books.google.com/books/content?id=6BTnyN9iSjEC&printsec=frontcover&img=1&zoom=1&edge=curl&source=gbs_api,,,,,,https://www.amazon.com/s?k=9781575428031
Be Careful and Stay Safe,Cheri J. Meiners,6-8,children_nonfiction,"children,educators",Responsible-Decision-Making,"responsibility,choices",Free Spirit Publishing,9781631982286,"Teach children how to avoid potential dangers, ask for help, follow directions, use things carefully, and plan ahead.",https://books.google.com/books/content?id=sFByEQAAQBAJ&printsec=frontcover&img=1&zoom=1&edge=curl&source=gbs_api,,,,,,https://www.amazon.com/s?k=9781631982286
How to Take the Grrrr Out of Anger,Elizabeth Verdick & Marjorie Lisovskis,9-12,children_nonfiction,"children,educators",Self-Management,"anger,impulse-control",Free Spirit Publishing,9781442999343,"If you learn to handle your anger, you'll feel calmer and more peaceful. This can make it easier for you to get along at home, at school, and out in the world. Your family and friends will respect how well you handle your feelings. Best of all, you'll feel better about yourself. You'll be a stronger, healthier person - guaranteed.",https://books.google.com/books/content?id=6MOcBgAAQBAJ&printsec=frontcover&img=1&zoom=1&edge=curl&source=gbs_api,,,,,,https://www.amazon.com/s?k=9781442999343
Bullies Are a Pain in the Brain,Trevor Romain,9-12,children_nonfiction,"children,educators",Social-Awareness,"bullying,resilience",Free Spirit Publishing,9781458700506,"If you're sick of being picked on, pushed around, threatened, or teased, this book is for you. Author Trevor Romain understands what a pain bullies are. And he knows how you can become Bully-Proof. As you laugh along with Trevor's jokes and cartoons, you'll learn tried-and-true ways to deal with bullies.... So read this book if you want to get rid of the bullies in your life. (P.S. If you're a…",https://books.google.com/books/content?id=MsScBgAAQBAJ&printsec=frontcover&img=1&zoom=1&edge=curl&source=gbs_api,,,,,,https://www.amazon.com/s?k=9781458700506
"Cliques, Phonies & Other Baloney",Trevor Romain,9-12,children_nonfiction,"children,educators",Relationship-Skills,"friendship,social-skills,bullying",Free Spirit Publishing,9781631982439,"Revised classic provides a humorous take on cliques, exclusion, and real friends—updated to include online clique-tivity.? Clique: It’s a word that’s spelled funny and sounds funny, and (like a vampire) can be a pain in the neck. True friends don’t make you feel left out, but for many kids, navigating social groups is tricky (because it’s cliquey), and they end up feeling excluded. This book uses…",https://books.google.com/books/content?id=MIGADwAAQBAJ&printsec=frontcover&img=1&zoom=1&edge=curl&source=gbs_api,,,,,,https://www.amazon.com/s?k=9781631982439
Stress Can Really Get on Your Nerves,Trevor Romain & Elizabeth Verdick,9-12,children_nonfiction,"children,educators",Self-Management,"stress,resilience",Free Spirit Publishing,9781442955714,,https://books.google.com/books/content?id=KYCrAsMZ4BYC&printsec=frontcover&img=1&zoom=1&edge=curl&source=gbs_api,,,,,,https://www.amazon.com/s?k=9781442955714
How to Do Homework Without Throwing Up,Trevor Romain,9-12,children_nonfiction,"children,educators",Self-Management,"school-anxiety,stress,organization",Free Spirit Publishing,9781442953697,Discusses a variety of simple techniques for getting homework done.,https://books.google.com/books/content?id=QKUlrKMXWKUC&printsec=frontcover&img=1&zoom=1&edge=curl&source=gbs_api,,,,,,https://www.amazon.com/s?k=9781442953697
"Dude, That's Rude! (Get Some Manners)",Elizabeth Verdick & Natasha Lewin,9-12,children_nonfiction,"children,educators",Relationship-Skills,"manners,social-skills,communication",Free Spirit Publishing,9781575428192,"Kids today need manners more than ever, and Dude, That’s Rude! makes it fun and easy to get some. Full-color cartoons and kid-friendly text teach the basics of polite behavior in all kinds of situations—at home, at school, in the bathroom, on the phone, at the mall, and more. Kids learn Power Words to use and P.U. Words to avoid, why their family deserves their best manners, and the essentials of…",https://books.google.com/books/content?id=7oNURHMXuYgC&printsec=frontcover&img=1&zoom=1&edge=curl&source=gbs_api,,,,,,https://www.amazon.com/s?k=9781575428192
Don't Behave Like You Live in a Cave,Elizabeth Verdick,9-12,children_nonfiction,"children,educators",Relationship-Skills,"social-skills,communication,manners",Free Spirit Publishing,9781575427287,"Full-color cartoons and humorous, kid-friendly text teach kids how to make smarter choices about how they behave at home and at school so they stay out of trouble, feel good about themselves and their choices, and get along better with family, friends, and teachers. Better behavior isn’t just about making adults happy: it means selfcontrol, awareness, and a positive outlook, so things go better…",https://books.google.com/books/content?id=3hu6ohSR_HYC&printsec=frontcover&img=1&zoom=1&edge=curl&source=gbs_api,,,,,,https://www.amazon.com/s?k=9781575427287
"Siblings: You're Stuck with Each Other, So Stick Together",James Crist & Elizabeth Verdick,9-12,children_nonfiction,"children,educators",Relationship-Skills,"siblings,conflict,communication",Free Spirit Publishing,9780329776282,,,,,,,,https://www.amazon.com/s?k=9780329776282
Stand Up to Bullying!,Phyllis Kaufman Goodstein & Elizabeth Verdick,9-12,children_nonfiction,"children,educators",Social-Awareness,"bullying,empathy,choices",Free Spirit Publishing,9780606316583,"Teaches young readers how to be an upstander, someone who sees bullying and decides to do something about it.",https://books.google.com/books/content?id=xeSOmwEACAAJ&printsec=frontcover&img=1&zoom=1&source=gbs_api,,,,,,https://www.amazon.com/s?k=9780606316583
"See You Later, Procrastinator! (Get It Done)",Pamela Espeland & Elizabeth Verdick,9-12,children_nonfiction,"children,educators",Responsible-Decision-Making,"responsibility,organization,stress",Free Spirit Publishing,9781575428208,"Kids today are notorious for putting things off—it’s easy for homework and chores to take a backseat to playing video games, hanging out with friends, watching television, or surfing online. Full-color cartoons and kid-friendly text teach kids how to get motivated, stay motivated, and get things done. Kids learn 12 reasons why people procrastinate and 12 Procrastination Busters that can help; 20…",https://books.google.com/books/content?id=-gF0OIuPmoEC&printsec=frontcover&img=1&zoom=1&edge=curl&source=gbs_api,,,,,,https://www.amazon.com/s?k=9781575428208
Get Organized Without Losing It,Janet S. Fox & Elizabeth Verdick,9-12,children_nonfiction,"children,educators",Self-Management,"organization,responsibility",Free Spirit Publishing,9781631981845,"Revised full-color edition of a popular how-to guide offers practical, humorous help for kids who want to manage their tasks, time, and stuff. In the quest for school success—not to mention a happy home life—kids have a lot to juggle: schoolwork, friends, activities, chores, bedrooms, electronics, lockers, and desks. Get Organized Without Losing It provides friendly, entertaining help for kids…",https://books.google.com/books/content?id=E5lUDwAAQBAJ&printsec=frontcover&img=1&zoom=1&edge=curl&source=gbs_api,,,,,,https://www.amazon.com/s?k=9781631981845
How to Take the ACHE Out of Mistakes,Elizabeth Verdick & Marjorie Lisovskis,9-12,children_nonfiction,"children,educators",Self-Management,"perfectionism,resilience,growth-mindset",Free Spirit Publishing,9781631983092,A fun and funny way for kids to learn about mistakes and how to recover from them. Making a mistake can leave anyone feeling sick in the stomach or thinking that the world is going to end. Learning how to cope with mistakes—and how to stop that “ache”—can be one of the hardest parts of growing up. The latest entry in Free Spirit’s acclaimed Laugh and Learn® series takes a closer look at the…,https://books.google.com/books/content?id=1mnuDwAAQBAJ&printsec=frontcover&img=1&zoom=1&edge=curl&source=gbs_api,,,,,,https://www.amazon.com/s?k=9781631983092
How to Take the GROAN Out of Grown-Ups (and Get Along!),Elizabeth Verdick,9-12,children_nonfiction,"children,educators",Relationship-Skills,"communication,conflict",Free Spirit Publishing,9781631986192,"Communication skills for kids that help them build stronger relationships with adults. Whatever kinds of grown-ups kids have in their lives, one thing is for sure: Life is better (and a whole lot simpler) when kids and grown-ups get along. And while grown-ups want kids to be respectful and thoughtful—toward everybody, not just grown-ups!—kids also deserve to be respected and treated thoughtfully.…",https://books.google.com/books/content?id=CfyGEAAAQBAJ&printsec=frontcover&img=1&zoom=1&edge=curl&source=gbs_api,,,,,,https://www.amazon.com/s?k=9781631986192
You Got a Phone! (Now Read This Book),Elizabeth Verdick,9-12,children_nonfiction,"children,educators",Responsible-Decision-Making,"technology,responsibility,communication",Free Spirit Publishing,9781631986413,"Kids learn about the super awesome powers of their phones—and how to use them safely. Phones are super fun, really convenient, and amazingly useful tools! But when kids and smartphones are together, problems can pop up. You Got a Phone! (Now Read This Book) offers fun and straight-to-the-point advice for kids who have phones and parents who want to keep phone trouble at bay. Kids need to know…",https://books.google.com/books/content?id=a_uGEAAAQBAJ&printsec=frontcover&img=1&zoom=1&edge=curl&source=gbs_api,,,,,,https://www.amazon.com/s?k=9781631986413
Yay! You Failed!,Shannon Anderson,6-9,children_nonfiction,"children,educators",Self-Management,"resilience,growth-mindset,perfectionism",Free Spirit Publishing,9781631987205,"Help young kids learn how to set goals, overcome challenges, and feel good about their efforts. Celebrate mistakes and setbacks! In Yay! You Failed!, young readers learn how to set goals, overcome challenges, build resilience, and believe in themselves. Simple “you-can-do-it” strategies in this book can help kids learn: why practice makes progress, not perfect ways to keep going when the going…",https://books.google.com/books/content?id=efuGEAAAQBAJ&printsec=frontcover&img=1&zoom=1&edge=curl&source=gbs_api,,,,,,https://www.amazon.com/s?k=9781631987205
Ease the Tease,Judy S. Freedman,6-9,children_nonfiction,"children,educators",Social-Awareness,"bullying,social-skills,resilience",Free Spirit Publishing,9781631989902,"Ten easy-to-learn strategies to help kids ease the pain of teasing and stand up for themselves. Teasing happens to lots and lots (and lots!) of kids. Every day. Sometimes that teasing can be fun, but other times it hurts. Ease the Tease helps young readers recognize what hurtful teasing sounds and feels like and provides simple but powerful ideas for dealing with teasing. How many ways can…",https://books.google.com/books/content?id=vIL0EAAAQBAJ&printsec=frontcover&img=1&zoom=1&edge=curl&source=gbs_api,,,,,,https://www.amazon.com/s?k=9781631989902
"Make a Friend, Be a Friend",Eric Braun,6-9,children_nonfiction,"children,educators",Relationship-Skills,"friendship,social-skills",Free Spirit Publishing,9781631986307,"Practical—and fun—tips for starting and growing friendships. Life is better with a friend. That’s true for everyone. Some kids have lots of friends. Others have a few. Either way is great! Make a Friend, Be a Friend helps young readers find ways to—you guessed it!—make friends and be a better friend. That doesn’t mean making and being friends is a snap. Even though it’s natural, it doesn’t always…",https://books.google.com/books/content?id=B_9VEAAAQBAJ&printsec=frontcover&img=1&zoom=1&edge=curl&source=gbs_api,,,,,,https://www.amazon.com/s?k=9781631986307
Rules! Rules! Rules!,Eric Braun,6-9,children_nonfiction,"children,educators",Responsible-Decision-Making,"responsibility,choices",Free Spirit Publishing,,"Includes also the state constitution, state officers, members of the Legislature, standing committees, employees, etc.",https://books.google.com/books/content?id=GZtKAQAAMAAJ&printsec=frontcover&img=1&zoom=1&edge=curl&source=gbs_api,,,,,,https://www.amazon.com/s?k=Rules%21+Rules%21+Rules%21+Eric+Braun&i=stripbooks
"Be Yourself, Like Yourself",Judy S. Freedman,6-9,children_nonfiction,"children,educators",Self-Awareness,"self-acceptance,self-esteem,confidence",Free Spirit Publishing,9798885544498,"Empower kids to develop and build positive self-esteem and self-confidence. ""What makes you YOU?"" Be Yourself, Like Yourself is a fun and friendly book that launches kids into understanding that they are important and loved, and that they can build their self-esteem and confidence by recognizing their own unique traits and strengths. People with strong self-esteem believe in themselves, are proud…",https://books.google.com/books/content?id=VjcWEQAAQBAJ&printsec=frontcover&img=1&zoom=1&edge=curl&source=gbs_api,,,,,,https://www.amazon.com/s?k=9798885544498
"Hi, Worry. Bye, Worry!",Shannon Anderson,6-9,children_nonfiction,"children,educators",Self-Management,"anxiety,resilience",Free Spirit Publishing,9798885545235,"Empower children to build habits and skills to deal with worry in healthy ways Everyone worries sometimes, no matter how old, how smart, or how strong. And everyone can benefit from learning how to manage their worried feelings and thoughts and feel better. Part of the Little Laugh & Learn® series, Hi, Worry. Bye, Worry! offers children simple yet effective tools to cope with and work through…",https://books.google.com/books/content?id=rYZxEQAAQBAJ&printsec=frontcover&img=1&zoom=1&edge=curl&source=gbs_api,,,,,,https://www.amazon.com/s?k=9798885545235
Weird!,Erin Frankel,6-9,children_fiction,"children,educators",Social-Awareness,"bullying,self-acceptance",Free Spirit Publishing,9781631989971,"Luisa is repeatedly teased and called ""weird"" by her classmate Sam, even though she is simply being herself—laughing with her friends, answering questions in class, greeting her father in Spanish, and wearing her favorite polka-dot boots. Luisa initially reacts to the bullying by withdrawing and hiding her colorful nature. But with the support of her teachers, parents, classmates, and one special…",https://books.google.com/books/content?id=doP0EAAAQBAJ&printsec=frontcover&img=1&zoom=1&edge=curl&source=gbs_api,,,,,,https://www.amazon.com/s?k=9781631989971
Dare!,Erin Frankel,6-9,children_fiction,"children,educators",Social-Awareness,"bullying,self-esteem,empathy",Free Spirit Publishing,9781484414552,"Jayla feels threatened by her classmate Sam, who has bullied her in the past for her ""nerdy"" love of astronomy and stars. Sam is now bullying Jayla's friend Luisa, and she enlists Jayla to participate. Jalya reluctantly joins in but soon realizes it",https://books.google.com/books/content?id=iHGcswEACAAJ&printsec=frontcover&img=1&zoom=1&source=gbs_api,,,,,,https://www.amazon.com/s?k=9781484414552
Tough!,Erin Frankel,6-9,children_fiction,"children,educators",Social-Awareness,"bullying,empathy,perspective-taking",Free Spirit Publishing,9781484414545,"Sam is concerned about keeping things orderly and ""cool"" at school. She thinks people need to have a tough skin in order to fit in and withstand others' meanness and lack of cooperation. Sam teases her free-spirited classmate Luisa and enlists a frie",https://books.google.com/books/content?id=zwNszQEACAAJ&printsec=frontcover&img=1&zoom=1&source=gbs_api,,,,,,https://www.amazon.com/s?k=9781484414545
Be Positive!,Cheri J. Meiners,6-8,children_nonfiction,"children,educators",Self-Awareness,"optimism,growth-mindset,resilience",Free Spirit Publishing,9781575425504,"A sense of optimism is a key ingredient to success in life. Guide young children to develop a positive outlook and discover how the choices they make can lead to feeling happy and capable. This friendly, encouraging book introduces preschool and primary-age children to ways of thinking and acting that will help them feel good about themselves and their lives, stay on course when things don’t go…",https://books.google.com/books/content?id=QlUdBAAAQBAJ&printsec=frontcover&img=1&zoom=1&edge=curl&source=gbs_api,,,,,,https://www.amazon.com/s?k=9781575425504
Bounce Back!,Cheri J. Meiners,6-8,children_nonfiction,"children,educators",Self-Management,"resilience,growth-mindset",Free Spirit Publishing,9781575424576,"Resilience--the ability to recover or ""bounce back"" from problems, hurt, or loss--is critical for social and emotional health and helps people feel happy, capable, and in charge of their lives. Foster perseverance, patience, and resilience in children with this unique, encouraging book. Young children learn thought processes and actions that are positive, realistic, and helpful for bouncing back.…",https://books.google.com/books/content?id=E0XdnQEACAAJ&printsec=frontcover&img=1&zoom=1&source=gbs_api,,,,,,https://www.amazon.com/s?k=9781575424576
Dream On!,Cheri J. Meiners,6-8,children_nonfiction,"children,educators",Self-Awareness,"confidence,growth-mindset",Free Spirit Publishing,9781631980572,"Imagination and motivation are key to young children’s happiness and health. Thinking about dreams and goals can help children cope with challenges when they arise and view life through a hopeful lens. With this encouraging book, nurture children’s imaginations and help them enjoy taking responsibility for their choices and goals. Back matter includes advice for motivating kids and teaching about…",https://books.google.com/books/content?id=JdDLDwAAQBAJ&printsec=frontcover&img=1&zoom=1&edge=curl&source=gbs_api,,,,,,https://www.amazon.com/s?k=9781631980572
Feel Confident!,Cheri J. Meiners,6-8,children_nonfiction,"children,educators",Self-Awareness,"confidence,self-esteem",Free Spirit Publishing,9781575424538,"Encourages readers to develop confidence in themselves, their abilities, and the choices they make by trying new things, solving problems, and making decisions.",https://books.google.com/books/content?id=MemwmwEACAAJ&printsec=frontcover&img=1&zoom=1&source=gbs_api,,,,,,https://www.amazon.com/s?k=9781575424538
Forgive and Let Go!,Cheri J. Meiners,6-8,children_nonfiction,"children,educators",Social-Awareness,"forgiveness,anger,conflict",Free Spirit Publishing,9781575425207,"For young children, learning to forgive—when they’ve been let down or had their feelings are hurt—can take time. Help children develop their forgiveness skills and learn how to accept an apology and move on without holding grudges. At the same time, encourage children to let go of disappointment and to accept when things don’t go the way they hope. Back matter includes advice for teaching…",https://books.google.com/books/content?id=ihbqCAAAQBAJ&printsec=frontcover&img=1&zoom=1&edge=curl&source=gbs_api,,,,,,https://www.amazon.com/s?k=9781575425207
Grow Strong!,Cheri J. Meiners,6-8,children_nonfiction,"children,educators",Self-Management,"resilience,self-esteem",Free Spirit Publishing,9781631980862,"Establishing patterns of a healthy diet, exercise, and sleep helps children stay physically active, make friends, learn well, and enjoy emotional health—all of which lead to greater happiness. Children’s health and confidence can increase as they become more aware of their own unique bodies and abilities, and as they incorporate the self-care principles presented in this warm and encouraging…",https://books.google.com/books/content?id=d7DRDAAAQBAJ&printsec=frontcover&img=1&zoom=1&edge=curl&source=gbs_api,,,,,,https://www.amazon.com/s?k=9781631980862
Have Courage!,Cheri J. Meiners,6-8,children_nonfiction,"children,educators",Self-Awareness,"courage,fear,confidence",Free Spirit Publishing,9781575425979,"Help children develop the attitudes and skills of courage and assertiveness in order to make wise choices and work through challenges. Children learn to do what they think is right and be brave, even if it’s hard. They learn to distinguish between expectations set by trusted adults and hurtful, wrong, or dangerous things adults or children might pressure them to do. The book also highlights…",https://books.google.com/books/content?id=1MSmAwAAQBAJ&printsec=frontcover&img=1&zoom=1&edge=curl&source=gbs_api,,,,,,https://www.amazon.com/s?k=9781575425979
Stand Tall!,Cheri J. Meiners,6-8,children_nonfiction,"children,educators",Self-Awareness,"self-esteem,confidence,bullying",Free Spirit Publishing,9781575425214,"Integrity is an important trait for children to develop—especially as they grow, learn, and have more opportunities to make choices for themselves. With this encouraging book, support children in knowing right from wrong, making positive decisions, keeping promises, and staying true to themselves. Back matter includes advice for teaching integrity at home, at school, and in childcare. Being the…",https://books.google.com/books/content?id=ZRbqCAAAQBAJ&printsec=frontcover&img=1&zoom=1&edge=curl&source=gbs_api,,,,,,https://www.amazon.com/s?k=9781575425214
Feeling Angry!,Kay Barnham,6-8,children_nonfiction,"children,educators",Self-Management,"anger,emotions,impulse-control",Free Spirit Publishing,9781541529649,"Audisee® eBooks with Audio combine professional narration and text highlighting for an engaging read aloud experience! Do you ever get so frustrated that you want to yell? Sometimes things in life will make you mad, but how you deal with emotions is up to you. Find out what it means to feel angry and how to acknowledge your feelings. Carefully leveled text and fresh, vibrant photos engage young…",https://books.google.com/books/content?id=SuEiEAAAQBAJ&printsec=frontcover&img=1&zoom=1&edge=curl&source=gbs_api,,,,,,https://www.amazon.com/s?k=9781541529649
Feeling Scared!,Kay Barnham,6-8,children_nonfiction,"children,educators",Self-Management,"fear,anxiety",Free Spirit Publishing,9781631982545,"Danny is a big help when his friends and his little sister feel scared for all kinds of reasons, from a loud thunderstorm to meeting a new dog to giving a talk in front of the class. Then, in his dark bedroom one spooky evening, it's his turn to feel afraid. Will he know how to be brave and face his own fear?",https://books.google.com/books/content?id=zBY8tAEACAAJ&printsec=frontcover&img=1&zoom=1&source=gbs_api,,,,,,https://www.amazon.com/s?k=9781631982545
Feeling Jealous!,Kay Barnham,6-8,children_nonfiction,"children,educators",Self-Management,"jealousy,emotions",Free Spirit Publishing,9781631982521,"Lucy is very good at helping those around her. She helps one friend feel less jealous of a sibling's later bedtime, and shows another how to deal with jealousy of a classmate who has the latest toy. Then comes Lucy's turn to feel jealous. Will she remember her own advice about overcoming jealousy?",https://books.google.com/books/content?id=K2DtAQAACAAJ&printsec=frontcover&img=1&zoom=1&source=gbs_api,,,,,,https://www.amazon.com/s?k=9781631982521
Feeling Sad!,Kay Barnham,6-8,children_nonfiction,"children,educators",Self-Management,"sadness,emotions",Free Spirit Publishing,9781526300720,"This lovely picturebook story tells the story of a small child helping others who are feeling sad. Illustrating scenarios of why children become frightened will help readers to identify their feelings and work out the best way to deal with this emotion. Ideal for home or classroom, this book contains notes for parents and teachers with suggestions of ways to help children deal with this feeling.…",https://books.google.com/books/content?id=dYSCuQEACAAJ&printsec=frontcover&img=1&zoom=1&source=gbs_api,,,,,,https://www.amazon.com/s?k=9781526300720
Feeling Shy!,Kay Barnham,6-8,children_nonfiction,"children,educators",Self-Management,"anxiety,social-skills",Free Spirit Publishing,9781526300799,"This lovely picturebook story tells the story of a small child helping others who feel shy, before finding themselves in a situation that makes them feel shy too. Illustrating scenarios of why children become frightened will help readers to identify their feelings and work out the best way to deal with this emotion. Ideal for home or classroom, this book contains notes for parents and teachers…",https://books.google.com/books/content?id=Zt_-jwEACAAJ&printsec=frontcover&img=1&zoom=1&source=gbs_api,,,,,,https://www.amazon.com/s?k=9781526300799
Feeling Worried!,Kay Barnham,6-8,children_nonfiction,"children,educators",Self-Management,"anxiety,stress",Free Spirit Publishing,9781631982552,"Ava is there to help her friends and her little brother with their worries, showing them how to talk it out, ask for support, and face new challenges. When she faces a visit to the dentist, though, Ava feels what it's like to be worried herself. Will she take her own advice and help herself not worry?",https://books.google.com/books/content?id=iFvnAQAACAAJ&printsec=frontcover&img=1&zoom=1&source=gbs_api,,,,,,https://www.amazon.com/s?k=9781631982552
Get Unstuck from Disappointment,Gill Hasson,6-9,children_nonfiction,"children,educators",Self-Management,"disappointment,resilience,growth-mindset",Free Spirit Publishing,9781631986154,"""Disappointment can happen when things don't turn out the way you thought or hoped that they would. This book helps kids recognize disappointment and offers suggestions for healthy ways to deal with it""--",https://books.google.com/books/content?id=eyGVzQEACAAJ&printsec=frontcover&img=1&zoom=1&source=gbs_api,,,,,,https://www.amazon.com/s?k=9781631986154
Say Hi When You're Shy,Gill Hasson,6-9,children_nonfiction,"children,educators",Self-Management,"anxiety,social-skills,confidence",Free Spirit Publishing,9781631985690,"""This picture book helps children overcome their shyness with manageable strategies, such as preparing ahead of time for events they feel shy about, so they can learn to be more confident and comfortable around other children, as well as adults""--",https://books.google.com/books/content?id=DUlqzQEACAAJ&printsec=frontcover&img=1&zoom=1&source=gbs_api,,,,,,https://www.amazon.com/s?k=9781631985690
Take Charge of Anger,Gill Hasson,6-9,children_nonfiction,"children,educators",Self-Management,"anger,impulse-control",Free Spirit Publishing,9781445166070,"When things don't go right. When it's not fair. When someone doesn't do what they promised they would. Losing or breaking something, being scared or hurt. Not understanding or being able to make something work. Any of these things can trigger anger in children. In response, they may scream, shout, or lash out. This book helps children learn how to deal with their anger. It explains how and why we…",https://books.google.com/books/content?id=LYDJuwEACAAJ&printsec=frontcover&img=1&zoom=1&source=gbs_api,,,,,,https://www.amazon.com/s?k=9781445166070
Step Back from Frustration,Gill Hasson,6-9,children_nonfiction,"children,educators",Self-Management,"frustration,impulse-control,anger",Free Spirit Publishing,9781445166223,,https://books.google.com/books/content?id=wWGyzQEACAAJ&printsec=frontcover&img=1&zoom=1&source=gbs_api,,,,,,https://www.amazon.com/s?k=9781445166223
Turn Away from Teasing,Gill Hasson,6-9,children_nonfiction,"children,educators",Social-Awareness,"bullying,resilience,self-esteem",Free Spirit Publishing,9781631985287,"""Kids need supportive advice for dealing with teasing -- or for knowing when they should stop teasing someone else. This book shares practical tools with kids to help them turn away from teasing. Additional activities are included at the back of the book""--",https://books.google.com/books/content?id=65P6yAEACAAJ&printsec=frontcover&img=1&zoom=1&source=gbs_api,,,,,,https://www.amazon.com/s?k=9781631985287
Face Your Fears,Gill Hasson,6-9,children_nonfiction,"children,educators",Self-Management,"fear,anxiety,courage",Free Spirit Publishing,9781445166094,"Being scared or afraid is a feeling that everyone has. Sometimes the things that scare children are real; things like spiders and snakes, thunder and lightning. Sometimes the things children get scared about are not real; things like monsters. They're not real but the fear of them is real. Face Your Fears understands how and why children get scared. It helps children learn to manage and overcome…",https://books.google.com/books/content?id=xULPwQEACAAJ&printsec=frontcover&img=1&zoom=1&source=gbs_api,,,,,,https://www.amazon.com/s?k=9781445166094
Let Go of Jealousy,Gill Hasson,6-9,children_nonfiction,"children,educators",Self-Management,"jealousy,emotions,conflict",Free Spirit Publishing,9781445166162,"Description It's not always easy for a child to know when they're jealous; sometimes they may have felt sad and upset or cross and angry and not know why. But when a child thinks it's not fair that someone else has got something they want or can do something that they can't, or when they envy what someone else has or can do, then they're experiencing jealousy. Jealousy can bring all sorts of…",https://books.google.com/books/content?id=rt2NzQEACAAJ&printsec=frontcover&img=1&zoom=1&source=gbs_api,,,,,,https://www.amazon.com/s?k=9781445166162
Put Your Worries Away,Gill Hasson,6-9,children_nonfiction,"children,educators",Self-Management,"anxiety,resilience",Free Spirit Publishing,9781445166049,"Description Bullying and burglars. Being laughed at and being left alone. Accidents, illness, family break-up and moving home. Tests at school, changing school. And monsters under the bed. This book helps children learn how to deal with real and imagined worries. It explains what worry is and where it comes from. It explains how and why worries make people think and feel the way they do. Put Your…",https://books.google.com/books/content?id=Dkz3uwEACAAJ&printsec=frontcover&img=1&zoom=1&source=gbs_api,,,,,,https://www.amazon.com/s?k=9781445166049
Middle School Confidential 1: Be Confident in Who You Are,Annie Fox,9-12,children_fiction,"children,educators",Self-Awareness,"confidence,self-esteem,identity",Free Spirit Publishing,9781575423395,A graphic novel guide for middle schoolers navigating the tricky social terrain of early adolescence. Real kids share their stories about building self-confidence and handling peer pressure.,https://covers.openlibrary.org/b/isbn/9781575423395-M.jpg,4.1,,,,,https://www.amazon.com/s?k=9781575423395
Middle School Confidential 2: Real Friends vs. the Other Kind,Annie Fox,9-12,children_fiction,"children,educators",Relationship-Skills,"friendship,social-skills,bullying",Free Spirit Publishing,9781575423401,"A graphic novel that helps tweens understand what real friendship looks like versus toxic relationships — cliques, frenemies, and social drama — with advice from real middle schoolers.",https://covers.openlibrary.org/b/isbn/9781575423401-M.jpg,4.2,,,,,https://www.amazon.com/s?k=9781575423401
Middle School Confidential 3: What's Up with My Family?,Annie Fox,9-12,children_fiction,"children,educators",Relationship-Skills,"conflict,communication,divorce",Free Spirit Publishing,9781575423906,"The third book in the Middle School Confidential graphic novel series tackles family dynamics — divorce, blended families, sibling conflict, and communicating with parents — with empathy and humor.",https://covers.openlibrary.org/b/isbn/9781575423906-M.jpg,4.0,,,,,https://www.amazon.com/s?k=9781575423906
Zach Makes Mistakes,William Mulcahy,6-8,children_fiction,"children,educators",Self-Management,"perfectionism,resilience,growth-mindset",Free Spirit Publishing,9781631981111,"For Zach, a class field trip to the museum is about more than cool exhibits—it’s about learning from mistakes and dealing with feeling embarrassed. First he forgets to wear his field trip shirt, then he forgets the rule about not touching displays. His teacher helps him see that everyone makes mistakes—and how to use them to grow and develop a growth mindset. Using an easy-to-remember tool, the…",https://books.google.com/books/content?id=B4AKDgAAQBAJ&printsec=frontcover&img=1&zoom=1&edge=curl&source=gbs_api,,,,,,https://www.amazon.com/s?k=9781631981111
Zach Hangs In There,William Mulcahy,6-8,children_fiction,"children,educators",Self-Management,"resilience,growth-mindset",Free Spirit Publishing,9781631989865,"Picture book that teaches kids how to persevere when things get difficult through positive self-talk. Zach has set a goal for himself—to get across the tricky trapeze rings on the playground. Every time he tries, he falls off before making it to the end. But with encouragement from his best friend Sonya and positive self-talk, Zach uses a four-step approach to persevere to the end: Start with a…",https://books.google.com/books/content?id=xOEeEQAAQBAJ&printsec=frontcover&img=1&zoom=1&edge=curl&source=gbs_api,,,,,,https://www.amazon.com/s?k=9781631989865
Zach Stands Up,William Mulcahy,6-8,children_fiction,"children,educators",Social-Awareness,"bullying,confidence,courage",Free Spirit Publishing,9781631989995,"Zach learns how to be an upstander and finds his courage using his stand-up-to-bullying STAR. When Zach sees his friend Sonya being bullied at school, he doesn't know what to do or how to be an upstander. The kids who are being mean are popular—it's scary to think about getting involved. After talking with his brother and remembering what his teacher taught the class about bullying prevention,…",https://books.google.com/books/content?id=wuIeEQAAQBAJ&printsec=frontcover&img=1&zoom=1&edge=curl&source=gbs_api,,,,,,https://www.amazon.com/s?k=9781631989995
Zach Apologizes,William Mulcahy,6-8,children_fiction,"children,educators",Responsible-Decision-Making,"responsibility,communication,conflict",Free Spirit Publishing,9781575426709,"When Zach shoves his little brother to the floor, he knows he did something wrong. Even so, it’s hard to apologize. Like any seven-year-old, Zach tries to ignore the problem, but finally, with his mom’s help, he learns how to make an apology in four steps: say what you did name how it made the other person feel say what you could have done instead make it up to the person. Zach Apologizes teaches…",https://books.google.com/books/content?id=eKFNMb-AlZgC&printsec=frontcover&img=1&zoom=1&edge=curl&source=gbs_api,,,,,,https://www.amazon.com/s?k=9781575426709
Jamie Is Jamie: A Book About Being Yourself and Playing Your Way,Afsaneh Moradian,6-8,children_fiction,"children,educators",Self-Awareness,"identity,self-acceptance,diversity",Free Spirit Publishing,9781631983016,"Jamie loves to play with both ""boy"" toys and ""girl"" toys. When a new friend questions Jamie's choices, the class learns that being yourself is always the best way to play.",https://covers.openlibrary.org/b/isbn/9781631983016-M.jpg,4.5,,,,,https://www.amazon.com/s?k=9781631983016
Violet the Snowgirl: A Story of Loss and Healing,Lisa Walsh,6-8,children_fiction,"children,educators",Self-Management,"grief,loss,resilience",Free Spirit Publishing,9781631985195,"This versatile story gives children permission to grieve and helps them develop positive coping skills. When third grader Jerzie wakes up the day after her birthday, she feels grumpy. Her birthday cheer is gone, and she knows today is going to be nothing but boring—until she hears a knock at her door. Grandma’s here! Grandma, Jerzie, and her little brother, Josiah, spend all day outside building…",https://books.google.com/books/content?id=CHYsEAAAQBAJ&printsec=frontcover&img=1&zoom=1&edge=curl&source=gbs_api,,,,,,https://www.amazon.com/s?k=9781631985195
Y Is for Yet: A Growth Mindset Alphabet,Shannon Anderson,6-9,children_nonfiction,"children,educators",Self-Management,"growth-mindset,resilience",Free Spirit Publishing,9781631985270,"Kids learn how to adopt a growth mindset through the familiar structure of the ABCs. Mistakes aren’t just mistakes. They’re growth spurts. Developing a growth mindset—a belief that learning is a process that requires dedication and hard work, not just talent—helps kids learn from their mistakes, build resilience, and strive to be a little better every day. Not your typical alphabet book, Y Is for…",https://books.google.com/books/content?id=rgcWEAAAQBAJ&printsec=frontcover&img=1&zoom=1&edge=curl&source=gbs_api,,,,,,https://www.amazon.com/s?k=9781631985270
Mindset Power: A Kid's Guide to Growing Better Every Day,Shannon Anderson,8-12,children_nonfiction,"children,educators",Self-Management,"growth-mindset,resilience,confidence",Free Spirit Publishing,9781631984983,"Positive, practical, you-can-do-it advice to help kids of all abilities achieve their goals and build a growth mindset. Everyone faces challenges—obstacles to overcome, exciting goals to meet—and it’s easy to get stuck on the negatives. Mindset Power shows kids how to change the way they think about their challenges so they can grow from them, feel better about themselves, and get better at the…",https://books.google.com/books/content?id=ADA9EAAAQBAJ&printsec=frontcover&img=1&zoom=1&edge=curl&source=gbs_api,,,,,,https://www.amazon.com/s?k=9781631984983
F Is for Feelings,Goldie Millar & Lisa A. Berger,6-8,children_nonfiction,"children,educators",Self-Awareness,"emotions,emotional-literacy",Free Spirit Publishing,9781575424767,"""This alphabet book teaches young children about feelings and the idea that all emotions are natural and important. Colorful illustrations accompany the text. A section in the back provides tips and activities for parents, teachers, and caregivers to reinforce the book's themes and lessons""--",https://books.google.com/books/content?id=8vz9oAEACAAJ&printsec=frontcover&img=1&zoom=1&source=gbs_api,,,,,,https://www.amazon.com/s?k=9781575424767
Sometimes When I'm Sad,Deborah Serani,6-8,children_fiction,"children,educators",Self-Management,"sadness,emotions,resilience",Free Spirit Publishing,9781631983849,"A sensitive and supportive story to help young children recognize and cope with sadness. “Now when I get sad, I still cry sometimes. I still hide sometimes. But only for a little while. Because now I know ways to feel better.” Sadness can be an overwhelming emotion, especially for young children. But it’s important to know when sadness can be overcome, and when it’s indicative of a greater…",https://books.google.com/books/content?id=8moPEAAAQBAJ&printsec=frontcover&img=1&zoom=1&edge=curl&source=gbs_api,,,,,,https://www.amazon.com/s?k=9781631983849
I'm Happy-Sad Today: Making Sense of Mixed-Together Feelings,Lory Britain,6-8,children_fiction,"children,educators",Self-Awareness,"emotions,emotional-literacy",Free Spirit Publishing,9781631983078,"This friendly picture book helps young children make sense of mixed-up emotions. Happy, and also sad. Excited, but nervous too. Feeling friendly, with a little shyness mixed in. Mixed feelings are natural, but they can be confusing. There are different kinds of happy—the quiet kind and the “noisy, giggly, jump and run” kind. And there are conflicting feelings, like proud and jealous, frustrated…",https://books.google.com/books/content?id=WqfsDwAAQBAJ&printsec=frontcover&img=1&zoom=1&edge=curl&source=gbs_api,,,,,,https://www.amazon.com/s?k=9781631983078
Just Because I Am: A Child's Book of Affirmation,Lauren Murphy Payne,6-8,children_nonfiction,"children,educators",Self-Awareness,"self-esteem,self-acceptance,confidence",Free Spirit Publishing,9781631980534,"Young children need support and encouragement as they learn to value themselves and recognize their own worth—“not because of the things I do, not because of what I look like, not because of what I have . . . just because I am.” This book of sweet, simple affirmations for children helps them respect their bodies, acknowledge their own needs, and name their feelings. Just Because I Am invites…",https://books.google.com/books/content?id=fQpxCwAAQBAJ&printsec=frontcover&img=1&zoom=1&edge=curl&source=gbs_api,,,,,,https://www.amazon.com/s?k=9781631980534
"I'm Like You, You're Like Me",Cindy Gainer,6-8,children_nonfiction,"children,educators",Social-Awareness,"diversity,inclusion,empathy",Free Spirit Publishing,9781575425535,"“It’s fun to find ways I’m like you and you’re like me. It’s fun to find ways we’re different.” In this colorful, inviting book, kids from preschool to lower elementary learn about diversity in terms they can understand: hair that’s straight or curly, families with many people or few, bodies that are big or small. With its wide-ranging examples and fun, highly detailed art, I’m Like You, You’re…",https://books.google.com/books/content?id=1lUdBAAAQBAJ&printsec=frontcover&img=1&zoom=1&edge=curl&source=gbs_api,5,1,,,,https://www.amazon.com/s?k=9781575425535
What On Earth Do You Do When Someone Dies?,Trevor Romain,6-9,children_nonfiction,"children,educators",Self-Management,"grief,loss",Free Spirit Publishing,9798765922583,"Help kids understand what death means and how to cope when they’ve lost a special person. What on Earth Do You Do When Someone Dies? speaks directly to kids about what death means and how to cope. The book explores the questions kids have about death—Why? How? What next? Is it my fault? What’s a funeral?—in basic, straightforward terms. Also described and discussed are the overwhelming emotions…",https://books.google.com/books/content?id=UmvFEAAAQBAJ&printsec=frontcover&img=1&zoom=1&edge=curl&source=gbs_api,,,,,,https://www.amazon.com/s?k=9798765922583
The Survival Guide for Kids with Behavior Challenges,Thomas McIntyre,8-12,children_nonfiction,"children,educators",Responsible-Decision-Making,"choices,impulse-control,responsibility",Free Spirit Publishing,9781575425542,"Many kids and teens have challenges when it comes to behavior. In this revised edition of his time-tested book, Thomas McIntyre provides up-to-date information, practical strategies, and sound advice to help kids learn to make smarter choices, make and keep friends, get along with teachers, take responsibility for their actions, work toward positive change, and enjoy the results of their better…",https://books.google.com/books/content?id=sVUdBAAAQBAJ&printsec=frontcover&img=1&zoom=1&edge=curl&source=gbs_api,,,,,,https://www.amazon.com/s?k=9781575425542
My Body Belongs to Me: A Book About Body Safety,Jill Starishevsky,6-8,children_nonfiction,"children,educators",Responsible-Decision-Making,"body-safety,confidence",Free Spirit Publishing,9798330921874,Acclaimed book helps adults teach kids about body boundaries and getting help to stay safe,https://books.google.com/books/content?id=xxin0QEACAAJ&printsec=frontcover&img=1&zoom=1&source=gbs_api,,,,,,https://www.amazon.com/s?k=9798330921874
Sometimes When I'm Worried,Deborah Serani,6-8,children_fiction,"children,educators",Self-Management,"anxiety,emotions",Free Spirit Publishing,9781631987380,"Children learn practical strategies for coping with worry and anxiety. Gentle, supportive, and straightforward, Sometimes When I’m Worried describes a child’s experience with worry and the many ways it can surface, as well as how her sister and their two dads help her cope with the feeling. “Sometimes when I’m worried, my tummy feels funny. I get hot and sweaty. My legs jiggle like jelly.” Along…",https://books.google.com/books/content?id=p6vAEAAAQBAJ&printsec=frontcover&img=1&zoom=1&edge=curl&source=gbs_api,,,,,,https://www.amazon.com/s?k=9781631987380
Sometimes When I'm Bored,Deborah Serani,6-8,children_fiction,"children,educators",Self-Awareness,"emotions,mindfulness",Free Spirit Publishing,9781631986963,"A sensitive and supportive story to help children learn practical strategies for coping with boredom and loneliness. “Momma, I’m bored.” Sometimes When I’m Bored addresses a common complaint from children: boredom and loneliness. Along with the main character, children learn how to recognize boredom and see the opportunities it might present. “Well, what a wonderful thing to be! When you're…",https://books.google.com/books/content?id=13CCEAAAQBAJ&printsec=frontcover&img=1&zoom=1&edge=curl&source=gbs_api,,,,,,https://www.amazon.com/s?k=9781631986963
Sometimes When I'm Mad,Deborah Serani,6-8,children_fiction,"children,educators",Self-Management,"anger,impulse-control",Free Spirit Publishing,9781631986109,"Help young children recognize difficult feelings and learn anger management techniques. Award-winning author and psychologist Dr. Deborah Serani and illustrator Kyra Teis team up again for a companion to Sometimes When I’m Sad that tackles the difficult feeling of anger. Anger is often an overwhelming emotion for children. Using gentle and straightforward language, Sometimes When I'm Mad…",https://books.google.com/books/content?id=oZ9OEAAAQBAJ&printsec=frontcover&img=1&zoom=1&edge=curl&source=gbs_api,5,1,,,,https://www.amazon.com/s?k=9781631986109
I Want to Win,Sue Graves,6-8,children_fiction,"children,educators",Self-Management,"impulse-control,cooperation,conflict",Free Spirit Publishing,9781445151991,"A gentle picture book that examines the issues of competitiveness, frustration, patience and resilience in a reassuring way - perfect for young children who struggle with always needing to win. The story offers a way in to talk about our frustrations and how we can manage them, reinforcing good behaviour. At the end of the story, there are notes for parents and teachers with suggestions of ways…",https://books.google.com/books/content?id=fRCbtAEACAAJ&printsec=frontcover&img=1&zoom=1&source=gbs_api,,,,,,https://www.amazon.com/s?k=9781445151991
Take a Deep Breath,Sue Graves,6-8,children_fiction,"children,educators",Self-Management,"anger,mindfulness,emotions",Free Spirit Publishing,9781445138954,"A series that introduces young children to different emotions and aspects of behaviour, through a fictional story appropriate for the age group.",https://books.google.com/books/content?id=K266oQEACAAJ&printsec=frontcover&img=1&zoom=1&source=gbs_api,,,,,,https://www.amazon.com/s?k=9781445138954
But What If?,Sue Graves,6-8,children_fiction,"children,educators",Self-Management,"anxiety,fear",Free Spirit Publishing,9781445138930,"Daisy is moving to a new house and a new school. She is worried. What if she doesn't like her new neighbours or teacher? What if her cat runs away? Can Grandpa help her feel less worried? This series introduces young children to different aspects of our emotions and behaviour. A fictional story is backed up by suggestions for activities and ideas to talk about, while a wordless storyboard…",https://books.google.com/books/content?id=tWTboQEACAAJ&printsec=frontcover&img=1&zoom=1&source=gbs_api,,,,,,https://www.amazon.com/s?k=9781445138930
I Don't Want to Wait,Sue Graves,6-8,children_fiction,"children,educators",Self-Management,"impulse-control,frustration",Free Spirit Publishing,9781445165523,"A gentle picture book that examines the issue of patience in a reassuring way - perfect for young children who struggle with waiting their turn. The story offers a way in to talk about our frustrations and how we can manage them, reinforcing good behaviour. At the end of the story, there are notes for parents and teachers with suggestions of ways to help children deal with the big emotions they…",https://books.google.com/books/content?id=2JdGtgEACAAJ&printsec=frontcover&img=1&zoom=1&source=gbs_api,,,,,,https://www.amazon.com/s?k=9781445165523
Who Feels Scared?,Sue Graves,6-8,children_fiction,"children,educators",Self-Management,"fear,anxiety",Free Spirit Publishing,9781575423746,This reassuring book shows children that they can cope with their fears and be brave.,https://books.google.com/books/content?id=ImaXuAAACAAJ&printsec=frontcover&img=1&zoom=1&source=gbs_api,,,,,,https://www.amazon.com/s?k=9781575423746
I Don't Want to Play Nicely,Sue Graves,6-8,children_fiction,"children,educators",Relationship-Skills,"social-skills,cooperation,conflict",Free Spirit Publishing,9781445152011,"A gentle picture book that examines the issues of selfishness, aggression and kindness in a reassuring way - perfect for young children who struggle with aggressive behaviour. The story offers a way in to talk about how our actions can make others feel and how we can make that better, reinforcing good behaviour. At the end of the story, there are notes for parents and teachers with suggestions of…",https://books.google.com/books/content?id=YLuItAEACAAJ&printsec=frontcover&img=1&zoom=1&source=gbs_api,,,,,,https://www.amazon.com/s?k=9781445152011
Why Should I?,Sue Graves,6-8,children_fiction,"children,educators",Responsible-Decision-Making,"responsibility,choices",Free Spirit Publishing,9781445165653,"A gentle picture book that examines the issue of respect in a reassuring way - perfect for young children who struggle with respecting possessions, or other people's space or opinions. The story offers a way in to talk about what respect is and why it is important, reinforcing good behaviour. At the end of the story, there are notes for parents and teachers with suggestions of ways to help…",https://books.google.com/books/content?id=UvostgEACAAJ&printsec=frontcover&img=1&zoom=1&source=gbs_api,,,,,,https://www.amazon.com/s?k=9781445165653
I'm Not Happy,Sue Graves,6-8,children_fiction,"children,educators",Self-Management,"sadness,emotions",Free Spirit Publishing,9781575423739,"Originally published: London; Sydney Australia: Franklin Watts, 2011.",https://books.google.com/books/content?id=eBqbuAAACAAJ&printsec=frontcover&img=1&zoom=1&source=gbs_api,,,,,,https://www.amazon.com/s?k=9781575423739
I Hate Everything!,Sue Graves,6-8,children_fiction,"children,educators",Self-Management,"anger,emotions,impulse-control",Free Spirit Publishing,9781575424439,"With the help of his aunt, Sam learns new ways to deal with his anger and feel better. Includes discussion questions and ideas for guiding children to talk about their feelings.",https://books.google.com/books/content?id=RXJSmgEACAAJ&printsec=frontcover&img=1&zoom=1&source=gbs_api,,,,,,https://www.amazon.com/s?k=9781575424439
But Why Can't I?,Sue Graves,6-8,children_fiction,"children,educators",Self-Management,"impulse-control,responsibility",Free Spirit Publishing,9781445101552,"A series that introduces young children to different emotions and aspects of behaviour, through a fictional story appropriate for the age group.",https://books.google.com/books/content?id=YZLGSAAACAAJ&printsec=frontcover&img=1&zoom=1&source=gbs_api,,,,,,https://www.amazon.com/s?k=9781445101552
"Not Fair, Won't Share",Sue Graves,6-8,children_fiction,"children,educators",Relationship-Skills,"sharing,conflict,cooperation",Free Spirit Publishing,9781445158464,"Miss Clover has made a space station. Posy, Ben and Alfie must take turns to play with it. But Posy doesn't want to share, and everyone gets cross. Can the children learn to enjoy it together? This series introduces young children to different aspects of our emotions and behaviour. A fictional story is backed up by suggestions for activities and ideas to talk about, while a wordless storyboard…",https://books.google.com/books/content?id=ogpVDgAAQBAJ&printsec=frontcover&img=1&zoom=1&source=gbs_api,,,,,,https://www.amazon.com/s?k=9781445158464
I Didn't Do It!,Sue Graves,6-8,children_fiction,"children,educators",Responsible-Decision-Making,"honesty,responsibility",Free Spirit Publishing,9781575424453,"Join Poppy and her friends as they learn that everyone does something wrong sometimes, and it's always better to tell the truth.",https://books.google.com/books/content?id=eTqVmgEACAAJ&printsec=frontcover&img=1&zoom=1&source=gbs_api,,,,,,https://www.amazon.com/s?k=9781575424453
I Know Happy,Lindsay N. Giroux,6-8,children_nonfiction,"children,educators",Self-Awareness,"emotions,emotional-literacy",Free Spirit Publishing,9798885540605,"Children learn to recognize and understand the feelings of happiness, excitement, and pride. A young feelings detective looks for clues, both physical and emotional, to identify happiness, excitement, and pride in themselves and in others. The child uses a special notebook to draw their feelings and identify how they feel. By noticing the clues, the feelings detective knows their sister is…",https://books.google.com/books/content?id=9IT0EAAAQBAJ&printsec=frontcover&img=1&zoom=1&edge=curl&source=gbs_api,,,,,,https://www.amazon.com/s?k=9798885540605
I Know Mad,Lindsay N. Giroux,6-8,children_nonfiction,"children,educators",Self-Management,"anger,emotions,emotional-literacy",Free Spirit Publishing,9798885540629,"Children learn to recognize and cope with feeling mad, frustrated, and jealous. A young feelings detective looks for clues, both physical and emotional, to identify anger, frustration, and jealousy in themselves and in others. The child uses a special notebook to draw their feelings and identify how they feel. By noticing the clues, the feelings detective is able to find a new plan to overcome…",https://books.google.com/books/content?id=fh8MEQAAQBAJ&printsec=frontcover&img=1&zoom=1&edge=curl&source=gbs_api,,,,,,https://www.amazon.com/s?k=9798885540629
I Know Sad,Lindsay N. Giroux,6-8,children_nonfiction,"children,educators",Self-Management,"sadness,emotions,emotional-literacy",Free Spirit Publishing,9798885540568,"Children learn to recognize and cope with feeling sad, lonely, or disappointed. A young feelings detective looks for clues, both physical and emotional, to identify sadness, loneliness, and disappointment in themselves and in others. The child uses a special notebook to draw their feelings and identify how they feel. By noticing the clues, the feelings detective also helps a friend who feels…",https://books.google.com/books/content?id=dL3lEAAAQBAJ&printsec=frontcover&img=1&zoom=1&edge=curl&source=gbs_api,,,,,,https://www.amazon.com/s?k=9798885540568
I Know Scared,Lindsay N. Giroux,6-8,children_nonfiction,"children,educators",Self-Management,"fear,anxiety,emotional-literacy",Free Spirit Publishing,9798885540698,"Teach children to recognize fear, worry, and surprise In I Know Scared, a young feelings detective looks for clues to identify fear, worry or anxiety, and surprise in herself and others. The girl feels scared when the power goes out during a storm, worried when she fears a tree will fall, and surprised when she opens her birthday present. By noticing the clues in her own body—a fast-beating…",https://books.google.com/books/content?id=6tdxEQAAQBAJ&printsec=frontcover&img=1&zoom=1&edge=curl&source=gbs_api,,,,,,https://www.amazon.com/s?k=9798885540698
I Know Silly,Lindsay N. Giroux,6-8,children_nonfiction,"children,educators",Self-Awareness,"emotions,emotional-literacy,self-acceptance",Free Spirit Publishing,9798885540650,"Teach Children to Recognize Silliness, Shyness, and Embarrassment In I Know Silly, a young feelings detective looks for clues to identify silliness, shyness, and embarrassment in himself and others. The boy feels silly when he plays with his siblings at a restaurant, shy when the server comes to take his order, and embarrassed when he spills his glass of water. By noticing the clues in his own…",https://books.google.com/books/content?id=NFE4EQAAQBAJ&printsec=frontcover&img=1&zoom=1&edge=curl&source=gbs_api,,,,,,https://www.amazon.com/s?k=9798885540650
I Know Curious,Lindsay N. Giroux,6-8,children_nonfiction,"children,educators",Self-Awareness,"emotions,emotional-literacy,growth-mindset",Free Spirit Publishing,9798885540704,"A boy uses body clues to identify feelings like curiosity, boredom, and confusion, learning what to do when feelings are overwhelming. Part of the We Find Feelings Clues series.",https://books.google.com/books/content?id=s3ca0QEACAAJ&printsec=frontcover&img=1&zoom=1&source=gbs_api,,,,,,https://www.amazon.com/s?k=9798885540704
Jamie and Bubbie: A Book About People's Pronouns,Afsaneh Moradian,6-9,children_fiction,"children,educators",Self-Awareness,"identity,inclusion,diversity",Free Spirit Publishing,9781631985454,"Jamie teaches respectful use of personal pronouns in this lighthearted, multigenerational story. Jamie is excited to spend the day walking around the neighborhood with great-grandma Bubbie. They meet so many friends and neighbors throughout the dayalong the way . . . but Jamie has to correct Bubbie when she incorrectly assumes Ms. Wallace is a he and their server is a she. “You can’t always know…",https://books.google.com/books/content?id=WXYsEAAAQBAJ&printsec=frontcover&img=1&zoom=1&edge=curl&source=gbs_api,,,,,,https://www.amazon.com/s?k=9781631985454
The Survival Guide for Gifted Kids,Judy Galbraith,8-12,children_nonfiction,"children,educators",Self-Awareness,"self-esteem,peer-pressure,resilience",Free Spirit Publishing,9798885549516,"The Essential Guide to Growing Up Gifted The Survival Guide for Gifted Kids is an interactive, illustrated book that helps gifted and talented (GT) children understand and appreciate their gifts. Featuring real quotes from gifted kids, this book answers questions like What does “gifted” mean? Why am I gifted? How can I make school more engaging? How do I make friends? This upbeat, informative,…",https://books.google.com/books/content?id=dyZyEQAAQBAJ&printsec=frontcover&img=1&zoom=1&edge=curl&source=gbs_api,,,,,,https://www.amazon.com/s?k=9798885549516
The Survival Guide for Making and Being Friends,James J. Crist,8-12,children_nonfiction,"children,educators",Relationship-Skills,"friendship,social-skills,communication",Free Spirit Publishing,9781631980022,"Whether kids find socializing as natural as smiling or as hard as learning a foreign language, this book can help them improve their social skills so they can better enjoy the benefits of friendship. Practical advice covers everything from breaking the ice to developing friendships to overcoming problems. True-to-life vignettes, “What would you do?” scenarios, plentiful examples, quizzes to test…",https://books.google.com/books/content?id=AREqCAAAQBAJ&printsec=frontcover&img=1&zoom=1&edge=curl&source=gbs_api,,,,,,https://www.amazon.com/s?k=9781631980022
Survival Guide for Kids with Autism Spectrum Disorders,Elizabeth Verdick & Elizabeth Reeve,8-12,children_nonfiction,"children,educators",Relationship-Skills,"social-skills,school-anxiety,resilience",Free Spirit Publishing,9781631986017,"Help autistic kids understand their unique gifts and needs and learn strategies for daily living in a neurotypical world. This positive, straightforward reference book offers kids with autism spectrum disorder (ASD) their own comprehensive resource for both understanding their condition and finding tools to cope with the challenges they face every day. Freshly updated, the content reflects…",https://books.google.com/books/content?id=23CCEAAAQBAJ&printsec=frontcover&img=1&zoom=1&edge=curl&source=gbs_api,,,,,,https://www.amazon.com/s?k=9781631986017
The Survival Guide for Kids with Physical Disabilities and Challenges,Wendy L. Moss & Susan A. Taddonio,8-12,children_nonfiction,"children,educators",Self-Management,"resilience,self-esteem,identity",Free Spirit Publishing,9781631980336,"""Provides tools and resources to help children with physical disabilities and challenges cope with social, emotional, and academic difficulties. Helps children stay motivated to make a bright future for themselves""--",https://books.google.com/books/content?id=_F04rgEACAAJ&printsec=frontcover&img=1&zoom=1&source=gbs_api,,,,,,https://www.amazon.com/s?k=9781631980336
The Survival Guide for Kids in Special Education (And Their Parents),Wendy L. Moss & Denise M. Campbell,8-12,children_nonfiction,"children,educators",Self-Management,"resilience,school-anxiety,self-esteem",Free Spirit Publishing,9781549682636,"The Educational Elephant's Guide, ABCs of Survival, shares memorable tips to help kids stay safe and well no matter what the emergency. Adults and kids can use this book together to begin learning basic safety, survival and outdoor skills. Whether your students homeschool, attend a private or public school, you need this book to enrich your health, safety and outdoor education curriculum. All…",https://books.google.com/books/content?id=YHjSwQEACAAJ&printsec=frontcover&img=1&zoom=1&source=gbs_api,,,,,,https://www.amazon.com/s?k=9781549682636
The Survival Guide for Money Smarts,Eric Braun & Sandy Donovan,8-12,children_nonfiction,"children,educators",Responsible-Decision-Making,"responsibility,choices",Free Spirit Publishing,9780369358554,,,,,,,,https://www.amazon.com/s?k=9780369358554
Sleep Easy: A Mindfulness Guide to Getting a Good Night's Sleep,Paul Christelis,6-10,children_nonfiction,"children,educators",Self-Management,"anxiety,mindfulness,stress",Free Spirit Publishing,9781445157238,"""This story follows the adventures of twins, Billy and Betty, as they struggle to get to sleep. Billy's mind is noisy, constantly chattering, keeping him awake. Betty finds, as soon as her eyes close, that she starts to worry about what will happen the next day at school: will her friend Helen want to play with her? And what about that spelling test! The story shows how they use mindfulness - the…",https://books.google.com/books/content?id=wmq5tAEACAAJ&printsec=frontcover&img=1&zoom=1&source=gbs_api,,,,,,https://www.amazon.com/s?k=9781445157238
More Than What Eyes See: A Book About Blindness,Miso Kwak,6-9,children_fiction,"children,educators",Self-Awareness,"identity,self-acceptance,inclusion",Free Spirit Publishing,,"Part of the Disability Books for Kids series from Free Spirit Publishing. This picture book explores life with visual impairment, helping children develop empathy and understanding for peers who are blind or have low vision.",,,,,,,https://www.amazon.com/s?k=More+Than+What+Eyes+See%3A+A+Book+About+Blindness+Miso+Kwak&i=stripbooks
"Uncommonly Curious, Eternally Autistic: A Book About Autism",Rasha Hamid,6-9,children_fiction,"children,educators",Self-Awareness,"identity,self-acceptance,social-skills",Free Spirit Publishing,9781092414180,"Is it possible that you, your child, or someone you love might have Asperger's Syndrome? Do they call it ""Asperger's Syndrome"" or is it, technically, ""Autism Spectrum Disorder""? I'm going to give you my guide, some tools, and some positive practices for living a fulfilled life as an Autistic Adult and give you some tips on how to recognize autism in yourself or others. Autism is nothing to be…",,,,,,,https://www.amazon.com/s?k=9781092414180
My Life as an Asthmanaut: A Book About Asthma,Jake Lockett,6-9,children_fiction,"children,educators",Self-Management,"resilience,self-acceptance,identity",Free Spirit Publishing,9798885547970,"My Life as an Asthmanaut follows Jacob, a young boy with asthma who explains, in kid-friendly language, what it's like to live with asthma. When an attack occurs, he feels like an astronaut floating off to outer space with an empty air tank. But Asthmanaut Jacob is getting used to managing his asthma. He stays calm as he reaches for his inhaler--and refills his tank. He counts to 10--and comes…",https://books.google.com/books/content?id=F8Rt0QEACAAJ&printsec=frontcover&img=1&zoom=1&source=gbs_api,,,,,,https://www.amazon.com/s?k=9798885547970
I Spark Like Lightning: A Book About Epilepsy,Jenna Elyse Johnson,6-9,children_fiction,"children,educators",Self-Management,"resilience,self-acceptance,courage",Free Spirit Publishing,,"Part of the Disability Books for Kids series from Free Spirit Publishing. A picture book that honestly and warmly explains epilepsy to children, reducing stigma and building understanding in classrooms and at home.",,,,,,,https://www.amazon.com/s?k=I+Spark+Like+Lightning%3A+A+Book+About+Epilepsy+Jenna+Elyse+Johnson&i=stripbooks
"Dear Dad: Love, Nelson",Margarett McBride,6-9,children_fiction,"children,educators",Self-Management,"grief,loss,resilience",Free Spirit Publishing,9781631986833,"A boy’s letters to his incarcerated father help them stay connected even while they’re apart. Dear Dad: Love, Nelson is a glimpse into the life, family, struggles, hopes, and questions of Nelson—and the more than five million other children in the US who have experienced parental incarceration. Told through letters he writes his father, Nelson shares his feelings, thoughts, wishes, and…",https://books.google.com/books/content?id=HoL0EAAAQBAJ&printsec=frontcover&img=1&zoom=1&edge=curl&source=gbs_api,,,,,,https://www.amazon.com/s?k=9781631986833
Sometimes Stormy,Amanda Davis,6-8,children_fiction,"children,educators",Self-Awareness,"emotions,resilience,emotional-literacy",Free Spirit Publishing,9798885547000,"Help children ages 5-8 understand and cope with a parent’s substance use disorder Sometimes Stormy explores what it’s like to live with a parent struggling with alcohol use disorder. A young boy named Ezra realizes his dad is plagued by a troubling storm—the Sometimes Storm—that sometimes visits their home and changes Dad. He goes searching for the storm’s favorite thing, hoping that he can make…",https://books.google.com/books/content?id=liRyEQAAQBAJ&printsec=frontcover&img=1&zoom=1&edge=curl&source=gbs_api,,,,,,https://www.amazon.com/s?k=9798885547000
"Hello, Beech Tree!",Rasha Hamid,6-8,children_fiction,"children,educators",Self-Management,"mindfulness,gratitude,empathy",Free Spirit Publishing,9798885540391,"Based on real events, this charming story features a kindergarten class in Brooklyn who pays homage to their beloved lost beech tree and takes action to plant a new one. When a kindergarten class in Brooklyn discovers that their beloved beech has been cut down, they honor the tree by writing stories and poems, creating art, and placing a plaque at the former tree's site. But they still miss their…",https://books.google.com/books/content?id=8_v6EAAAQBAJ&printsec=frontcover&img=1&zoom=1&edge=curl&source=gbs_api,,,,,,https://www.amazon.com/s?k=9798885540391
The Best Good Thing,Anna Housley Juster,6-8,children_fiction,"children,educators",Self-Management,"grief,loss,resilience",Free Spirit Publishing,9798885549677,"The Best Good Thing models how caregivers might respond when a child feels upset after a bad day. Written by a child mental health clinician, the story begins with a young girl who feels “smad”—sad and mad. Certain there are no good things, she shares with her mother, who listens and encourages her to look for positives. Together, they notice small joys—a flower, a neighbor, fresh bread—until she…",,,,,,,https://www.amazon.com/s?k=9798885549677
Santiago and Great Bear,Lisa Johnston Hancock,6-8,children_fiction,"children,educators",Self-Management,"resilience,courage,self-acceptance",Free Spirit Publishing,9798885549837,,https://books.google.com/books/content?id=D7frEQAAQBAJ&printsec=frontcover&img=1&zoom=1&source=gbs_api,,,,,,https://www.amazon.com/s?k=9798885549837
Worries Are Not Forever,Elizabeth Verdick,6-8,children_fiction,"children,educators",Self-Management,"anxiety,resilience,emotions",Free Spirit Publishing,9798885541862,"English-Spanish bilingual read-along gives young children strategies to ease anxieties and worries and feel better again. Everyone feels worried or anxious at times, and young children are no exception. Friendly and supportive, this bilingual English-Spanish book explains what worries are and how it feels to be worried, assuring children that lots of kids—and grown-ups too—feel worried. Children…",https://books.google.com/books/content?id=IIP0EAAAQBAJ&printsec=frontcover&img=1&zoom=1&edge=curl&source=gbs_api,,,,,,https://www.amazon.com/s?k=9798885541862
What Does Grief Feel Like?,Korie Leigh,6-9,children_fiction,"children,educators",Self-Management,"grief,loss,emotions",Free Spirit Publishing,9781631987083,"Help young children explore the ways people experience grief when someone dies. Gentle and reassuring, What Does Grief Feel Like? shares the many ways people can grieve when a loved one dies and validates children’s unique grief experiences. Open-ended questions throughout the book invite children to share what they are thinking, feeling, and going through: What did you feel after your special…",https://books.google.com/books/content?id=AkvAEAAAQBAJ&printsec=frontcover&img=1&zoom=1&edge=curl&source=gbs_api,,,,,,https://www.amazon.com/s?k=9781631987083
"Papa and Pearl: A Tale About Divorce, New Beginnings, and Love",Annette M. Clayton,6-8,children_fiction,"children,educators",Relationship-Skills,"divorce,conflict,resilience",Free Spirit Publishing,9798885544535,"A sweet story of the love between father and daughter that stays constant, even through big change. Pearl loves imagining she is a princess, with Mama and Papa in their magical castle . . . until Mama and Papa get a divorce, and Papa moves away. The story starts when Pearl spends her first day at Papa's new place and it's the opposite of magical when he has to get her ready for picture day.…",https://books.google.com/books/content?id=NIEKEQAAQBAJ&printsec=frontcover&img=1&zoom=1&edge=curl&source=gbs_api,,,,,,https://www.amazon.com/s?k=9798885544535
Name and Tame Your Anxiety: A Kid's Guide,Summer Batte,8-12,children_nonfiction,"children,educators",Self-Management,"anxiety,stress,resilience",Free Spirit Publishing,9781631986222,"Help kids understand and manage anxiety to boost their mental health and well-being. Anxiety in kids is on the rise: 4.4 million children between the ages of 3 and 17 have diagnosed anxiety disorders, according to the Centers for Disease Control and Prevention. And even more kids experience some level of anxiety in their daily lives. In kid-friendly language, award-winning Name and Tame Your…",https://books.google.com/books/content?id=QgJAEAAAQBAJ&printsec=frontcover&img=1&zoom=1&edge=curl&source=gbs_api,,,,,,https://www.amazon.com/s?k=9781631986222
The Survival Guide for Kids with ADHD,John F. Taylor,9-12,children_nonfiction,"children,educators",Self-Management,"adhd,organization,impulse-control",Free Spirit Publishing,9781575426310,"What are ADHD? What does it mean to have ADHD? How can kids diagnosed with ADHD help themselves succeed in school, get along better at home, and form healthy, enjoyable relationships with peers? In kid-friendly language and a format that welcomes reluctant and easily distracted readers, this book helps kids know they’re not alone and offers practical strategies for taking care of oneself,…",https://books.google.com/books/content?id=NbS8AAAAQBAJ&printsec=frontcover&img=1&zoom=1&edge=curl&source=gbs_api,,,,,,https://www.amazon.com/s?k=9781575426310
Stick Up for Yourself! Every Kid's Guide to Personal Power and Positive Self-Esteem,Gershen Kaufman & Lev Raphael,8-12,children_nonfiction,"children,educators",Self-Awareness,"self-esteem,confidence,assertiveness",Free Spirit Publishing,9781442996731,"Have you ever been picked on at school, bossed around, blamed for things you didn't do, or treated unfairly? This book can help. It shows you how to stick up for yourself with other kids, big sisters and brothers, even parents and teachers. It tells you things you can say WITHOUT putting people down, and things you can do WITHOUT getting into trouble. Learn the power to be true to yourself, and…",https://books.google.com/books/content?id=cWH9a5uUiWgC&printsec=frontcover&img=1&zoom=1&edge=curl&source=gbs_api,,,,,,https://www.amazon.com/s?k=9781442996731
"Real Kids, Real Stories, Real Change: Courageous Actions Around the World",Garth Sundem,9-12,children_nonfiction,"children,educators",Self-Awareness,"courage,resilience,leadership",Free Spirit Publishing,9781575425306,"Thirty-five true stories profile kids who used their heads, their hearts, their courage, and sometimes their stubbornness to help others and do extraordinary things.",https://books.google.com/books/content?id=r9koCAAAQBAJ&printsec=frontcover&img=1&zoom=1&edge=curl&source=gbs_api,,,,,,https://www.amazon.com/s?k=9781575425306
"Real Kids, Real Stories, Real Character: Choices That Matter Around the World",Garth Sundem,9-12,children_nonfiction,"children,educators",Responsible-Decision-Making,"integrity,choices,responsibility",Free Spirit Publishing,9781631981265,"A follow-up to the popular Real Kids, Real Stories, Real Change, this inspiring sequel spans the globe again with true accounts of ordinary kids showing extraordinary character. Thirty short inspirational stories are divided into six character traits (courage, creativity, kindness, persistence, resilience, and responsibility), and feature kids facing adversity from bullying in an American middle…",https://books.google.com/books/content?id=qX_fDQAAQBAJ&printsec=frontcover&img=1&zoom=1&edge=curl&source=gbs_api,,,,,,https://www.amazon.com/s?k=9781631981265
"Real Kids, Real Stories, Real Challenges: Overcoming Adversity Around the World",Garth Sundem,9-12,children_nonfiction,"children,educators",Self-Management,"resilience,growth-mindset,courage",Free Spirit Publishing,9781631982781,"Inspiring true stories of kids from around the world of kids who have overcome obstacles to create success for themselves. The third installment in the Real Kids, Real Stories collection again travels the world with inspirational short stories of young people who overcame adversity and persevered in the face of extreme challenges. Soosan Firooz broke barriers to become Afghanistan’s first female…",https://books.google.com/books/content?id=84PQDwAAQBAJ&printsec=frontcover&img=1&zoom=1&edge=curl&source=gbs_api,,,,,,https://www.amazon.com/s?k=9781631982781
Angry Ninja,Mary Nhin,6-10,children_fiction,children,Self-Management,"anger,impulse-control",Ninja Life Hacks,9781647225933,Angry Ninja deals with BIG emotions in this mindful activity book filled with creative ways to for kids to manage negative feelings. Life is tough! But so are the kids trying to figure out their emotions and complex feelings. Ninja Life Hacks: Angry Ninja Activity Book takes one of the most popular characters from the bestselling book series and puts them in a fun activity book to help relax and…,https://books.google.com/books/content?id=zmRkEAAAQBAJ&printsec=frontcover&img=1&zoom=1&edge=curl&source=gbs_api,,,,,,https://www.amazon.com/s?k=9781647225933
Positive Ninja,Mary Nhin,6-10,children_fiction,children,Self-Awareness,"optimism,growth-mindset",Ninja Life Hacks,9781647225940,Have fun and learn valuable lessons with Positive Ninja in this mindful activity journal for kids looking for a creative escape. Life is a puzzle! And it's even more puzzling for the kids who are trying to figure out their emotions and complex feelings. Ninja Life Hacks: Positive Ninja Activity Book takes one of the most popular characters from the bestselling book series and puts them in a fun…,https://books.google.com/books/content?id=1mRkEAAAQBAJ&printsec=frontcover&img=1&zoom=1&edge=curl&source=gbs_api,,,,,,https://www.amazon.com/s?k=9781647225940
Lazy Ninja,Mary Nhin,6-10,children_fiction,children,Responsible-Decision-Making,"responsibility,growth-mindset",Ninja Life Hacks,9781953399588,"When friends invite Lazy Ninja to some outings, he turns them down and opts to play games and watch TV. He just can't find the motivation or simply put, he's stuck in a rut! But then, a friend pays him a visit and helps him see what he's missing out on. Find out what happens in this comedic book about setting goals and finding motivation. Life is hard! And it's even harder for children who are…",https://books.google.com/books/content?id=OP7XzQEACAAJ&printsec=frontcover&img=1&zoom=1&source=gbs_api,,,,,,https://www.amazon.com/s?k=9781953399588
Helpful Ninja,Mary Nhin,6-10,children_fiction,children,Social-Awareness,"kindness,cooperation",Ninja Life Hacks,9781953399557,"Helpful Ninja loves helping others. Until one day, she doesn't feel like herself. What does she do to regain her natural propensity to help others? Find out what happens in this children's book about self love and self care. Life is hard! And it's even harder for children who are just trying to figure things out. The new children's book series, Ninja Life Hacks, was developed to help children…",https://books.google.com/books/content?id=kjLYzQEACAAJ&printsec=frontcover&img=1&zoom=1&source=gbs_api,,,,,,https://www.amazon.com/s?k=9781953399557
Earth Ninja,Mary Nhin,6-10,children_fiction,children,Responsible-Decision-Making,"responsibility,choices",Ninja Life Hacks,9781953399519,"Earth Ninja shows his friend how one little ninja can make a difference in the world by practicing 3 simple life habits. Find out what happens in this fun book about the impact we each have on the earth. Life is hard! And it's even harder for children who are just trying to figure things out. The new children's book series, Ninja Life Hacks, was developed to help children learn valuable life…",https://books.google.com/books/content?id=R2_ZzQEACAAJ&printsec=frontcover&img=1&zoom=1&source=gbs_api,,,,,,https://www.amazon.com/s?k=9781953399519
Grumpy Ninja,Mary Nhin,6-10,children_fiction,children,Social-Awareness,"gratitude,perspective-taking",Ninja Life Hacks,9781637313374,"Celebrate Father's Day with the Ninjas! When Ninja's tummy is growling, And dinner's not for a while. Dad makes the greatest snacks in the world, To make his little ninja smile. Life is tough. But so are you! The children's book series, Ninja Life Hacks, was developed to help children learn valuable life skills. Fun, pint-size characters in comedic books easy enough for young readers, yet witty…",https://books.google.com/books/content?id=CtsQzwEACAAJ&printsec=frontcover&img=1&zoom=1&source=gbs_api,,,,,,https://www.amazon.com/s?k=9781637313374
Kind Ninja,Mary Nhin,6-10,children_fiction,children,Social-Awareness,"kindness,empathy",Ninja Life Hacks,9781647225964,"""Kindness and concern for others are held as moral virtues in nearly every society and every major religion. In this awesome activity book, Kind Ninja introduces mindful activities and inspirational lessons that will teach kids about the impact kindness can have on friends, family, and the world overall. Kids will be entertained for hours with their favorite ninja friend while they learn tips and…",https://books.google.com/books/content?id=GhBvEAAAQBAJ&printsec=frontcover&img=1&zoom=1&edge=curl&source=gbs_api,,,,,,https://www.amazon.com/s?k=9781647225964
Perfect Ninja,Mary Nhin,6-10,children_fiction,children,Self-Management,"perfectionism,growth-mindset",Ninja Life Hacks,9781951056162,"Perfect Ninja would get discouraged when he made mistakes, until his friend, Gritty Ninja complimented how Perfect Ninja kept trying and encouraged him to learn from his mistakes.",https://books.google.com/books/content?id=BcUGzgEACAAJ&printsec=frontcover&img=1&zoom=1&source=gbs_api,,,,,,https://www.amazon.com/s?k=9781951056162
Money Ninja,Mary Nhin,6-10,children_fiction,children,Responsible-Decision-Making,"responsibility,choices",Ninja Life Hacks,9781953399595,"When a friend asks what Money Ninja does with his money, he takes him on a journey of saving, investing, and donating. Find out what happens in this comedic book about delayed gratification and money-savvy skills. Life is hard! And it's even harder for children who are just trying to figure things out. The new children's book series, Ninja Life Hacks, was developed to help children learn valuable…",https://books.google.com/books/content?id=YdrXzQEACAAJ&printsec=frontcover&img=1&zoom=1&source=gbs_api,,,,,,https://www.amazon.com/s?k=9781953399595
Anxious Ninja,Mary Nhin,6-10,children_fiction,children,Self-Management,"anxiety,fear",Ninja Life Hacks,9781647225957,"Interactive book of puzzles, games, and guided activities, with 100+ stickers.",https://books.google.com/books/content?id=FhBvEAAAQBAJ&printsec=frontcover&img=1&zoom=1&edge=curl&source=gbs_api,,,,,,https://www.amazon.com/s?k=9781647225957
Gritty Ninja,Mary Nhin,6-10,children_fiction,children,Self-Management,"resilience,frustration",Ninja Life Hacks,9781951056292,"""Ninja Life Hacks, was developed to help children learn valuable life skills. Fun, pint-size characters in comedic books easy enough for young readers, yet witty enough for adults. Life is hard! And it's even harder for children who are just trying to figure things out""--Amazon.com.",https://books.google.com/books/content?id=J85wzgEACAAJ&printsec=frontcover&img=1&zoom=1&source=gbs_api,,,,,,https://www.amazon.com/s?k=9781951056292
Dishonest Ninja,Mary Nhin,6-10,children_fiction,children,Responsible-Decision-Making,"honesty,integrity",Ninja Life Hacks,9781951056247,The truth shall set you free.,https://books.google.com/books/content?id=Ux_YzQEACAAJ&printsec=frontcover&img=1&zoom=1&source=gbs_api,,,,,,https://www.amazon.com/s?k=9781951056247
Shy Ninja,Mary Nhin,6-10,children_fiction,children,Relationship-Skills,"social-skills,anxiety,confidence",Ninja Life Hacks,9781953399434,"If you didn't know Shy Ninja, you would have never thought she was once so shy it would prevent her from doing things she loved to do. For example, she would experience fear, shaking, and anxiety. Things change when a friend introduces her to the FUN method to help her conquer extreme shyness. Find out what happens in this book about overcoming social anxiety. Life is hard! And it's even harder…",https://books.google.com/books/content?id=hCnazQEACAAJ&printsec=frontcover&img=1&zoom=1&source=gbs_api,,,,,,https://www.amazon.com/s?k=9781953399434
Unplugged Ninja,Mary Nhin,6-10,children_fiction,children,Responsible-Decision-Making,"technology,impulse-control",Ninja Life Hacks,9781637319062,Go on a magical journey with Unplugged Ninja to Vietnam. Will Unplugged Ninja stop playing on his tablets and electronics to enjoy the beautiful world? What will happen? FInd out in this new adventure into Southeast Asia! Life is hard! It's even harder for children who are just trying to figure things out. The Ninja Life Hacks book series is: Geared to kids 4-10+ Perfect for boys & girls Early…,https://books.google.com/books/content?id=bEvT0AEACAAJ&printsec=frontcover&img=1&zoom=1&source=gbs_api,,,,,,https://www.amazon.com/s?k=9781637319062
Diversity Ninja,Mary Nhin,6-10,children_fiction,children,Social-Awareness,"diversity,inclusion",Ninja Life Hacks,9781953399731,"Diversity Ninja shows us that regardless of differences in race, gender, ability, background, clothing, language spoken, or skin color, we are all part of the human race. Our differences are beautiful like the colors of a rainbow. Find out what happens in this diverse, anti-racist book about overcoming prejudice and racism and practicing diversity, equality, and inclusion. Life is hard! And it's…",https://books.google.com/books/content?id=1HzazQEACAAJ&printsec=frontcover&img=1&zoom=1&source=gbs_api,1,1,,,,https://www.amazon.com/s?k=9781953399731
Inclusive Ninja,Mary Nhin,6-10,children_fiction,children,Social-Awareness,"inclusion,bullying,empathy",Ninja Life Hacks,9781953399564,"Inclusive Ninja shares how we can practice being inclusive of others by developing compassion. Find out what happens in this diverse, anti-bullying book about inclusion and diversity. Life is hard! And it's even harder for children who are just trying to figure things out. The new children's book series, Ninja Life Hacks, was developed to help children learn valuable life skills. Fun, pint-size…",https://books.google.com/books/content?id=k6DYzQEACAAJ&printsec=frontcover&img=1&zoom=1&source=gbs_api,,,,,,https://www.amazon.com/s?k=9781953399564
Grateful Ninja,Mary Nhin,6-10,children_fiction,children,Social-Awareness,"gratitude,manners",Ninja Life Hacks,9781951056407,Help children learn valuable life skills.,https://books.google.com/books/content?id=d3YjzgEACAAJ&printsec=frontcover&img=1&zoom=1&source=gbs_api,,,,,,https://www.amazon.com/s?k=9781951056407
Hangry Ninja,Mary Nhin,6-10,children_fiction,children,Self-Management,"impulse-control,emotions",Ninja Life Hacks,9781951056421,Help children learn valuable life skills.,https://books.google.com/books/content?id=PD7czQEACAAJ&printsec=frontcover&img=1&zoom=1&source=gbs_api,,,,,,https://www.amazon.com/s?k=9781951056421
Focused Ninja,Mary Nhin,6-10,children_fiction,children,Self-Management,"organization,mindfulness,adhd",Ninja Life Hacks,9781953399755,"Whenever Focused Ninja had a task to do, or if he set his mind on accomplishing something, he had a remarkable way of staying focused until it was complete. But Focused Ninja didn't always have this wonderful capacity to concentrate. Once upon a time, he could lose his attention quite easily. Find out what happens in this comedic book about improving one's focus and attention. Life is hard! And…",https://books.google.com/books/content?id=517YzQEACAAJ&printsec=frontcover&img=1&zoom=1&source=gbs_api,,,,,,https://www.amazon.com/s?k=9781953399755
Calm Ninja,Mary Nhin,6-10,children_fiction,children,Self-Management,"anxiety,mindfulness",Ninja Life Hacks,9781647228026,"Interactive book of puzzles, games, and guided activities, with 100+ stickers.",https://books.google.com/books/content?id=baeIEAAAQBAJ&printsec=frontcover&img=1&zoom=1&edge=curl&source=gbs_api,,,,,,https://www.amazon.com/s?k=9781647228026
Brave Ninja,Mary Nhin,6-10,children_fiction,children,Self-Awareness,"courage,confidence",Ninja Life Hacks,9781951056360,Help children learn valuable life skills.,https://books.google.com/books/content?id=Qy3YzQEACAAJ&printsec=frontcover&img=1&zoom=1&source=gbs_api,,,,,,https://www.amazon.com/s?k=9781951056360
Compassionate Ninja,Mary Nhin,6-10,children_fiction,children,Social-Awareness,"empathy,kindness",Ninja Life Hacks,9781951056698,"We teach our children to be kind to others, to share, but how do we teach them to be kind to themselves? Follow Compassionate Ninja in a journey to discover empathy and how important it is to not only cultivate compassion for others but self compassion, as well. Find out what happens in this book about kindness and love for all. Life is hard! And it's even harder for children who are just trying…",https://books.google.com/books/content?id=ErXazQEACAAJ&printsec=frontcover&img=1&zoom=1&source=gbs_api,,,,,,https://www.amazon.com/s?k=9781951056698
Confident Ninja,Mary Nhin,6-10,children_fiction,children,Self-Awareness,"self-esteem,confidence",Ninja Life Hacks,9781951056483,Find out what happens in this comedic book about overcoming low self esteem and poor self confidence.,https://books.google.com/books/content?id=k052zgEACAAJ&printsec=frontcover&img=1&zoom=1&source=gbs_api,,,,,,https://www.amazon.com/s?k=9781951056483
Patient Ninja,Mary Nhin,6-10,children_fiction,children,Self-Management,"impulse-control,frustration",Ninja Life Hacks,9781637314227,"Join in on a fun adventure with the Ninjas on Halloween and find out how a little patience goes a long way! Other ninjas may start to panic, But I stay calm and cool. Because I know thinking before acting Is always a great life rule. Life is tough. But so are you! The children's book series, Ninja Life Hacks, was developed to help children learn valuable life skills. Fun, pint-size characters in…",https://books.google.com/books/content?id=RzBqzwEACAAJ&printsec=frontcover&img=1&zoom=1&source=gbs_api,,,,,,https://www.amazon.com/s?k=9781637314227
Organized Ninja,Mary Nhin,6-10,children_fiction,children,Self-Management,organization,Ninja Life Hacks,9781953399335,"Organized Ninja has a secret weapon he uses against messy habits and disorganization. Find out what happens in this comedic book about the power of the 3 Cs. Life is hard! And it's even harder for children who are just trying to figure things out. The new children's book series, Ninja Life Hacks, was developed to help children learn valuable life skills. Fun, pint-size characters in comedic books…",https://books.google.com/books/content?id=mOTfzQEACAAJ&printsec=frontcover&img=1&zoom=1&source=gbs_api,,,,,,https://www.amazon.com/s?k=9781953399335
Communication Ninja,Mary Nhin,6-10,children_fiction,children,Relationship-Skills,"communication,social-skills",Ninja Life Hacks,9781951056674,"Communication Ninja helps Angry Ninja communicate BIG feelings and shares how active listening leads to better understanding. Find out what happens in this comedic book about listening and communicating effectively. Life is hard! And it's even harder for children who are just trying to figure things out. The new children's book series, Ninja Life Hacks, was developed to help children learn…",https://books.google.com/books/content?id=OX5tzgEACAAJ&printsec=frontcover&img=1&zoom=1&source=gbs_api,,,,,,https://www.amazon.com/s?k=9781951056674
Stressed Ninja,Mary Nhin,6-10,children_fiction,children,Self-Management,"stress,anxiety",Ninja Life Hacks,9781951056650,Stressed Ninja shows us how we can use a simple grounding technique to reduce stress in our everyday lives. Find out what happens in this Ninja Life Hacks book about dealing with stress and anxiety.,https://books.google.com/books/content?id=scRizgEACAAJ&printsec=frontcover&img=1&zoom=1&source=gbs_api,,,,,,https://www.amazon.com/s?k=9781951056650
Smart Ninja,Mary Nhin,6-10,children_fiction,children,Self-Management,growth-mindset,Ninja Life Hacks,9781953399366,"Smart Ninja learns a big lesson about what breeds success and it's not what he initially thinks. Soon, he trades in his fixed mindset in for a growth mindset. Find out what happens when one realizes that effort and hard work determine success more than intelligence and talent. Life is hard! And it's even harder for children who are just trying to figure things out. The new children's book series,…",https://books.google.com/books/content?id=5ev5zQEACAAJ&printsec=frontcover&img=1&zoom=1&source=gbs_api,,,,,,https://www.amazon.com/s?k=9781953399366
Hopeful Ninja,Mary Nhin,6-10,children_fiction,children,Self-Awareness,"optimism,resilience",Ninja Life Hacks,9781953399373,Hopeful Ninja's thoughts were not always so hopeful. It's isn't until she's introduced to a great exercise to reframe her mind that her thinking begins to change for the better. Find out what happens in this Ninja Life Hacks book about finding the silver lining in every situation. Life is hard! And it's even harder for children who are just trying to figure things out. The new children's book…,https://books.google.com/books/content?id=h-76zQEACAAJ&printsec=frontcover&img=1&zoom=1&source=gbs_api,,,,,,https://www.amazon.com/s?k=9781953399373
Worry Ninja,Mary Nhin,6-10,children_fiction,children,Self-Management,"anxiety,stress",Ninja Life Hacks,9781953399076,Help children learn valuable life skills.,https://books.google.com/books/content?id=HIBtzgEACAAJ&printsec=frontcover&img=1&zoom=1&source=gbs_api,,,,,,https://www.amazon.com/s?k=9781953399076
Emotionally Intelligent Ninja,Mary Nhin,6-10,children_fiction,children,Self-Awareness,"emotions,emotional-literacy",Ninja Life Hacks,9781637310038,"Emotionally Intelligent Ninja shows us how to develop emotional intelligence (EQ) by accepting, managing, and expressing emotions. -- Amazon.com.",https://books.google.com/books/content?id=uqkAzwEACAAJ&printsec=frontcover&img=1&zoom=1&source=gbs_api,,,,,,https://www.amazon.com/s?k=9781637310038
Growth Mindset Ninja,Mary Nhin,6-10,children_fiction,children,Self-Management,growth-mindset,Ninja Life Hacks,9781647228101,"Growth Mindset Ninja aims high in this mindful interactive book filled with creative activities, games, and strategies that help kids grow their brains! Life is tough! But so are the kids trying to figure out their BIG emotions and complicated feelings. Growth Mindset Ninja Activity Book features one of the most popular characters from the bestselling book series Ninja Life Hacks in a fun…",https://books.google.com/books/content?id=caeIEAAAQBAJ&printsec=frontcover&img=1&zoom=1&edge=curl&source=gbs_api,,,,,,https://www.amazon.com/s?k=9781647228101
Zen Ninja,Mary Nhin,6-10,children_fiction,children,Self-Management,mindfulness,Ninja Life Hacks,9781637310205,"What do you do when it seems the world is crashing down on you? Follow Zen Ninja's Five Star Breathing and you'll find your zen in no time. Find out what happens in this comedic book about developing your zen. Life is hard! And it's even harder for children who are just trying to figure things out. The new children's book series, Ninja Life Hacks, was developed to help children learn valuable…",https://books.google.com/books/content?id=o98dzgEACAAJ&printsec=frontcover&img=1&zoom=1&source=gbs_api,,,,,,https://www.amazon.com/s?k=9781637310205
Hard-Working Ninja,Mary Nhin,6-10,children_fiction,children,Responsible-Decision-Making,"responsibility,resilience",Ninja Life Hacks,9781637310458,"How do you develop a hard work ethic? Hard-working Ninja finds out you have to value a hard work ethic first! Find out what happens in this new Ninja Life Hacks story about working hard. Life is hard! It's even harder for children who are just trying to figure things out. The new children's book series, Ninja Life Hacks, was developed to help children learn valuable life skills. Fun, pint-size…",https://books.google.com/books/content?id=mCsJ0AEACAAJ&printsec=frontcover&img=1&zoom=1&source=gbs_api,,,,,,https://www.amazon.com/s?k=9781637310458
Humble Ninja,Mary Nhin,6-10,children_fiction,children,Self-Awareness,"self-acceptance,gratitude",Ninja Life Hacks,9781637310809,"Humble Ninja learns how to be more humble. Find out what happens in this comedic book about developing humility. Life is hard! And it's even harder for children who are just trying to figure things out. The new children's book series, Ninja Life Hacks, was developed to help children learn valuable life skills. Fun, pint-size characters in comedic books easy enough for young readers, yet witty…",https://books.google.com/books/content?id=EZsrzgEACAAJ&printsec=frontcover&img=1&zoom=1&source=gbs_api,,,,,,https://www.amazon.com/s?k=9781637310809
Sharing Ninja,Mary Nhin,6-10,children_fiction,children,Relationship-Skills,"sharing,cooperation",Ninja Life Hacks,9781637310564,"Sharing Ninja learns how to share with the help of his buddy. Find out what happens in this comedic book about combating selfishness and considering others' feelings. Life is hard! And it's even harder for children who are just trying to figure things out. The new children's book series, Ninja Life Hacks, was developed to help children learn valuable life skills. Fun, pint-size characters in…",https://books.google.com/books/content?id=mt47zgEACAAJ&printsec=frontcover&img=1&zoom=1&source=gbs_api,,,,,,https://www.amazon.com/s?k=9781637310564
Sad Ninja,Mary Nhin,6-10,children_fiction,children,Self-Management,"sadness,grief,loss",Ninja Life Hacks,9781637310922,"Sad Ninja deals with the loss of his grandmother and his parents getting a divorce. Find out what happens in this SEL book about accepting sad feelings like loss and grief. Life is hard! And it's even harder for children who are just trying to figure things out. The new children's book series, Ninja Life Hacks, was developed to help children learn valuable life skills. Fun, pint-size characters…",https://books.google.com/books/content?id=nps3zgEACAAJ&printsec=frontcover&img=1&zoom=1&source=gbs_api,,,,,,https://www.amazon.com/s?k=9781637310922
Listening Ninja,Mary Nhin,6-10,children_fiction,children,Relationship-Skills,"communication,social-skills",Ninja Life Hacks,9781637311134,"How do you teach a child to listen? In this comedic book, Listening Ninja learns how to listen with her eyes and ears. Life is hard! And it's even harder for children who are just trying to figure things out. The new children's book series, Ninja Life Hacks, was developed to help children learn valuable life skills. Fun, pint-size characters in comedic books easy enough for young readers, yet…",https://books.google.com/books/content?id=qQpWzgEACAAJ&printsec=frontcover&img=1&zoom=1&source=gbs_api,,,,,,https://www.amazon.com/s?k=9781637311134
Lonely Ninja,Mary Nhin,6-10,children_fiction,children,Relationship-Skills,"friendship,social-skills",Ninja Life Hacks,9781637311417,"Nhin was inspired to write a book to help children that are experiencing feelings of loneliness caused by the pandemic and beyond. Lonely Ninja was feeling isolated. He felt blue without anyone to lean on. Find out what happens in this SEL book about loneliness. Life is hard! And it's even harder for children who are just trying to figure things out. The new children's book series, Ninja Life…",https://books.google.com/books/content?id=aURVzgEACAAJ&printsec=frontcover&img=1&zoom=1&source=gbs_api,,,,,,https://www.amazon.com/s?k=9781637311417
Self-Disciplined Ninja,Mary Nhin,6-10,children_fiction,children,Self-Management,"impulse-control,responsibility",Ninja Life Hacks,9781637311448,"Self Disciplined Ninja struggles with breaking bad habits and staying committed to goals.. Find out what happens in this comedic book about improving willpower. Life is hard! And it's even harder for children who are just trying to figure things out. The new children's book series, Ninja Life Hacks, was developed to help children learn valuable life skills. Fun, pint-size characters in comedic…",https://books.google.com/books/content?id=eBxkzgEACAAJ&printsec=frontcover&img=1&zoom=1&source=gbs_api,,,,,,https://www.amazon.com/s?k=9781637311448
Caring Ninja,Mary Nhin,6-10,children_fiction,children,Social-Awareness,"empathy,kindness",Ninja Life Hacks,9781637311547,"How do you teach a child to care and have compassion? Caring Ninja learns how to care and empathize with others. Find out what happens in this comedic children's book about caring. Life is hard! And it's even harder for children who are just trying to figure things out. The new children's book series, Ninja Life Hacks, was developed to help children learn valuable life skills. Fun, pint-size…",https://books.google.com/books/content?id=qlIn0AEACAAJ&printsec=frontcover&img=1&zoom=1&source=gbs_api,,,,,,https://www.amazon.com/s?k=9781637311547
Curious Ninja,Mary Nhin,6-10,children_fiction,children,Self-Management,"growth-mindset,resilience",Ninja Life Hacks,9781637311578,"We've all heard the dreaded words, ""I'm bored."" How do we teach our children to entertain themselves? Curious Ninja may be able to help! Find out what happens in this children's book about battling boredom. Life is hard! And it's even harder for children who are just trying to figure things out. The new children's book series, Ninja Life Hacks, was developed to help children learn valuable life…",https://books.google.com/books/content?id=1Ez-zgEACAAJ&printsec=frontcover&img=1&zoom=1&source=gbs_api,,,,,,https://www.amazon.com/s?k=9781637311578
Nervous Ninja,Mary Nhin,6-10,children_fiction,children,Self-Management,"anxiety,fear",Ninja Life Hacks,9781637311783,"""Do you have a child who experiences nervousness or symptoms of anxiety? Nervous Ninja knows exactly what stress and worry feels like and finds a sweet solution. Find out what happens in this fun social emotional learning SEL book about calming your anxiety and worries.""--Amazon website.",https://books.google.com/books/content?id=OMmEzgEACAAJ&printsec=frontcover&img=1&zoom=1&source=gbs_api,,,,,,https://www.amazon.com/s?k=9781637311783
Problem-Solving Ninja,Mary Nhin,6-10,children_fiction,children,Responsible-Decision-Making,"choices,resilience",Ninja Life Hacks,9781637311776,"Problem Solving Ninja learns how to find solutions using a newly found tool. Find out what happens in this STEM book about developing skills to problem solve. Life is hard! And it's even harder for children who are just trying to figure things out. The new children's book series, Ninja Life Hacks, was developed to help children learn valuable life skills. Fun, pint-size characters in comedic…",https://books.google.com/books/content?id=yutpzgEACAAJ&printsec=frontcover&img=1&zoom=1&source=gbs_api,,,,,,https://www.amazon.com/s?k=9781637311776
Motivated Ninja,Mary Nhin,6-10,children_fiction,children,Responsible-Decision-Making,"responsibility,growth-mindset",Ninja Life Hacks,9781637311967,"What motivates us to do things? Motivation Ninja learns all about how motivation is cultivated in this comedic book for kids by Mary Nhin. Find out what happens in this Ninja Life Hacks book about developing motivation.. Life is hard! And it's even harder for children who are just trying to figure things out. The new children's book series, Ninja Life Hacks, was developed to help children learn…",https://books.google.com/books/content?id=Y-9yzgEACAAJ&printsec=frontcover&img=1&zoom=1&source=gbs_api,,,,,,https://www.amazon.com/s?k=9781637311967
Jealous Ninja,Mary Nhin,6-10,children_fiction,children,Self-Management,"jealousy,emotions",Ninja Life Hacks,9781637312117,"""Do you have a child who is experiencing envy or jealousy? ""It's not fair!"" is an often used phrase when children are feeling jealous. Whether it's social or sibling jealousy, this natural emotion can cause anger, anxiety, and even sadness. Jealous Ninja learns how to change a SMALL mindset into a BIG mindset. Find out how to deal with that green-eyed monster in this Ninja Life Hacks story by…",https://books.google.com/books/content?id=RrXezwEACAAJ&printsec=frontcover&img=1&zoom=1&source=gbs_api,,,,,,https://www.amazon.com/s?k=9781637312117
Impulsive Ninja,Mary Nhin,6-10,children_fiction,children,Self-Management,impulse-control,Ninja Life Hacks,9781637312148,"""Impulsive Ninja learns how to use an underused superpower to respond to frustration, anger, and criticism. Children without impulse control act or talk before they think, often unable to control their initial response to a situation. The ability to self-regulate is absent and they don't pause to think about future consequences. Impulsivity is related to acting without thought. As a result,…",https://books.google.com/books/content?id=hybrzgEACAAJ&printsec=frontcover&img=1&zoom=1&source=gbs_api,,,,,,https://www.amazon.com/s?k=9781637312148
Integrity Ninja,Mary Nhin,6-10,children_fiction,children,Responsible-Decision-Making,"integrity,honesty",Ninja Life Hacks,9781637312292,"Teaching your children good values and integrity is one of the gifts that you can give them that they will keep for the rest of their lives. In this story, ​​​​​​​Integrity Ninja shares how Integrity never goes out of style. Life is tough. But so are you! The new children's book series, Ninja Life Hacks, was developed to help children learn valuable life skills. Fun, pint-size characters in…",https://books.google.com/books/content?id=bD_6zgEACAAJ&printsec=frontcover&img=1&zoom=1&source=gbs_api,,,,,,https://www.amazon.com/s?k=9781637312292
Frustrated Ninja,Mary Nhin,6-10,children_fiction,children,Self-Management,"frustration,anger",Ninja Life Hacks,9781637312322,"How do we help our children when they are experiencing HOT emotions like frustration? The starting point is to acknowledge and accept that the feelings are there. And then, we can begin to respond to them in a calm manner. Frustrated Ninja gets really HOT and bothered by BIG emotions! Find out how Frustrated Ninja recognizes the flames and cools down before it's too late! Life is tough. But so…",https://books.google.com/books/content?id=js-czgEACAAJ&printsec=frontcover&img=1&zoom=1&source=gbs_api,,,,,,https://www.amazon.com/s?k=9781637312322
Disappointed Ninja,Mary Nhin,6-10,children_fiction,children,Self-Management,disappointment,Ninja Life Hacks,9781637312384,Information for children about dealing with disappointment.,https://books.google.com/books/content?id=DgCWzgEACAAJ&printsec=frontcover&img=1&zoom=1&source=gbs_api,,,,,,https://www.amazon.com/s?k=9781637312384
Feelings Ninja,Mary Nhin,6-10,children_fiction,children,Self-Awareness,"emotions,emotional-literacy",Ninja Life Hacks,9781637312391,"Does your child struggle with their feelings and emotions? Feelings can change like a roller coaster. An important step in helping children cope with their emotions is to help them recognize and identify them-all of them. Emotions and feelings aren't right or wrong. They just exist. From positivity to frustration and anger, they are all part of the many emotions we experience. When you help your…",https://books.google.com/books/content?id=cKgn0AEACAAJ&printsec=frontcover&img=1&zoom=1&source=gbs_api,,,,,,https://www.amazon.com/s?k=9781637312391
Supportive Ninja,Mary Nhin,6-10,children_fiction,children,Social-Awareness,"empathy,kindness",Ninja Life Hacks,9781637311691,"""In this book, we learn how Supportive Ninja can help children: understand the importance of supporting each other; learn how to listen, understand, and be empathetic; see that with love and a great support system, the world works better, and that's what we need much more of""--",https://books.google.com/books/content?id=HFjxzgEACAAJ&printsec=frontcover&img=1&zoom=1&source=gbs_api,,,,,,https://www.amazon.com/s?k=9781637311691
Respectful Ninja,Mary Nhin,6-10,children_fiction,children,Relationship-Skills,"manners,cooperation",Ninja Life Hacks,9781637313015,"Respectful Ninja learns that showing respect is when you care how your actions impact others and the world. Find out how the Ninjas show and give respect. Life is tough. But so are you! The children's book series, Ninja Life Hacks, was developed to help children learn valuable life skills. Fun, pint-size characters in comedic books easy enough for young readers, yet witty enough for adults. The…",https://books.google.com/books/content?id=viUn0AEACAAJ&printsec=frontcover&img=1&zoom=1&source=gbs_api,,,,,,https://www.amazon.com/s?k=9781637313015
Nick and the Brick Builder Challenge,Jen Malia,6-10,children_fiction,children,Relationship-Skills,"cooperation,social-skills",Beaming Books,9781506485959,"If Nick wants to win the brick builder challenge, he'll have to find a way to work with a partner.",https://books.google.com/books/content?id=6NfPEAAAQBAJ&printsec=frontcover&img=1&zoom=1&edge=curl&source=gbs_api,,,,,,https://www.amazon.com/s?k=9781506485959
Violet and the Jurassic Land Exhibit,Jen Malia,6-10,children_fiction,children,Self-Management,"anxiety,resilience",Beaming Books,9781506485980,"The Infinity Rainbow Club is volunteering at the local natural history museum where Violet's parents work. Violet loves setting up the new augmented reality exhibit, but she worries that something will go wrong. Her OCD has her repeatedly checking for errors. Can Violet find a way to trust her work and enjoy the exhibit? The Infinity Rainbow Club is a chapter book series featuring five…",https://books.google.com/books/content?id=XBilEAAAQBAJ&printsec=frontcover&img=1&zoom=1&edge=curl&source=gbs_api,,,,,,https://www.amazon.com/s?k=9781506485980
Remembering Sundays with Grandpa,Lauren H. Kerstein,6-8,children_fiction,children,Self-Management,"grief,loss",Beaming Books,9781506487410,"When Henry and his mom miss Grandpa after his death, they remember his love in all his favorite places.",https://books.google.com/books/content?id=cjTYEAAAQBAJ&printsec=frontcover&img=1&zoom=1&edge=curl&source=gbs_api,,,,,,https://www.amazon.com/s?k=9781506487410
Kaia's Big Felines,Aura Lewis,6-8,children_fiction,children,Self-Awareness,"emotions,emotional-literacy",Beaming Books,9781506488233,"Kaia experiences all kinds of emotions, and she relates them to various types of cats. Cheetah is fast and fearless, Leopard loves the spotlight, but Tiger has a temper. When Kaia's felines become overwhelming, she takes some time to herself to rest and reset. An engaging look at emotional intelligence through traits of cats.",https://books.google.com/books/content?id=YBilEAAAQBAJ&printsec=frontcover&img=1&zoom=1&edge=curl&source=gbs_api,,,,,,https://www.amazon.com/s?k=9781506488233
Kiki Kicks,Jane Yolen & Ariel Stemple,6-8,children_fiction,children,Social-Awareness,"bullying,self-esteem,confidence",Beaming Books,9781506485638,A story of self-empowerment at a martial arts studio.,https://books.google.com/books/content?id=cDTYEAAAQBAJ&printsec=frontcover&img=1&zoom=1&edge=curl&source=gbs_api,,,,,,https://www.amazon.com/s?k=9781506485638
Be Your Own Bird,Russ Willms,6-8,children_fiction,children,Self-Management,"mindfulness,self-acceptance,confidence",Beaming Books,9781506487601,"Pickles is a bird of a different feather. While the rest of the flock sticks together, Pickles does her own thing. They practice their downward spirals; Pickles practices her downward dog. They chatter away; Pickles meditates. But when danger arrives, Pickles is the only bird who isn't scared. Will the flock learn from Pickles, or will they all become hawk soup? Full of humor--and even some bird…",https://books.google.com/books/content?id=XhilEAAAQBAJ&printsec=frontcover&img=1&zoom=1&edge=curl&source=gbs_api,,,,,,https://www.amazon.com/s?k=9781506487601
Superheroes Don't Babysit,Amber Hendricks,6-8,children_fiction,children,Relationship-Skills,"siblings,conflict",Beaming Books,9781506470627,"Superheroes leap buildings, chase bad guys, and save the city from the evil Emperor Zog. Superheroes DON'T babysit. Except when their dad asks them to. In an epic battle of sibling rivalry, will this superhero finally meet her match? Or will she find exactly what she's been missing all along? In Superheroes Don't Babysit, author Amber Hendricks tells a story full of humor and heart, and…",https://books.google.com/books/content?id=b2nhDwAAQBAJ&printsec=frontcover&img=1&zoom=1&edge=curl&source=gbs_api,,,,,,https://www.amazon.com/s?k=9781506470627
Big Bear Was Not the Same,Joanna Rowland,6-8,children_fiction,children,Self-Management,"anxiety,fear,resilience",Beaming Books,9781506471426,"A soft introduction to PTSD for young readers, from the bestselling author of The Memory Box Little Bear loves the woods, his home, and going on adventures with his best friend, Big Bear. Big Bear is so big and strong and brave. He always protects Little Bear and helps him feel safe. Then something scary happens to Big Bear. He's caught in a forest fire. Even after he escapes and is safe, Little…",https://books.google.com/books/content?id=LJwXEAAAQBAJ&printsec=frontcover&img=1&zoom=1&edge=curl&source=gbs_api,,,,,,https://www.amazon.com/s?k=9781506471426
Simon the Hugger,Stacy B. Davids,6-8,children_fiction,children,Responsible-Decision-Making,"body-safety,social-skills",Beaming Books,9781506483535,"Simon the sloth loves to hug. He hugs plants. He hugs rocks. He hugs his friends. He even hugs himself! So when his best friend, Elsa the jaguar, and others around him start saying no to his hugs, he is crushed. Why wouldn't someone want to be hugged? After being rejected several times, he learns that both he and his friends need to want a hug at the same time so they both feel comfortable. This…",https://books.google.com/books/content?id=Ar9dEAAAQBAJ&printsec=frontcover&img=1&zoom=1&edge=curl&source=gbs_api,,,,,,https://www.amazon.com/s?k=9781506483535
Little Mole Goes to School,Glenys Nellist,6-8,children_fiction,children,Self-Awareness,"self-esteem,school-anxiety",Beaming Books,9781506483511,"Little Mole is back, and this time he's off to school in an encouraging story about being yourself that makes this the perfect book for any child going back to school this year. It's Little Mole's first day of school, and he's nervous. What if he is the last to know his alphabet? What if he's not good at anything? With a good bit of anxiety, Little Mole heads to class and begins to compare…",https://books.google.com/books/content?id=AL9dEAAAQBAJ&printsec=frontcover&img=1&zoom=1&edge=curl&source=gbs_api,5,1,,,,https://www.amazon.com/s?k=9781506483511
Little Mole Finds Hope,Glenys Nellist,6-8,children_fiction,children,Self-Management,"resilience,optimism",Beaming Books,9781506470559,"Bestselling author Glenys Nellist tells the heartwarming story of a young mole whose mother shows him how to recognize one of the most important values: hope that endures, through even the coldest of winters. When Little Mole is feeling sad in his dark, underground home, his mother shows him how to look for hope. He finds that signs of spring are everywhere, from the daffodil bulbs under the soil…",https://books.google.com/books/content?id=Q2jhDwAAQBAJ&printsec=frontcover&img=1&zoom=1&edge=curl&source=gbs_api,,,,,,https://www.amazon.com/s?k=9781506470559
Penguins Don't Wear Pink,Jeffrey Turner,6-8,children_fiction,children,Responsible-Decision-Making,"peer-pressure,self-acceptance,identity",Beaming Books,9781506471501,"Henry the penguin adores all things pink. Whether it's lemonade, a bicycle, or his favorite hat, Henry stays true to what he loves . . . until a schoolmate suggests that he looks ridiculous in his beloved pink hat. Peer pressure erodes his confidence, causing Henry to question himself. Although he wavers, Henry finds the strength to remain steadfast in embracing his love of pink regardless of…",https://books.google.com/books/content?id=8r5dEAAAQBAJ&printsec=frontcover&img=1&zoom=1&edge=curl&source=gbs_api,,,,,,https://www.amazon.com/s?k=9781506471501
Ish,Peter H. Reynolds,6-9,children_fiction,children,Self-Management,"perfectionism,self-acceptance,growth-mindset",Candlewick,9780763623449,"Ramon loses confidence in his ability to draw, but his sister gives him a new perspective on things.",https://books.google.com/books/content?id=q9klHyMN8ZkC&printsec=frontcover&img=1&zoom=1&edge=curl&source=gbs_api,4.5,5,,,,https://www.amazon.com/s?k=9780763623449
Beautiful Oops!,Barney Saltzberg,6-8,children_fiction,children,Self-Management,"perfectionism,growth-mindset,resilience",Workman Publishing,9780761157281,"A life lesson that all parents want their children to learn: It’s OK to make a mistake. In fact, hooray for mistakes! A mistake is an adventure in creativity, a portal of discovery. A spill doesn’t ruin a drawing—not when it becomes the shape of a goofy animal. And an accidental tear in your paper? Don’t be upset about it when you can turn it into the roaring mouth of an alligator. An award…",https://books.google.com/books/content?id=NZDsOKEm4hUC&printsec=frontcover&img=1&zoom=1&edge=curl&source=gbs_api,5,1,,,,https://www.amazon.com/s?k=9780761157281
Last Stop on Market Street,Matt de la Peña,6-8,children_fiction,children,Social-Awareness,"empathy,gratitude,perspective-taking",Putnam,9780698173347,"#1 New York Times Bestseller A USA Today Bestseller Winner of the Newbery Medal A Caldecott Honor Book A Coretta Scott King Illustrator Honor Book This award-winning modern classic—a must-have for every child’s home library—is an inclusive ode to kindness, empathy, gratitude, and finding joy in unexpected places, and celebrates the special bond between a curious young boy and his loving…",https://books.google.com/books/content?id=5cz5AwAAQBAJ&printsec=frontcover&img=1&zoom=1&edge=curl&source=gbs_api,4.5,2,,,,https://www.amazon.com/s?k=9780698173347
Each Kindness,Jacqueline Woodson,6-9,children_fiction,children,Social-Awareness,"kindness,empathy,forgiveness",Nancy Paulsen Books,9780593353752,"WINNER OF A CORETTA SCOTT KING HONOR AND THE JANE ADDAMS PEACE AWARD! Each kindness makes the world a little better This unforgettable book is written and illustrated by the award-winning team that created The Other Side and the Caldecott Honor winner Coming On Home Soon. With its powerful anti-bullying message and striking art, it will resonate with readers long after they've put it down. Chloe…",https://books.google.com/books/content?id=FjnyDwAAQBAJ&printsec=frontcover&img=1&zoom=1&edge=curl&source=gbs_api,,,,,,https://www.amazon.com/s?k=9780593353752
The Recess Queen,Alexis O'Neill,6-9,children_fiction,children,Social-Awareness,"bullying,friendship,kindness",Scholastic,9781338113471,"An irrepressible new girl dethrones the reigning recess bully by becoming her friend in this infectious playground romp. Mean Jean was Recess Queen and nobody said any different.Nobody swung until Mean Jean swung.Nobody kicked until Mean Jean kicked.Nobody bounced until Mean Jean bounced.If kids ever crossed her, she'd push 'em and smoosh 'emlollapaloosh 'em, hammer 'em, slammer 'emkitz and…",https://books.google.com/books/content?id=3NO-CwAAQBAJ&printsec=frontcover&img=1&zoom=1&edge=curl&source=gbs_api,,,,,,https://www.amazon.com/s?k=9781338113471
Front Desk,Kelly Yang,8-12,children_fiction,children,Self-Management,"resilience,identity,courage",Scholastic,9781531160388,,https://books.google.com/books/content?id=Oo8wzgEACAAJ&printsec=frontcover&img=1&zoom=1&source=gbs_api,,,,,,https://www.amazon.com/s?k=9781531160388
Because of Winn-Dixie,Kate DiCamillo,8-12,children_fiction,children,Relationship-Skills,"friendship,grief,loss,resilience",Candlewick,9781536222180,"The #1 New York Times bestseller and beloved classic includes an afterword from the author and an introduction by Ann Patchett. One summer’s day, ten-year-old India Opal Buloni goes down to the local supermarket for some groceries—and comes home with a dog. But Winn-Dixie is no ordinary dog. It’s because of Winn-Dixie that Opal begins to make friends. And it’s because of Winn-Dixie that she…",https://books.google.com/books/content?id=V6f-DwAAQBAJ&printsec=frontcover&img=1&zoom=1&edge=curl&source=gbs_api,,,,,,https://www.amazon.com/s?k=9781536222180
The One and Only Ivan,Katherine Applegate,8-12,children_fiction,children,Social-Awareness,"empathy,resilience,courage",HarperCollins,9781667076843,"When Ivan, a gorilla who has lived for years in a down-and-out circus-themed mall, meets Ruby, a baby elephant that has been added to the mall, he decides that he must find her a better life.",https://books.google.com/books/content?id=iFXPzgEACAAJ&printsec=frontcover&img=1&zoom=1&source=gbs_api,,,,,,https://www.amazon.com/s?k=9781667076843
Harriet the Spy,Louise Fitzhugh,8-12,children_fiction,children,Relationship-Skills,"social-skills,honesty,friendship",Delacorte Press,9780593482322,"Soon to be an Apple TV+ animated series starring Golden Globe nominee Beanie Feldstein and Emmy Award winner Jane Lynch, it's no secret that Harriet the Spy is a timeless classic that kids will love! Harriet M. Welsch is a spy. In her notebook, she writes down everything she knows about everyone, even her classmates and her best friends. Then Harriet loses track of her notebook, and it ends up in…",https://books.google.com/books/content?id=-81rEAAAQBAJ&printsec=frontcover&img=1&zoom=1&edge=curl&source=gbs_api,,,,,,https://www.amazon.com/s?k=9780593482322
Charlotte's Web,E.B. White,8-12,children_fiction,children,Relationship-Skills,"friendship,grief,loss,empathy",HarperCollins,9780064410939,"Beloved by generations, Charlotte's Web and Stuart Little are two of the most cherished stories of all time. Now, for the first time ever, these treasured classics are available in lavish new collectors' editions. In addition to a larger trim size, the original black-and-white art by Garth Williams has been lovingly colorized by renowned illustrator Rosemary Wells, adding another dimension to…",https://books.google.com/books/content?id=Knx-xeDs72sC&printsec=frontcover&img=1&zoom=1&edge=curl&source=gbs_api,4.5,4,,,,https://www.amazon.com/s?k=9780064410939
Roller Girl,Victoria Jamieson,8-12,children_fiction,children,Relationship-Skills,"friendship,confidence,resilience,conflict",Dial Books,9780803740167,"""A graphic novel adventure about a girl who discovers roller derby right as she and her best friend are growing apart""--",https://books.google.com/books/content?id=wHHaCwAAQBAJ&printsec=frontcover&img=1&zoom=1&edge=curl&source=gbs_api,,,,,,https://www.amazon.com/s?k=9780803740167
El Deafo,Cece Bell,8-12,children_fiction,children,Self-Awareness,"self-acceptance,friendship,identity,resilience",Amulet Books,9781613126219,"#1 New York Times Bestseller! Now an Apple+ Animated TV Series! Winner, John Newbery Medal What does it take for a student with hearing loss and a hearing aid to become a superhero!!?!? Starting at a new school is scary, especially with a giant hearing aid strapped to your chest! At her old school, everyone in Cece’s class was deaf. Here, she’s different. She’s sure the kids are staring at the…",https://books.google.com/books/content?id=avsKBAAAQBAJ&printsec=frontcover&img=1&zoom=1&edge=curl&source=gbs_api,4.5,31,,,,https://www.amazon.com/s?k=9781613126219
Smile,Raina Telgemeier,8-12,children_fiction,children,Self-Awareness,"self-esteem,friendship,resilience,school-anxiety",Scholastic,9780545780018,"Raina Telgemeier's #1 New York Times bestselling, Eisner Award-winning graphic memoir based on her childhood! Raina just wants to be a normal sixth grader. But one night after Girl Scouts she trips and falls, severely injuring her two front teeth. What follows is a long and frustrating journey with on-again, off-again braces, surgery, embarrassing headgear, and even a retainer with fake teeth…",https://books.google.com/books/content?id=IQ8fAwAAQBAJ&printsec=frontcover&img=1&zoom=1&edge=curl&source=gbs_api,4.5,64,,,,https://www.amazon.com/s?k=9780545780018
Sisters,Raina Telgemeier,8-12,children_fiction,children,Relationship-Skills,"siblings,conflict,family,resilience",Scholastic,9780545540667,"Raina Telgemeier’s #1 New York Times bestselling, Eisner Award-winning companion to Smile! Raina can't wait to be a big sister. But once Amara is born, things aren't quite how she expected them to be. Amara is cute, but she's also a cranky, grouchy baby, and mostly prefers to play by herself. Their relationship doesn't improve much over the years, but when a baby brother enters the picture and…",https://books.google.com/books/content?id=kc9jAwAAQBAJ&printsec=frontcover&img=1&zoom=1&edge=curl&source=gbs_api,4,55,,,,https://www.amazon.com/s?k=9780545540667
Drama,Raina Telgemeier,8-12,children_fiction,children,Relationship-Skills,"friendship,identity,cooperation,conflict",Scholastic,9780545779968,"From Raina Telgemeier, the #1 New York Times bestselling, multiple Eisner Award-winning author of Smile and Sisters! Callie loves theater. And while she would totally try out for her middle school's production of Moon over Mississippi, she can't really sing. Instead she's the set designer for the drama department's stage crew, and this year she's determined to create a set worthy of Broadway on a…",https://books.google.com/books/content?id=1w4fAwAAQBAJ&printsec=frontcover&img=1&zoom=1&edge=curl&source=gbs_api,4,59,,,,https://www.amazon.com/s?k=9780545779968
Hilo: The Boy Who Crashed to Earth,Judd Winick,6-10,children_fiction,children,Relationship-Skills,"friendship,identity,courage",Random House,9780241706442,,https://books.google.com/books/content?id=3Rqz0AEACAAJ&printsec=frontcover&img=1&zoom=1&source=gbs_api,,,,,,https://www.amazon.com/s?k=9780241706442
Squish: Super Amoeba,Jennifer L. Holm,6-10,children_fiction,children,Social-Awareness,"bullying,friendship,resilience",Random House,9781613833490,"Squish, a meek amoeba who loves the comic book exploits of his favorite hero, Super Amoeba, tries to emulate him when his best friend is threatened by a bully.",,,,,,,https://www.amazon.com/s?k=9781613833490
How to Talk So Kids Will Listen & Listen So Kids Will Talk,Adele Faber & Elaine Mazlish,parents,parenting,parents,Relationship-Skills,"communication,emotions,conflict",Expert,9781853407055,"A guide to practical and effective communication with children. The authors share insights and suggestions to help break the pattern of arguments and cope with your child's negative feelings, express your anger without being hurtful, engage your child's cooperation, set clear limits and maintain goodwill, use alternatives to punishment and resolve conflicts.",https://books.google.com/books/content?id=G-OvQgAACAAJ&printsec=frontcover&img=1&zoom=1&source=gbs_api,,,,,,https://www.amazon.com/s?k=9781853407055
The Whole-Brain Child,Daniel J. Siegel & Tina Payne Bryson,parents,parenting,parents,Self-Management,"anger,anxiety,emotions,resilience",Expert,9781532723780,"Summary of The Whole-Brain Child by Daniel J. Siegel and Tina Payne Bryson | Includes Analysis Preview: The Whole-Brain Child by Daniel J. Siegel and Tina Payne Bryson offers recommendations for a whole-brain approach to parenting. This approach emphasizes the importance of integrating the four quadrants of a child's brain, whether in challenging or joyous moments. Geared toward the brain…",https://books.google.com/books/content?id=21OiDAEACAAJ&printsec=frontcover&img=1&zoom=1&source=gbs_api,,,,,,https://www.amazon.com/s?k=9781532723780
The Explosive Child,Ross W. Greene,parents,parenting,parents,Self-Management,"anger,impulse-control,conflict",Expert,9780063092471,"Dr. Ross Greene provides a compassionate, practical approach to treating -explosive' children. Rather than viewing their behavior as willfully disobedient, he draws upon recent advances in the neurosciences and his extensive experience working with challenging children at Massachusetts General Hospital/Harvard Medical School in explaining that the difficulties of these children stem from…",https://books.google.com/books/content?id=zH0JEAAAQBAJ&printsec=frontcover&img=1&zoom=1&edge=curl&source=gbs_api,,,,,,https://www.amazon.com/s?k=9780063092471
Raising an Emotionally Intelligent Child,John M. Gottman,parents,parenting,parents,Self-Awareness,"emotions,emotional-literacy",Expert,9781439126165,Intelligence That Comes from the Heart Every parent knows the importance of equipping children with the intellectual skills they need to succeed in school and life. But children also need to master their emotions. Raising an Emotionally Intelligent Child is a guide to teaching children to understand and regulate their emotional world. And as acclaimed psychologist and researcher John Gottman…,https://books.google.com/books/content?id=rbbY0J7dpZkC&printsec=frontcover&img=1&zoom=1&edge=curl&source=gbs_api,2,1,,,,https://www.amazon.com/s?k=9781439126165
Playful Parenting,Lawrence J. Cohen,parents,parenting,parents,Self-Awareness,"confidence,friendship,social-skills",Expert,9780345442864,"Have you ever stepped back to watch what really goes on when your children play? As psychologist Lawrence J. Cohen points out, play is children’s way of exploring the world, communicating deep feelings, getting close to those they care about, working through stressful situations, and simply blowing off steam. That’s why “playful parenting” is so important and so successful in building strong,…",https://books.google.com/books/content?id=T8lvDwAAQBAJ&printsec=frontcover&img=1&zoom=1&edge=curl&source=gbs_api,,,,,,https://www.amazon.com/s?k=9780345442864
"Confident Parents, Confident Kids",Jennifer Miller,parents,parenting,parents,Self-Awareness,"emotions,self-esteem,resilience",Expert,9781592339044,"Confident Parents, Confident Kids lays out an approach for helping parents—and the kids they love—hone their emotional intelligence so that they can make wise choices, connect and communicate well with others (even when patience is thin), and become socially conscious and confident human beings. How do we raise a happy, confident kid? And how can we be confident that our parenting is preparing…",https://books.google.com/books/content?id=pH67DwAAQBAJ&printsec=frontcover&img=1&zoom=1&edge=curl&source=gbs_api,,,,,,https://www.amazon.com/s?k=9781592339044
No-Drama Discipline,Daniel J. Siegel & Tina Payne Bryson,parents,parenting,parents,Self-Management,"anger,impulse-control,emotions",Expert,9781690406853,"No-Drama Discipline: The Whole-Brain Way to Calm the Chaos and Nurture Your Child's Developing Mind by Daniel J. Siegel - Book Summary - Abbey Beathan (Disclaimer: This is NOT the original book.) An effective roadmap that will teach you all about discipline and how to react properly to your child's misbehaviour. Are you struggling to deal with your child's tantrums, tears and tense moments?…",https://books.google.com/books/content?id=z5VAyQEACAAJ&printsec=frontcover&img=1&zoom=1&source=gbs_api,,,,,,https://www.amazon.com/s?k=9781690406853
The Anxious Child,Michael S. Brody,parents,parenting,parents,Self-Management,"anxiety,fear",Expert,,"When your child struggles with worry, fear, or avoidance, it can feel overwhelming—for both of you. You want to help, but you may not know where to start or worry you’ll say the wrong thing. This book is your steady, judgment-free companion. Drawing on evidence-based strategies from child psychology and neuroscience, it explains what anxiety actually looks like in kids from toddlers to teens—and…",https://books.google.com/books/content?id=Te_sEQAAQBAJ&printsec=frontcover&img=1&zoom=1&edge=curl&source=gbs_api,,,,,,https://www.amazon.com/s?k=The+Anxious+Child+Michael+S.+Brody&i=stripbooks
Freeing Your Child from Anxiety,Tamar Chansky,parents,parenting,parents,Self-Management,"anxiety,fear",Expert,9780804139816,"A proven approach to helping children build emotional resilience for a happier and healthier life Childhood should be a happy and carefree time, yet too many children and teens are stressed-out and exhibiting symptoms of anxiety. Parents everywhere want to know: How can you recognize when stress has crossed over into a full-blown anxiety disorder? How can you prevent anxiety from taking root? And…",https://books.google.com/books/content?id=dozIAgAAQBAJ&printsec=frontcover&img=1&zoom=1&edge=curl&source=gbs_api,,,,,,https://www.amazon.com/s?k=9780804139816
